[CTRL] Starting...
[CTRL] Output dir: /home/diya/wildfire_sim/data_seed6/thermal_delay_50ms
[CTRL] TEMP_THRESHOLD=100.0  TIME_WINDOW=0.5s  (pair dt must be <= 0.5s AND <= 2000.0ms sync threshold)
[CTRL] Monitor: window=10.0s  stop_if_drop>50%
[CTRL] Expected rates: thermal=2.0Hz  imagery=2.0Hz
[CTRL] Phase 4 rolling window: K=5  confirm=2
[CTRL] GPS sync: buffer=10  threshold=2000.0ms
[MONITOR] Waiting 5s for workers to connect...
[SERVER] THERMAL listening on 0.0.0.0:5001
[SERVER] IMAGERY listening on 0.0.0.0:5002
[SERVER] IMAGERY connection from ('10.0.0.3', 53314)
[SERVER] THERMAL connection from ('10.0.0.2', 52726)
[MONITOR] up=10s window=10s thermal=not_started imagery=not_started
[MONITOR] up=20s window=10s thermal=not_started imagery=not_started
[MONITOR] up=30s window=10s thermal=not_started imagery=not_started
[MONITOR] up=40s window=10s thermal=not_started imagery=not_started
[MONITOR] up=50s window=10s thermal=not_started imagery=not_started
[MONITOR] up=60s window=10s thermal=not_started imagery=not_started
[MONITOR] up=70s window=10s thermal=not_started imagery=not_started
[MONITOR] up=80s window=10s thermal=not_started imagery=not_started
[MONITOR] up=90s window=10s thermal=not_started imagery=not_started
[MONITOR] up=100s window=10s thermal=not_started imagery=not_started
[MONITOR] up=110s window=10s thermal=not_started imagery=not_started
[MONITOR] up=120s window=10s thermal=not_started imagery=not_started
[MONITOR] up=130s window=10s thermal=not_started imagery=not_started
[MONITOR] up=140s window=10s thermal=not_started imagery=not_started
[MONITOR] up=150s window=10s thermal=not_started imagery=not_started
[MONITOR] up=160s window=10s thermal=not_started imagery=not_started
[MONITOR] up=170s window=10s thermal=not_started imagery=not_started
[MONITOR] up=180s window=10s thermal=not_started imagery=not_started
[MONITOR] up=190s window=10s thermal=not_started imagery=not_started
[MONITOR] up=200s window=10s thermal=not_started imagery=not_started
[MONITOR] up=210s window=10s thermal=not_started imagery=not_started
[MONITOR] up=220s window=10s thermal=not_started imagery=not_started
[MONITOR] up=230s window=10s thermal=not_started imagery=not_started
[MONITOR] up=240s window=10s thermal=not_started imagery=not_started
[MONITOR] up=250s window=10s thermal=not_started imagery=not_started
[MONITOR] up=260s window=10s thermal=not_started imagery=not_started
[MONITOR] up=270s window=10s thermal=not_started imagery=not_started
[MONITOR] up=280s window=10s thermal=not_started imagery=not_started
[MONITOR] up=290s window=10s thermal=not_started imagery=not_started
[MONITOR] up=300s window=10s thermal=not_started imagery=not_started
[MONITOR] up=310s window=10s thermal=not_started imagery=not_started
[MONITOR] up=320s window=10s thermal=not_started imagery=not_started
[MONITOR] up=330s window=10s thermal=not_started imagery=not_started
[MONITOR] up=340s window=10s thermal=not_started imagery=not_started
[MONITOR] up=350s window=10s thermal=not_started imagery=not_started
[MONITOR] up=360s window=10s thermal=not_started imagery=not_started
[MONITOR] up=370s window=10s thermal=not_started imagery=not_started
[MONITOR] up=380s window=10s thermal=not_started imagery=not_started
[MONITOR] up=390s window=10s thermal=not_started imagery=not_started
[MONITOR] up=400s window=10s thermal=not_started imagery=not_started
[MONITOR] up=410s window=10s thermal=not_started imagery=not_started
[MONITOR] up=420s window=10s thermal=not_started imagery=not_started
[MONITOR] up=430s window=10s thermal=not_started imagery=not_started
[MONITOR] up=440s window=10s thermal=not_started imagery=not_started
[MONITOR] up=450s window=10s thermal=not_started imagery=not_started
[MONITOR] up=460s window=10s thermal=not_started imagery=not_started
[MONITOR] up=470s window=10s thermal=not_started imagery=not_started
[MONITOR] up=480s window=10s thermal=not_started imagery=not_started
[MONITOR] up=490s window=10s thermal=not_started imagery=not_started
[MONITOR] up=500s window=10s thermal=not_started imagery=not_started
[MONITOR] up=510s window=10s thermal=not_started imagery=not_started
[MONITOR] up=520s window=10s thermal=not_started imagery=not_started
[MONITOR] up=530s window=10s thermal=not_started imagery=not_started
[MONITOR] up=540s window=10s thermal=not_started imagery=not_started
[MONITOR] up=550s window=10s thermal=not_started imagery=not_started
[MONITOR] up=560s window=10s thermal=not_started imagery=not_started
[MONITOR] up=570s window=10s thermal=not_started imagery=not_started
[MONITOR] up=589625s window=10s thermal=not_started imagery=not_started
[MONITOR] up=589635s window=10s thermal=not_started imagery=not_started
[MONITOR] up=589645s window=10s thermal=not_started imagery=not_started
[MONITOR] up=589655s window=10s thermal=not_started imagery=not_started
[MONITOR] up=589665s window=10s thermal=not_started imagery=not_started
[MONITOR] up=589675s window=10s thermal=not_started imagery=not_started
[MONITOR] up=589685s window=10s thermal=not_started imagery=not_started
[MONITOR] up=589695s window=10s thermal=not_started imagery=not_started
[MONITOR] up=589705s window=10s thermal=not_started imagery=not_started
[MONITOR] up=589715s window=10s thermal=not_started imagery=not_started
[MONITOR] up=589725s window=10s thermal=not_started imagery=not_started
[MONITOR] up=589735s window=10s thermal=not_started imagery=not_started
[MONITOR] up=589745s window=10s thermal=not_started imagery=not_started
[MONITOR] up=589755s window=10s thermal=not_started imagery=not_started
[MONITOR] up=589765s window=10s thermal=not_started imagery=not_started
[MONITOR] up=589775s window=10s thermal=not_started imagery=not_started
[MONITOR] up=589785s window=10s thermal=not_started imagery=not_started
[MONITOR] up=589795s window=10s thermal=not_started imagery=not_started
[MONITOR] up=589805s window=10s thermal=not_started imagery=not_started
[MONITOR] up=589815s window=10s thermal=not_started imagery=not_started
[MONITOR] up=589825s window=10s thermal=not_started imagery=not_started
[MONITOR] up=589835s window=10s thermal=not_started imagery=not_started
[MONITOR] up=589845s window=10s thermal=not_started imagery=not_started
[MONITOR] up=589855s window=10s thermal=not_started imagery=not_started
[MONITOR] up=589865s window=10s thermal=not_started imagery=not_started
[MONITOR] up=589875s window=10s thermal=not_started imagery=not_started
[MONITOR] up=589885s window=10s thermal=not_started imagery=not_started
[MONITOR] up=589895s window=10s thermal=not_started imagery=not_started
[MONITOR] up=589905s window=10s thermal=not_started imagery=not_started
[MONITOR] up=589915s window=10s thermal=not_started imagery=not_started
[MONITOR] up=589925s window=10s thermal=not_started imagery=not_started
[MONITOR] up=589935s window=10s thermal=not_started imagery=not_started
[MONITOR] up=589945s window=10s thermal=not_started imagery=not_started
[MONITOR] up=589955s window=10s thermal=not_started imagery=not_started
[MONITOR] up=589965s window=10s thermal=not_started imagery=not_started
[MONITOR] up=589975s window=10s thermal=not_started imagery=not_started
[MONITOR] up=589985s window=10s thermal=not_started imagery=not_started
[MONITOR] up=589995s window=10s thermal=not_started imagery=not_started
[MONITOR] up=590005s window=10s thermal=not_started imagery=not_started
[MONITOR] up=590015s window=10s thermal=not_started imagery=not_started
[MONITOR] up=590025s window=10s thermal=not_started imagery=not_started
[MONITOR] up=590035s window=10s thermal=not_started imagery=not_started
[MONITOR] up=590045s window=10s thermal=not_started imagery=not_started
[MONITOR] up=590055s window=10s thermal=not_started imagery=not_started
[MONITOR] up=590065s window=10s thermal=not_started imagery=not_started
[MONITOR] up=590075s window=10s thermal=not_started imagery=not_started
[MONITOR] up=590085s window=10s thermal=not_started imagery=not_started
[MONITOR] up=590095s window=10s thermal=not_started imagery=not_started
[MONITOR] up=590105s window=10s thermal=not_started imagery=not_started
[MONITOR] up=590116s window=10s thermal=not_started imagery=not_started
[MONITOR] up=590126s window=10s thermal=not_started imagery=not_started
[MONITOR] up=590136s window=10s thermal=not_started imagery=not_started
[MONITOR] up=590146s window=10s thermal=not_started imagery=not_started
[MONITOR] up=590156s window=10s thermal=not_started imagery=not_started
[MONITOR] up=590166s window=10s thermal=not_started imagery=not_started
[MONITOR] up=590176s window=10s thermal=not_started imagery=not_started
[MONITOR] up=590186s window=10s thermal=not_started imagery=not_started
[MONITOR] up=590196s window=10s thermal=not_started imagery=not_started
[MONITOR] up=590206s window=10s thermal=not_started imagery=not_started
[MONITOR] up=590216s window=10s thermal=not_started imagery=not_started
[MONITOR] up=590226s window=10s thermal=not_started imagery=not_started
[MONITOR] up=590236s window=10s thermal=not_started imagery=not_started
[MONITOR] up=590246s window=10s thermal=not_started imagery=not_started
[MONITOR] up=590256s window=10s thermal=not_started imagery=not_started
[MONITOR] up=590266s window=10s thermal=not_started imagery=not_started
[MONITOR] up=590276s window=10s thermal=not_started imagery=not_started
[MONITOR] up=590286s window=10s thermal=not_started imagery=not_started
[MONITOR] up=590296s window=10s thermal=not_started imagery=not_started
[MONITOR] up=590306s window=10s thermal=not_started imagery=not_started
[MONITOR] up=590316s window=10s thermal=not_started imagery=not_started
[MONITOR] up=590326s window=10s thermal=not_started imagery=not_started
[MONITOR] up=590336s window=10s thermal=not_started imagery=not_started
[MONITOR] up=590346s window=10s thermal=not_started imagery=not_started
[MONITOR] up=590356s window=10s thermal=not_started imagery=not_started
[MONITOR] up=590366s window=10s thermal=not_started imagery=not_started
[MONITOR] up=590376s window=10s thermal=not_started imagery=not_started
[MONITOR] up=590386s window=10s thermal=not_started imagery=not_started
[MONITOR] up=590396s window=10s thermal=not_started imagery=not_started
[MONITOR] up=590406s window=10s thermal=not_started imagery=not_started
[MONITOR] up=590416s window=10s thermal=not_started imagery=not_started
[MONITOR] up=590426s window=10s thermal=not_started imagery=not_started
[MONITOR] up=590436s window=10s thermal=not_started imagery=not_started
[MONITOR] up=590446s window=10s thermal=not_started imagery=not_started
[MONITOR] up=590456s window=10s thermal=not_started imagery=not_started
[MONITOR] up=590466s window=10s thermal=not_started imagery=not_started
[MONITOR] up=590476s window=10s thermal=not_started imagery=not_started
[MONITOR] up=590486s window=10s thermal=not_started imagery=not_started
[MONITOR] up=590496s window=10s thermal=not_started imagery=not_started
[MONITOR] up=590506s window=10s thermal=not_started imagery=not_started
[MONITOR] up=590516s window=10s thermal=not_started imagery=not_started
[MONITOR] up=590526s window=10s thermal=not_started imagery=not_started
[MONITOR] up=590536s window=10s thermal=not_started imagery=not_started
[MONITOR] up=590546s window=10s thermal=not_started imagery=not_started
[MONITOR] up=590556s window=10s thermal=not_started imagery=not_started
[MONITOR] up=590566s window=10s thermal=not_started imagery=not_started
[MONITOR] up=590576s window=10s thermal=not_started imagery=not_started
[MONITOR] up=590586s window=10s thermal=not_started imagery=not_started
[MONITOR] up=590596s window=10s thermal=not_started imagery=not_started
[MONITOR] up=590606s window=10s thermal=not_started imagery=not_started
[MONITOR] up=590616s window=10s thermal=not_started imagery=not_started
[MONITOR] up=590626s window=10s thermal=not_started imagery=not_started
[MONITOR] up=590636s window=10s thermal=not_started imagery=not_started
[MONITOR] up=590646s window=10s thermal=not_started imagery=not_started
[MONITOR] up=590656s window=10s thermal=not_started imagery=not_started
[MONITOR] up=590666s window=10s thermal=not_started imagery=not_started
[MONITOR] up=590676s window=10s thermal=not_started imagery=not_started
[MONITOR] up=590686s window=10s thermal=not_started imagery=not_started
[MONITOR] up=590696s window=10s thermal=not_started imagery=not_started
[MONITOR] up=590706s window=10s thermal=not_started imagery=not_started
[MONITOR] up=590716s window=10s thermal=not_started imagery=not_started
[MONITOR] up=590726s window=10s thermal=not_started imagery=not_started
[MONITOR] up=590736s window=10s thermal=not_started imagery=not_started
[MONITOR] up=590746s window=10s thermal=not_started imagery=not_started
[MONITOR] up=590756s window=10s thermal=not_started imagery=not_started
[MONITOR] up=590766s window=10s thermal=not_started imagery=not_started
[MONITOR] up=590776s window=10s thermal=not_started imagery=not_started
[MONITOR] up=590786s window=10s thermal=not_started imagery=not_started
[MONITOR] up=590796s window=10s thermal=not_started imagery=not_started
[MONITOR] up=590806s window=10s thermal=not_started imagery=not_started
[MONITOR] up=590816s window=10s thermal=not_started imagery=not_started
[MONITOR] up=590826s window=10s thermal=not_started imagery=not_started
[MONITOR] up=590836s window=10s thermal=not_started imagery=not_started
[MONITOR] up=590846s window=10s thermal=not_started imagery=not_started
[MONITOR] up=590856s window=10s thermal=not_started imagery=not_started
[MONITOR] up=590866s window=10s thermal=not_started imagery=not_started
[MONITOR] up=590876s window=10s thermal=not_started imagery=not_started
[MONITOR] up=590886s window=10s thermal=not_started imagery=not_started
[MONITOR] up=590896s window=10s thermal=not_started imagery=not_started
[MONITOR] up=590906s window=10s thermal=not_started imagery=not_started
[MONITOR] up=590916s window=10s thermal=not_started imagery=not_started
[MONITOR] up=590926s window=10s thermal=not_started imagery=not_started
[MONITOR] up=590936s window=10s thermal=not_started imagery=not_started
[MONITOR] up=590946s window=10s thermal=not_started imagery=not_started
[MONITOR] up=590956s window=10s thermal=not_started imagery=not_started
[MONITOR] up=590966s window=10s thermal=not_started imagery=not_started
[MONITOR] up=590976s window=10s thermal=not_started imagery=not_started
[MONITOR] up=590986s window=10s thermal=not_started imagery=not_started
[MONITOR] up=590996s window=10s thermal=not_started imagery=not_started
[MONITOR] up=591006s window=10s thermal=not_started imagery=not_started
[MONITOR] up=591016s window=10s thermal=not_started imagery=not_started
[MONITOR] up=591026s window=10s thermal=not_started imagery=not_started
[MONITOR] up=591036s window=10s thermal=not_started imagery=not_started
[MONITOR] up=591046s window=10s thermal=not_started imagery=not_started
[MONITOR] up=591056s window=10s thermal=not_started imagery=not_started
[MONITOR] up=591066s window=10s thermal=not_started imagery=not_started
[MONITOR] up=591076s window=10s thermal=not_started imagery=not_started
[MONITOR] up=591086s window=10s thermal=not_started imagery=not_started
[MONITOR] up=591096s window=10s thermal=not_started imagery=not_started
[MONITOR] up=591106s window=10s thermal=not_started imagery=not_started
[MONITOR] up=591116s window=10s thermal=not_started imagery=not_started
[MONITOR] up=591126s window=10s thermal=not_started imagery=not_started
[MONITOR] up=591136s window=10s thermal=not_started imagery=not_started
[MONITOR] up=591146s window=10s thermal=not_started imagery=not_started
[MONITOR] up=591156s window=10s thermal=not_started imagery=not_started
[MONITOR] up=591166s window=10s thermal=not_started imagery=not_started
[MONITOR] up=591176s window=10s thermal=not_started imagery=not_started
[MONITOR] up=591186s window=10s thermal=not_started imagery=not_started
[MONITOR] up=591196s window=10s thermal=not_started imagery=not_started
[MONITOR] up=591206s window=10s thermal=not_started imagery=not_started
[MONITOR] up=591216s window=10s thermal=not_started imagery=not_started
[MONITOR] up=591226s window=10s thermal=not_started imagery=not_started
[MONITOR] up=591236s window=10s thermal=not_started imagery=not_started
[MONITOR] up=591246s window=10s thermal=not_started imagery=not_started
[MONITOR] up=591256s window=10s thermal=not_started imagery=not_started
[MONITOR] up=591266s window=10s thermal=not_started imagery=not_started
[MONITOR] up=591276s window=10s thermal=not_started imagery=not_started
[MONITOR] up=591286s window=10s thermal=not_started imagery=not_started
[MONITOR] up=591296s window=10s thermal=not_started imagery=not_started
[MONITOR] up=591306s window=10s thermal=not_started imagery=not_started
[MONITOR] up=591316s window=10s thermal=not_started imagery=not_started
[MONITOR] up=591326s window=10s thermal=not_started imagery=not_started
[MONITOR] up=591336s window=10s thermal=not_started imagery=not_started
[MONITOR] up=591346s window=10s thermal=not_started imagery=not_started
[MONITOR] up=591356s window=10s thermal=not_started imagery=not_started
[MONITOR] up=591366s window=10s thermal=not_started imagery=not_started
[MONITOR] up=591376s window=10s thermal=not_started imagery=not_started
[MONITOR] up=591386s window=10s thermal=not_started imagery=not_started
[MONITOR] up=591396s window=10s thermal=not_started imagery=not_started
[MONITOR] up=591406s window=10s thermal=not_started imagery=not_started
[MONITOR] up=591416s window=10s thermal=not_started imagery=not_started
[MONITOR] up=591426s window=10s thermal=not_started imagery=not_started
[MONITOR] up=591436s window=10s thermal=not_started imagery=not_started
[MONITOR] up=591446s window=10s thermal=not_started imagery=not_started
[MONITOR] up=591456s window=10s thermal=not_started imagery=not_started
[MONITOR] up=591466s window=10s thermal=not_started imagery=not_started
[MONITOR] up=591476s window=10s thermal=not_started imagery=not_started
[MONITOR] up=591486s window=10s thermal=not_started imagery=not_started
[MONITOR] up=591496s window=10s thermal=not_started imagery=not_started
[MONITOR] up=591506s window=10s thermal=not_started imagery=not_started
[MONITOR] up=591516s window=10s thermal=not_started imagery=not_started
[MONITOR] up=591526s window=10s thermal=not_started imagery=not_started
[MONITOR] up=591536s window=10s thermal=not_started imagery=not_started
[MONITOR] up=591546s window=10s thermal=not_started imagery=not_started
[MONITOR] up=591556s window=10s thermal=not_started imagery=not_started
[MONITOR] up=591566s window=10s thermal=not_started imagery=not_started
[MONITOR] up=591576s window=10s thermal=not_started imagery=not_started
[MONITOR] up=591586s window=10s thermal=not_started imagery=not_started
[MONITOR] up=591596s window=10s thermal=not_started imagery=not_started
[MONITOR] up=591606s window=10s thermal=not_started imagery=not_started
[MONITOR] up=591616s window=10s thermal=not_started imagery=not_started
[MONITOR] up=591626s window=10s thermal=not_started imagery=not_started
[MONITOR] up=591636s window=10s thermal=not_started imagery=not_started
[MONITOR] up=591646s window=10s thermal=not_started imagery=not_started
[MONITOR] up=591656s window=10s thermal=not_started imagery=not_started
[MONITOR] up=591666s window=10s thermal=not_started imagery=not_started
[MONITOR] up=591676s window=10s thermal=not_started imagery=not_started
[MONITOR] up=591686s window=10s thermal=not_started imagery=not_started
[MONITOR] up=591696s window=10s thermal=not_started imagery=not_started
[MONITOR] up=591706s window=10s thermal=not_started imagery=not_started
[MONITOR] up=591716s window=10s thermal=not_started imagery=not_started
[MONITOR] up=591726s window=10s thermal=not_started imagery=not_started
[MONITOR] up=591736s window=10s thermal=not_started imagery=not_started
[MONITOR] up=591746s window=10s thermal=not_started imagery=not_started
[MONITOR] up=591756s window=10s thermal=not_started imagery=not_started
[MONITOR] up=591766s window=10s thermal=not_started imagery=not_started
[MONITOR] up=591776s window=10s thermal=not_started imagery=not_started
[MONITOR] up=591786s window=10s thermal=not_started imagery=not_started
[MONITOR] up=591796s window=10s thermal=not_started imagery=not_started
[MONITOR] up=591806s window=10s thermal=not_started imagery=not_started
[MONITOR] up=591816s window=10s thermal=not_started imagery=not_started
[MONITOR] up=591826s window=10s thermal=not_started imagery=not_started
[MONITOR] up=591836s window=10s thermal=not_started imagery=not_started
[MONITOR] up=591846s window=10s thermal=not_started imagery=not_started
[MONITOR] up=591856s window=10s thermal=not_started imagery=not_started
[MONITOR] up=591866s window=10s thermal=not_started imagery=not_started
[MONITOR] up=591876s window=10s thermal=not_started imagery=not_started
[MONITOR] up=591886s window=10s thermal=not_started imagery=not_started
[MONITOR] up=591896s window=10s thermal=not_started imagery=not_started
[MONITOR] up=591906s window=10s thermal=not_started imagery=not_started
[MONITOR] up=591916s window=10s thermal=not_started imagery=not_started
[MONITOR] up=591926s window=10s thermal=not_started imagery=not_started
[MONITOR] up=591936s window=10s thermal=not_started imagery=not_started
[MONITOR] up=591946s window=10s thermal=not_started imagery=not_started
[MONITOR] up=591956s window=10s thermal=not_started imagery=not_started
[MONITOR] up=591966s window=10s thermal=not_started imagery=not_started
[MONITOR] up=591976s window=10s thermal=not_started imagery=not_started
[MONITOR] up=591986s window=10s thermal=not_started imagery=not_started
[MONITOR] up=591996s window=10s thermal=not_started imagery=not_started
[MONITOR] up=592006s window=10s thermal=not_started imagery=not_started
[MONITOR] up=592016s window=10s thermal=not_started imagery=not_started
[MONITOR] up=592026s window=10s thermal=not_started imagery=not_started
[MONITOR] up=592036s window=10s thermal=not_started imagery=not_started
[MONITOR] up=592046s window=10s thermal=not_started imagery=not_started
[MONITOR] up=592056s window=10s thermal=not_started imagery=not_started
[MONITOR] up=592066s window=10s thermal=not_started imagery=not_started
[MONITOR] up=592076s window=10s thermal=not_started imagery=not_started
[MONITOR] up=592086s window=10s thermal=not_started imagery=not_started
[MONITOR] up=592096s window=10s thermal=not_started imagery=not_started
[MONITOR] up=592106s window=10s thermal=not_started imagery=not_started
[MONITOR] up=592116s window=10s thermal=not_started imagery=not_started
[MONITOR] up=592126s window=10s thermal=not_started imagery=not_started
[MONITOR] up=592136s window=10s thermal=not_started imagery=not_started
[MONITOR] up=592146s window=10s thermal=not_started imagery=not_started
[MONITOR] up=592156s window=10s thermal=not_started imagery=not_started
[MONITOR] up=592166s window=10s thermal=not_started imagery=not_started
[MONITOR] up=592176s window=10s thermal=not_started imagery=not_started
[MONITOR] up=592186s window=10s thermal=not_started imagery=not_started
[MONITOR] up=592196s window=10s thermal=not_started imagery=not_started
[MONITOR] up=592206s window=10s thermal=not_started imagery=not_started
[MONITOR] up=592216s window=10s thermal=not_started imagery=not_started
[MONITOR] up=592226s window=10s thermal=not_started imagery=not_started
[MONITOR] up=592236s window=10s thermal=not_started imagery=not_started
[MONITOR] up=592246s window=10s thermal=not_started imagery=not_started
[MONITOR] up=592256s window=10s thermal=not_started imagery=not_started
[MONITOR] up=592266s window=10s thermal=not_started imagery=not_started
[MONITOR] up=592276s window=10s thermal=not_started imagery=not_started
[MONITOR] up=592286s window=10s thermal=not_started imagery=not_started
[MONITOR] up=592296s window=10s thermal=not_started imagery=not_started
[MONITOR] up=592306s window=10s thermal=not_started imagery=not_started
[MONITOR] up=592316s window=10s thermal=not_started imagery=not_started
[MONITOR] up=592326s window=10s thermal=not_started imagery=not_started
[MONITOR] up=592336s window=10s thermal=not_started imagery=not_started
[MONITOR] up=592346s window=10s thermal=not_started imagery=not_started
[MONITOR] up=592356s window=10s thermal=not_started imagery=not_started
[MONITOR] up=592366s window=10s thermal=not_started imagery=not_started
[MONITOR] up=592376s window=10s thermal=not_started imagery=not_started
[MONITOR] up=592386s window=10s thermal=not_started imagery=not_started
[MONITOR] up=592396s window=10s thermal=not_started imagery=not_started
[MONITOR] up=592406s window=10s thermal=not_started imagery=not_started
[MONITOR] up=592416s window=10s thermal=not_started imagery=not_started
[MONITOR] up=592426s window=10s thermal=not_started imagery=not_started
[MONITOR] up=592436s window=10s thermal=not_started imagery=not_started
[MONITOR] up=592446s window=10s thermal=not_started imagery=not_started
[MONITOR] up=592456s window=10s thermal=not_started imagery=not_started
[MONITOR] up=592466s window=10s thermal=not_started imagery=not_started
[MONITOR] up=592476s window=10s thermal=not_started imagery=not_started
[MONITOR] up=592486s window=10s thermal=not_started imagery=not_started
[MONITOR] up=592496s window=10s thermal=not_started imagery=not_started
[MONITOR] up=592506s window=10s thermal=not_started imagery=not_started
[MONITOR] up=592516s window=10s thermal=not_started imagery=not_started
[MONITOR] up=592526s window=10s thermal=not_started imagery=not_started
[MONITOR] up=592536s window=10s thermal=not_started imagery=not_started
[MONITOR] up=592546s window=10s thermal=not_started imagery=not_started
[MONITOR] up=592556s window=10s thermal=not_started imagery=not_started
[MONITOR] up=592566s window=10s thermal=not_started imagery=not_started
[MONITOR] up=592576s window=10s thermal=not_started imagery=not_started
[MONITOR] up=592586s window=10s thermal=not_started imagery=not_started
[MONITOR] up=592596s window=10s thermal=not_started imagery=not_started
[MONITOR] up=592606s window=10s thermal=not_started imagery=not_started
[MONITOR] up=592616s window=10s thermal=not_started imagery=not_started
[MONITOR] up=592626s window=10s thermal=not_started imagery=not_started
[MONITOR] up=592636s window=10s thermal=not_started imagery=not_started
[MONITOR] up=592646s window=10s thermal=not_started imagery=not_started
[MONITOR] up=592656s window=10s thermal=not_started imagery=not_started
[MONITOR] up=592666s window=10s thermal=not_started imagery=not_started
[MONITOR] up=592676s window=10s thermal=not_started imagery=not_started
[MONITOR] up=592686s window=10s thermal=not_started imagery=not_started
[MONITOR] up=592696s window=10s thermal=not_started imagery=not_started
[MONITOR] up=592706s window=10s thermal=not_started imagery=not_started
[MONITOR] up=592716s window=10s thermal=not_started imagery=not_started
[MONITOR] up=592726s window=10s thermal=not_started imagery=not_started
[MONITOR] up=592736s window=10s thermal=not_started imagery=not_started
[MONITOR] up=592746s window=10s thermal=not_started imagery=not_started
[MONITOR] up=592756s window=10s thermal=not_started imagery=not_started
[MONITOR] up=592766s window=10s thermal=not_started imagery=not_started
[MONITOR] up=592776s window=10s thermal=not_started imagery=not_started
[MONITOR] up=592786s window=10s thermal=not_started imagery=not_started
[MONITOR] up=592796s window=10s thermal=not_started imagery=not_started
[MONITOR] up=592806s window=10s thermal=not_started imagery=not_started
[MONITOR] up=592816s window=10s thermal=not_started imagery=not_started
[MONITOR] up=592826s window=10s thermal=not_started imagery=not_started
[MONITOR] up=592836s window=10s thermal=not_started imagery=not_started
[MONITOR] up=592846s window=10s thermal=not_started imagery=not_started
[MONITOR] up=592856s window=10s thermal=not_started imagery=not_started
[MONITOR] up=592866s window=10s thermal=not_started imagery=not_started
[MONITOR] up=592876s window=10s thermal=not_started imagery=not_started
[MONITOR] up=592886s window=10s thermal=not_started imagery=not_started
[MONITOR] up=592896s window=10s thermal=not_started imagery=not_started
[MONITOR] up=592906s window=10s thermal=not_started imagery=not_started
[MONITOR] up=592916s window=10s thermal=not_started imagery=not_started
[MONITOR] up=592926s window=10s thermal=not_started imagery=not_started
[MONITOR] up=592936s window=10s thermal=not_started imagery=not_started
[MONITOR] up=592946s window=10s thermal=not_started imagery=not_started
[MONITOR] up=592956s window=10s thermal=not_started imagery=not_started
[MONITOR] up=592966s window=10s thermal=not_started imagery=not_started
[MONITOR] up=592976s window=10s thermal=not_started imagery=not_started
[MONITOR] up=592986s window=10s thermal=not_started imagery=not_started
[MONITOR] up=592996s window=10s thermal=not_started imagery=not_started
[MONITOR] up=593006s window=10s thermal=not_started imagery=not_started
[MONITOR] up=593016s window=10s thermal=not_started imagery=not_started
[MONITOR] up=593026s window=10s thermal=not_started imagery=not_started
[MONITOR] up=593036s window=10s thermal=not_started imagery=not_started
[MONITOR] up=593046s window=10s thermal=not_started imagery=not_started
[MONITOR] up=593056s window=10s thermal=not_started imagery=not_started
[MONITOR] up=593066s window=10s thermal=not_started imagery=not_started
[MONITOR] up=593076s window=10s thermal=not_started imagery=not_started
[MONITOR] up=593086s window=10s thermal=not_started imagery=not_started
[MONITOR] up=593096s window=10s thermal=not_started imagery=not_started
[MONITOR] up=593106s window=10s thermal=not_started imagery=not_started
[MONITOR] up=593116s window=10s thermal=not_started imagery=not_started
[MONITOR] up=593126s window=10s thermal=not_started imagery=not_started
[MONITOR] up=593136s window=10s thermal=not_started imagery=not_started
[MONITOR] up=593146s window=10s thermal=not_started imagery=not_started
[MONITOR] up=593156s window=10s thermal=not_started imagery=not_started
[MONITOR] up=593166s window=10s thermal=not_started imagery=not_started
[MONITOR] up=593176s window=10s thermal=not_started imagery=not_started
[MONITOR] up=593186s window=10s thermal=not_started imagery=not_started
[MONITOR] up=593196s window=10s thermal=not_started imagery=not_started
[MONITOR] up=593206s window=10s thermal=not_started imagery=not_started
[MONITOR] up=593216s window=10s thermal=not_started imagery=not_started
[MONITOR] up=593226s window=10s thermal=not_started imagery=not_started
[MONITOR] up=593236s window=10s thermal=not_started imagery=not_started
[MONITOR] up=593246s window=10s thermal=not_started imagery=not_started
[MONITOR] up=593256s window=10s thermal=not_started imagery=not_started
[MONITOR] up=593266s window=10s thermal=not_started imagery=not_started
[MONITOR] up=593276s window=10s thermal=not_started imagery=not_started
[MONITOR] up=593286s window=10s thermal=not_started imagery=not_started
[MONITOR] up=593296s window=10s thermal=not_started imagery=not_started
[MONITOR] up=593306s window=10s thermal=not_started imagery=not_started
[MONITOR] up=593316s window=10s thermal=not_started imagery=not_started
[MONITOR] up=593326s window=10s thermal=not_started imagery=not_started
[MONITOR] up=593336s window=10s thermal=not_started imagery=not_started
[MONITOR] up=593346s window=10s thermal=not_started imagery=not_started
[MONITOR] up=593356s window=10s thermal=not_started imagery=not_started
[MONITOR] up=593366s window=10s thermal=not_started imagery=not_started
[MONITOR] up=593376s window=10s thermal=not_started imagery=not_started
[MONITOR] up=593386s window=10s thermal=not_started imagery=not_started
[MONITOR] up=593396s window=10s thermal=not_started imagery=not_started
[MONITOR] up=593406s window=10s thermal=not_started imagery=not_started
[MONITOR] up=593416s window=10s thermal=not_started imagery=not_started
[MONITOR] up=593426s window=10s thermal=not_started imagery=not_started
[MONITOR] up=593436s window=10s thermal=not_started imagery=not_started
[MONITOR] up=593446s window=10s thermal=not_started imagery=not_started
[MONITOR] up=593456s window=10s thermal=not_started imagery=not_started
[MONITOR] up=593466s window=10s thermal=not_started imagery=not_started
[MONITOR] up=593476s window=10s thermal=not_started imagery=not_started
[MONITOR] up=593486s window=10s thermal=not_started imagery=not_started
[MONITOR] up=593496s window=10s thermal=not_started imagery=not_started
[MONITOR] up=593506s window=10s thermal=not_started imagery=not_started
[MONITOR] up=593516s window=10s thermal=not_started imagery=not_started
[MONITOR] up=593526s window=10s thermal=not_started imagery=not_started
[MONITOR] up=593536s window=10s thermal=not_started imagery=not_started
[MONITOR] up=593546s window=10s thermal=not_started imagery=not_started
[MONITOR] up=593556s window=10s thermal=not_started imagery=not_started
[MONITOR] up=593566s window=10s thermal=not_started imagery=not_started
[MONITOR] up=593576s window=10s thermal=not_started imagery=not_started
[MONITOR] up=593586s window=10s thermal=not_started imagery=not_started
[MONITOR] up=593596s window=10s thermal=not_started imagery=not_started
[MONITOR] up=593606s window=10s thermal=not_started imagery=not_started
[MONITOR] up=593616s window=10s thermal=not_started imagery=not_started
[MONITOR] up=593626s window=10s thermal=not_started imagery=not_started
[MONITOR] up=593636s window=10s thermal=not_started imagery=not_started
[MONITOR] up=593646s window=10s thermal=not_started imagery=not_started
[MONITOR] up=593656s window=10s thermal=not_started imagery=not_started
[MONITOR] up=593666s window=10s thermal=not_started imagery=not_started
[MONITOR] up=593676s window=10s thermal=not_started imagery=not_started
[MONITOR] up=593686s window=10s thermal=not_started imagery=not_started
[MONITOR] up=593696s window=10s thermal=not_started imagery=not_started
[MONITOR] up=593706s window=10s thermal=not_started imagery=not_started
[MONITOR] up=593716s window=10s thermal=not_started imagery=not_started
[MONITOR] up=593726s window=10s thermal=not_started imagery=not_started
[MONITOR] up=593736s window=10s thermal=not_started imagery=not_started
[MONITOR] up=593746s window=10s thermal=not_started imagery=not_started
[MONITOR] up=593756s window=10s thermal=not_started imagery=not_started
[MONITOR] up=593766s window=10s thermal=not_started imagery=not_started
[MONITOR] up=593776s window=10s thermal=not_started imagery=not_started
[MONITOR] up=593786s window=10s thermal=not_started imagery=not_started
[MONITOR] up=593796s window=10s thermal=not_started imagery=not_started
[MONITOR] up=593806s window=10s thermal=not_started imagery=not_started
[MONITOR] up=593816s window=10s thermal=not_started imagery=not_started
[MONITOR] up=593826s window=10s thermal=not_started imagery=not_started
[MONITOR] up=593836s window=10s thermal=not_started imagery=not_started
[MONITOR] up=593846s window=10s thermal=not_started imagery=not_started
[MONITOR] up=593856s window=10s thermal=not_started imagery=not_started
[MONITOR] up=593866s window=10s thermal=not_started imagery=not_started
[MONITOR] up=593876s window=10s thermal=not_started imagery=not_started
[MONITOR] up=593886s window=10s thermal=not_started imagery=not_started
[MONITOR] up=593896s window=10s thermal=not_started imagery=not_started
[MONITOR] up=593906s window=10s thermal=not_started imagery=not_started
[MONITOR] up=593916s window=10s thermal=not_started imagery=not_started
[MONITOR] up=593926s window=10s thermal=not_started imagery=not_started
[MONITOR] up=593936s window=10s thermal=not_started imagery=not_started
[MONITOR] up=593946s window=10s thermal=not_started imagery=not_started
[MONITOR] up=593956s window=10s thermal=not_started imagery=not_started
[MONITOR] up=593966s window=10s thermal=not_started imagery=not_started
[MONITOR] up=593976s window=10s thermal=not_started imagery=not_started
[MONITOR] up=593986s window=10s thermal=not_started imagery=not_started
[MONITOR] up=593996s window=10s thermal=not_started imagery=not_started
[MONITOR] up=594006s window=10s thermal=not_started imagery=not_started
[MONITOR] up=594016s window=10s thermal=not_started imagery=not_started
[MONITOR] up=594026s window=10s thermal=not_started imagery=not_started
[MONITOR] up=594036s window=10s thermal=not_started imagery=not_started
[MONITOR] up=594046s window=10s thermal=not_started imagery=not_started
[MONITOR] up=594056s window=10s thermal=not_started imagery=not_started
[MONITOR] up=594066s window=10s thermal=not_started imagery=not_started
[MONITOR] up=594076s window=10s thermal=not_started imagery=not_started
[MONITOR] up=594086s window=10s thermal=not_started imagery=not_started
[MONITOR] up=594096s window=10s thermal=not_started imagery=not_started
[MONITOR] up=594106s window=10s thermal=not_started imagery=not_started
[MONITOR] up=594116s window=10s thermal=not_started imagery=not_started
[MONITOR] up=594126s window=10s thermal=not_started imagery=not_started
[MONITOR] up=594136s window=10s thermal=not_started imagery=not_started
[MONITOR] up=594146s window=10s thermal=not_started imagery=not_started
[MONITOR] up=594156s window=10s thermal=not_started imagery=not_started
[MONITOR] up=594166s window=10s thermal=not_started imagery=not_started
[MONITOR] up=594176s window=10s thermal=not_started imagery=not_started
[MONITOR] up=594186s window=10s thermal=not_started imagery=not_started
[MONITOR] up=594196s window=10s thermal=not_started imagery=not_started
[MONITOR] up=594206s window=10s thermal=not_started imagery=not_started
[MONITOR] up=594216s window=10s thermal=not_started imagery=not_started
[MONITOR] up=594226s window=10s thermal=not_started imagery=not_started
[MONITOR] up=594236s window=10s thermal=not_started imagery=not_started
[MONITOR] up=594246s window=10s thermal=not_started imagery=not_started
[MONITOR] up=594256s window=10s thermal=not_started imagery=not_started
[MONITOR] up=594266s window=10s thermal=not_started imagery=not_started
[MONITOR] up=594276s window=10s thermal=not_started imagery=not_started
[MONITOR] up=594286s window=10s thermal=not_started imagery=not_started
[MONITOR] up=594296s window=10s thermal=not_started imagery=not_started
[MONITOR] up=594306s window=10s thermal=not_started imagery=not_started
[MONITOR] up=594316s window=10s thermal=not_started imagery=not_started
[MONITOR] up=594326s window=10s thermal=not_started imagery=not_started
[MONITOR] up=594336s window=10s thermal=not_started imagery=not_started
[MONITOR] up=594346s window=10s thermal=not_started imagery=not_started
[MONITOR] up=594356s window=10s thermal=not_started imagery=not_started
[MONITOR] up=594366s window=10s thermal=not_started imagery=not_started
[MONITOR] up=594376s window=10s thermal=not_started imagery=not_started
[MONITOR] up=594386s window=10s thermal=not_started imagery=not_started
[MONITOR] up=594396s window=10s thermal=not_started imagery=not_started
[MONITOR] up=594406s window=10s thermal=not_started imagery=not_started
[MONITOR] up=594416s window=10s thermal=not_started imagery=not_started
[MONITOR] up=594426s window=10s thermal=not_started imagery=not_started
[MONITOR] up=594436s window=10s thermal=not_started imagery=not_started
[MONITOR] up=594446s window=10s thermal=not_started imagery=not_started
[MONITOR] up=594456s window=10s thermal=not_started imagery=not_started
[MONITOR] up=594466s window=10s thermal=not_started imagery=not_started
[MONITOR] up=594476s window=10s thermal=not_started imagery=not_started
[MONITOR] up=594486s window=10s thermal=not_started imagery=not_started
[MONITOR] up=594496s window=10s thermal=not_started imagery=not_started
[MONITOR] up=594506s window=10s thermal=not_started imagery=not_started
[MONITOR] up=594516s window=10s thermal=not_started imagery=not_started
[MONITOR] up=594526s window=10s thermal=not_started imagery=not_started
[MONITOR] up=594536s window=10s thermal=not_started imagery=not_started
[MONITOR] up=594546s window=10s thermal=not_started imagery=not_started
[MONITOR] up=594556s window=10s thermal=not_started imagery=not_started
[MONITOR] up=594566s window=10s thermal=not_started imagery=not_started
[MONITOR] up=594576s window=10s thermal=not_started imagery=not_started
[MONITOR] up=594586s window=10s thermal=not_started imagery=not_started
[MONITOR] up=594596s window=10s thermal=not_started imagery=not_started
[MONITOR] up=594606s window=10s thermal=not_started imagery=not_started
[MONITOR] up=594616s window=10s thermal=not_started imagery=not_started
[MONITOR] up=594626s window=10s thermal=not_started imagery=not_started
[MONITOR] up=594636s window=10s thermal=not_started imagery=not_started
[MONITOR] up=594646s window=10s thermal=not_started imagery=not_started
[MONITOR] up=594656s window=10s thermal=not_started imagery=not_started
[MONITOR] up=594666s window=10s thermal=not_started imagery=not_started
[MONITOR] up=594676s window=10s thermal=not_started imagery=not_started
[MONITOR] up=594686s window=10s thermal=not_started imagery=not_started
[MONITOR] up=594696s window=10s thermal=not_started imagery=not_started
[MONITOR] up=594706s window=10s thermal=not_started imagery=not_started
[MONITOR] up=594716s window=10s thermal=not_started imagery=not_started
[MONITOR] up=594726s window=10s thermal=not_started imagery=not_started
[MONITOR] up=594736s window=10s thermal=not_started imagery=not_started
[MONITOR] up=594746s window=10s thermal=not_started imagery=not_started
[MONITOR] up=594756s window=10s thermal=not_started imagery=not_started
[MONITOR] up=594766s window=10s thermal=not_started imagery=not_started
[MONITOR] up=594776s window=10s thermal=not_started imagery=not_started
[MONITOR] up=594786s window=10s thermal=not_started imagery=not_started
[MONITOR] up=594796s window=10s thermal=not_started imagery=not_started
[MONITOR] up=594806s window=10s thermal=not_started imagery=not_started
[MONITOR] up=594816s window=10s thermal=not_started imagery=not_started
[MONITOR] up=594826s window=10s thermal=not_started imagery=not_started
[MONITOR] up=594836s window=10s thermal=not_started imagery=not_started
[MONITOR] up=594846s window=10s thermal=not_started imagery=not_started
[MONITOR] up=594856s window=10s thermal=not_started imagery=not_started
[MONITOR] up=594866s window=10s thermal=not_started imagery=not_started
[MONITOR] up=594876s window=10s thermal=not_started imagery=not_started
[MONITOR] up=594886s window=10s thermal=not_started imagery=not_started
[MONITOR] up=594896s window=10s thermal=not_started imagery=not_started
[MONITOR] up=594906s window=10s thermal=not_started imagery=not_started
[MONITOR] up=594916s window=10s thermal=not_started imagery=not_started
[MONITOR] up=594926s window=10s thermal=not_started imagery=not_started
[MONITOR] up=594936s window=10s thermal=not_started imagery=not_started
[MONITOR] up=594946s window=10s thermal=not_started imagery=not_started
[MONITOR] up=594956s window=10s thermal=not_started imagery=not_started
[MONITOR] up=594966s window=10s thermal=not_started imagery=not_started
[MONITOR] up=594976s window=10s thermal=not_started imagery=not_started
[MONITOR] up=594986s window=10s thermal=not_started imagery=not_started
[MONITOR] up=594996s window=10s thermal=not_started imagery=not_started
[MONITOR] up=595006s window=10s thermal=not_started imagery=not_started
[MONITOR] up=595016s window=10s thermal=not_started imagery=not_started
[MONITOR] up=595026s window=10s thermal=not_started imagery=not_started
[MONITOR] up=595036s window=10s thermal=not_started imagery=not_started
[MONITOR] up=595046s window=10s thermal=not_started imagery=not_started
[MONITOR] up=595056s window=10s thermal=not_started imagery=not_started
[MONITOR] up=595066s window=10s thermal=not_started imagery=not_started
[MONITOR] up=595076s window=10s thermal=not_started imagery=not_started
[MONITOR] up=595086s window=10s thermal=not_started imagery=not_started
[MONITOR] up=595096s window=10s thermal=not_started imagery=not_started
[MONITOR] up=595106s window=10s thermal=not_started imagery=not_started
[MONITOR] up=595116s window=10s thermal=not_started imagery=not_started
[MONITOR] up=595126s window=10s thermal=not_started imagery=not_started
[MONITOR] up=595136s window=10s thermal=not_started imagery=not_started
[MONITOR] up=595146s window=10s thermal=not_started imagery=not_started
[MONITOR] up=595156s window=10s thermal=not_started imagery=not_started
[MONITOR] up=595166s window=10s thermal=not_started imagery=not_started
[MONITOR] up=595176s window=10s thermal=not_started imagery=not_started
[MONITOR] up=595186s window=10s thermal=not_started imagery=not_started
[MONITOR] up=595196s window=10s thermal=not_started imagery=not_started
[MONITOR] up=595206s window=10s thermal=not_started imagery=not_started
[MONITOR] up=595216s window=10s thermal=not_started imagery=not_started
[MONITOR] up=595226s window=10s thermal=not_started imagery=not_started
[MONITOR] up=595236s window=10s thermal=not_started imagery=not_started
[MONITOR] up=595246s window=10s thermal=not_started imagery=not_started
[MONITOR] up=595256s window=10s thermal=not_started imagery=not_started
[MONITOR] up=595266s window=10s thermal=not_started imagery=not_started
[MONITOR] up=595276s window=10s thermal=not_started imagery=not_started
[MONITOR] up=595286s window=10s thermal=not_started imagery=not_started
[MONITOR] up=595296s window=10s thermal=not_started imagery=not_started
[MONITOR] up=595306s window=10s thermal=not_started imagery=not_started
[MONITOR] up=595316s window=10s thermal=not_started imagery=not_started
[MONITOR] up=595326s window=10s thermal=not_started imagery=not_started
[MONITOR] up=595336s window=10s thermal=not_started imagery=not_started
[MONITOR] up=595346s window=10s thermal=not_started imagery=not_started
[MONITOR] up=595356s window=10s thermal=not_started imagery=not_started
[MONITOR] up=595366s window=10s thermal=not_started imagery=not_started
[MONITOR] up=595376s window=10s thermal=not_started imagery=not_started
[MONITOR] up=595386s window=10s thermal=not_started imagery=not_started
[MONITOR] up=595396s window=10s thermal=not_started imagery=not_started
[MONITOR] up=595406s window=10s thermal=not_started imagery=not_started
[MONITOR] up=595416s window=10s thermal=not_started imagery=not_started
[MONITOR] up=595426s window=10s thermal=not_started imagery=not_started
[MONITOR] up=595436s window=10s thermal=not_started imagery=not_started
[MONITOR] up=595446s window=10s thermal=not_started imagery=not_started
[MONITOR] up=595456s window=10s thermal=not_started imagery=not_started
[MONITOR] up=595466s window=10s thermal=not_started imagery=not_started
[MONITOR] up=595476s window=10s thermal=not_started imagery=not_started
[MONITOR] up=595486s window=10s thermal=not_started imagery=not_started
[MONITOR] up=595496s window=10s thermal=not_started imagery=not_started
[MONITOR] up=595506s window=10s thermal=not_started imagery=not_started
[MONITOR] up=595516s window=10s thermal=not_started imagery=not_started
[MONITOR] up=595526s window=10s thermal=not_started imagery=not_started
[MONITOR] up=595536s window=10s thermal=not_started imagery=not_started
[MONITOR] up=595546s window=10s thermal=not_started imagery=not_started
[MONITOR] up=595556s window=10s thermal=not_started imagery=not_started
[MONITOR] up=595566s window=10s thermal=not_started imagery=not_started
[MONITOR] up=595576s window=10s thermal=not_started imagery=not_started
[MONITOR] up=595586s window=10s thermal=not_started imagery=not_started
[MONITOR] up=595596s window=10s thermal=not_started imagery=not_started
[MONITOR] up=595606s window=10s thermal=not_started imagery=not_started
[MONITOR] up=595616s window=10s thermal=not_started imagery=not_started
[MONITOR] up=595626s window=10s thermal=not_started imagery=not_started
[MONITOR] up=595636s window=10s thermal=not_started imagery=not_started
[MONITOR] up=595646s window=10s thermal=not_started imagery=not_started
[MONITOR] up=595656s window=10s thermal=not_started imagery=not_started
[MONITOR] up=595666s window=10s thermal=not_started imagery=not_started
[MONITOR] up=595676s window=10s thermal=not_started imagery=not_started
[MONITOR] up=595686s window=10s thermal=not_started imagery=not_started
[MONITOR] up=595696s window=10s thermal=not_started imagery=not_started
[MONITOR] up=595706s window=10s thermal=not_started imagery=not_started
[MONITOR] up=595716s window=10s thermal=not_started imagery=not_started
[MONITOR] up=595726s window=10s thermal=not_started imagery=not_started
[MONITOR] up=595736s window=10s thermal=not_started imagery=not_started
[MONITOR] up=595746s window=10s thermal=not_started imagery=not_started
[MONITOR] up=595756s window=10s thermal=not_started imagery=not_started
[MONITOR] up=595766s window=10s thermal=not_started imagery=not_started
[MONITOR] up=595776s window=10s thermal=not_started imagery=not_started
[MONITOR] up=595786s window=10s thermal=not_started imagery=not_started
[MONITOR] up=595796s window=10s thermal=not_started imagery=not_started
[MONITOR] up=595806s window=10s thermal=not_started imagery=not_started
[MONITOR] up=595816s window=10s thermal=not_started imagery=not_started
[MONITOR] up=595826s window=10s thermal=not_started imagery=not_started
[MONITOR] up=595836s window=10s thermal=not_started imagery=not_started
[MONITOR] up=595846s window=10s thermal=not_started imagery=not_started
[MONITOR] up=595856s window=10s thermal=not_started imagery=not_started
[MONITOR] up=595866s window=10s thermal=not_started imagery=not_started
[MONITOR] up=595876s window=10s thermal=not_started imagery=not_started
[MONITOR] up=595886s window=10s thermal=not_started imagery=not_started
[MONITOR] up=595896s window=10s thermal=not_started imagery=not_started
[MONITOR] up=595906s window=10s thermal=not_started imagery=not_started
[MONITOR] up=595916s window=10s thermal=not_started imagery=not_started
[MONITOR] up=595926s window=10s thermal=not_started imagery=not_started
[MONITOR] up=595936s window=10s thermal=not_started imagery=not_started
[MONITOR] up=595946s window=10s thermal=not_started imagery=not_started
[MONITOR] up=595956s window=10s thermal=not_started imagery=not_started
[MONITOR] up=595966s window=10s thermal=not_started imagery=not_started
[MONITOR] up=595976s window=10s thermal=not_started imagery=not_started
[MONITOR] up=595986s window=10s thermal=not_started imagery=not_started
[MONITOR] up=595996s window=10s thermal=not_started imagery=not_started
[MONITOR] up=596006s window=10s thermal=not_started imagery=not_started
[MONITOR] up=596016s window=10s thermal=not_started imagery=not_started
[MONITOR] up=596026s window=10s thermal=not_started imagery=not_started
[MONITOR] up=596036s window=10s thermal=not_started imagery=not_started
[MONITOR] up=596046s window=10s thermal=not_started imagery=not_started
[MONITOR] up=596056s window=10s thermal=not_started imagery=not_started
[MONITOR] up=596066s window=10s thermal=not_started imagery=not_started
[MONITOR] up=596076s window=10s thermal=not_started imagery=not_started
[MONITOR] up=596086s window=10s thermal=not_started imagery=not_started
[MONITOR] up=596096s window=10s thermal=not_started imagery=not_started
[MONITOR] up=596106s window=10s thermal=not_started imagery=not_started
[MONITOR] up=596116s window=10s thermal=not_started imagery=not_started
[MONITOR] up=596126s window=10s thermal=not_started imagery=not_started
[MONITOR] up=596136s window=10s thermal=not_started imagery=not_started
[MONITOR] up=596146s window=10s thermal=not_started imagery=not_started
[MONITOR] up=596156s window=10s thermal=not_started imagery=not_started
[MONITOR] up=596166s window=10s thermal=not_started imagery=not_started
[MONITOR] up=596176s window=10s thermal=not_started imagery=not_started
[MONITOR] up=596186s window=10s thermal=not_started imagery=not_started
[MONITOR] up=596196s window=10s thermal=not_started imagery=not_started
[MONITOR] up=596206s window=10s thermal=not_started imagery=not_started
[MONITOR] up=596216s window=10s thermal=not_started imagery=not_started
[MONITOR] up=596226s window=10s thermal=not_started imagery=not_started
[MONITOR] up=596236s window=10s thermal=not_started imagery=not_started
[MONITOR] up=596247s window=10s thermal=not_started imagery=not_started
[MONITOR] up=596257s window=10s thermal=not_started imagery=not_started
[MONITOR] up=596267s window=10s thermal=not_started imagery=not_started
[MONITOR] up=596277s window=10s thermal=not_started imagery=not_started
[MONITOR] up=596287s window=10s thermal=not_started imagery=not_started
[MONITOR] up=596297s window=10s thermal=not_started imagery=not_started
[MONITOR] up=596307s window=10s thermal=not_started imagery=not_started
[MONITOR] up=596317s window=10s thermal=not_started imagery=not_started
[MONITOR] up=596327s window=10s thermal=not_started imagery=not_started
[MONITOR] up=596337s window=10s thermal=not_started imagery=not_started
[MONITOR] up=596347s window=10s thermal=not_started imagery=not_started
[MONITOR] up=596357s window=10s thermal=not_started imagery=not_started
[MONITOR] up=596367s window=10s thermal=not_started imagery=not_started
[MONITOR] up=596377s window=10s thermal=not_started imagery=not_started
[MONITOR] up=596387s window=10s thermal=not_started imagery=not_started
[MONITOR] up=596397s window=10s thermal=not_started imagery=not_started
[MONITOR] up=596407s window=10s thermal=not_started imagery=not_started
[MONITOR] up=596417s window=10s thermal=not_started imagery=not_started
[MONITOR] up=596427s window=10s thermal=not_started imagery=not_started
[MONITOR] up=596437s window=10s thermal=not_started imagery=not_started
[MONITOR] up=596447s window=10s thermal=not_started imagery=not_started
[MONITOR] up=596457s window=10s thermal=not_started imagery=not_started
[MONITOR] up=596467s window=10s thermal=not_started imagery=not_started
[MONITOR] up=596477s window=10s thermal=not_started imagery=not_started
[MONITOR] up=596487s window=10s thermal=not_started imagery=not_started
[MONITOR] up=596497s window=10s thermal=not_started imagery=not_started
[MONITOR] up=596507s window=10s thermal=not_started imagery=not_started
[MONITOR] up=596517s window=10s thermal=not_started imagery=not_started
[MONITOR] up=596527s window=10s thermal=not_started imagery=not_started
[MONITOR] up=596537s window=10s thermal=not_started imagery=not_started
[MONITOR] up=596547s window=10s thermal=not_started imagery=not_started
[MONITOR] up=596557s window=10s thermal=not_started imagery=not_started
[MONITOR] up=596567s window=10s thermal=not_started imagery=not_started
[MONITOR] up=596577s window=10s thermal=not_started imagery=not_started
[MONITOR] up=596587s window=10s thermal=not_started imagery=not_started
[MONITOR] up=596597s window=10s thermal=not_started imagery=not_started
[MONITOR] up=596607s window=10s thermal=not_started imagery=not_started
[MONITOR] up=596617s window=10s thermal=not_started imagery=not_started
[MONITOR] up=596627s window=10s thermal=not_started imagery=not_started
[MONITOR] up=596637s window=10s thermal=not_started imagery=not_started
[MONITOR] up=596647s window=10s thermal=not_started imagery=not_started
[MONITOR] up=596657s window=10s thermal=not_started imagery=not_started
[MONITOR] up=596667s window=10s thermal=not_started imagery=not_started
[MONITOR] up=596677s window=10s thermal=not_started imagery=not_started
[MONITOR] up=596687s window=10s thermal=not_started imagery=not_started
[MONITOR] up=596697s window=10s thermal=not_started imagery=not_started
[MONITOR] up=596707s window=10s thermal=not_started imagery=not_started
[MONITOR] up=596717s window=10s thermal=not_started imagery=not_started
[MONITOR] up=596727s window=10s thermal=not_started imagery=not_started
[MONITOR] up=596737s window=10s thermal=not_started imagery=not_started
[MONITOR] up=596747s window=10s thermal=not_started imagery=not_started
[MONITOR] up=596757s window=10s thermal=not_started imagery=not_started
[MONITOR] up=596767s window=10s thermal=not_started imagery=not_started
[MONITOR] up=596777s window=10s thermal=not_started imagery=not_started
[MONITOR] up=596787s window=10s thermal=not_started imagery=not_started
[MONITOR] up=596797s window=10s thermal=not_started imagery=not_started
[MONITOR] up=596807s window=10s thermal=not_started imagery=not_started
[MONITOR] up=596817s window=10s thermal=not_started imagery=not_started
[MONITOR] up=596827s window=10s thermal=not_started imagery=not_started
[MONITOR] up=596837s window=10s thermal=not_started imagery=not_started
[MONITOR] up=596847s window=10s thermal=not_started imagery=not_started
[MONITOR] up=596857s window=10s thermal=not_started imagery=not_started
[MONITOR] up=596867s window=10s thermal=not_started imagery=not_started
[MONITOR] up=596877s window=10s thermal=not_started imagery=not_started
[MONITOR] up=596887s window=10s thermal=not_started imagery=not_started
[MONITOR] up=596897s window=10s thermal=not_started imagery=not_started
[MONITOR] up=596907s window=10s thermal=not_started imagery=not_started
[MONITOR] up=596917s window=10s thermal=not_started imagery=not_started
[MONITOR] up=596927s window=10s thermal=not_started imagery=not_started
[MONITOR] up=596937s window=10s thermal=not_started imagery=not_started
[MONITOR] up=596947s window=10s thermal=not_started imagery=not_started
[MONITOR] up=596957s window=10s thermal=not_started imagery=not_started
[MONITOR] up=596967s window=10s thermal=not_started imagery=not_started
[MONITOR] up=596977s window=10s thermal=not_started imagery=not_started
[MONITOR] up=596987s window=10s thermal=not_started imagery=not_started
[MONITOR] up=596997s window=10s thermal=not_started imagery=not_started
[MONITOR] up=597007s window=10s thermal=not_started imagery=not_started
[MONITOR] up=597017s window=10s thermal=not_started imagery=not_started
[MONITOR] up=597027s window=10s thermal=not_started imagery=not_started
[MONITOR] up=597037s window=10s thermal=not_started imagery=not_started
[MONITOR] up=597047s window=10s thermal=not_started imagery=not_started
[MONITOR] up=597057s window=10s thermal=not_started imagery=not_started
[MONITOR] up=597067s window=10s thermal=not_started imagery=not_started
[MONITOR] up=597077s window=10s thermal=not_started imagery=not_started
[MONITOR] up=597087s window=10s thermal=not_started imagery=not_started
[MONITOR] up=597097s window=10s thermal=not_started imagery=not_started
[MONITOR] up=597107s window=10s thermal=not_started imagery=not_started
[MONITOR] up=597117s window=10s thermal=not_started imagery=not_started
[MONITOR] up=597127s window=10s thermal=not_started imagery=not_started
[MONITOR] up=597137s window=10s thermal=not_started imagery=not_started
[MONITOR] up=597147s window=10s thermal=not_started imagery=not_started
[MONITOR] up=597157s window=10s thermal=not_started imagery=not_started
[MONITOR] up=597167s window=10s thermal=not_started imagery=not_started
[MONITOR] up=597177s window=10s thermal=not_started imagery=not_started
[MONITOR] up=597187s window=10s thermal=not_started imagery=not_started
[MONITOR] up=597197s window=10s thermal=not_started imagery=not_started
[MONITOR] up=597207s window=10s thermal=not_started imagery=not_started
[MONITOR] up=597217s window=10s thermal=not_started imagery=not_started
[MONITOR] up=597227s window=10s thermal=not_started imagery=not_started
[MONITOR] up=597237s window=10s thermal=not_started imagery=not_started
[MONITOR] up=597247s window=10s thermal=not_started imagery=not_started
[MONITOR] up=597257s window=10s thermal=not_started imagery=not_started
[MONITOR] up=597267s window=10s thermal=not_started imagery=not_started
[MONITOR] up=597277s window=10s thermal=not_started imagery=not_started
[MONITOR] up=597287s window=10s thermal=not_started imagery=not_started
[MONITOR] up=597297s window=10s thermal=not_started imagery=not_started
[MONITOR] up=597307s window=10s thermal=not_started imagery=not_started
[MONITOR] up=597317s window=10s thermal=not_started imagery=not_started
[MONITOR] up=597327s window=10s thermal=not_started imagery=not_started
[MONITOR] up=597337s window=10s thermal=not_started imagery=not_started
[MONITOR] up=597347s window=10s thermal=not_started imagery=not_started
[MONITOR] up=597357s window=10s thermal=not_started imagery=not_started
[MONITOR] up=597367s window=10s thermal=not_started imagery=not_started
[MONITOR] up=597377s window=10s thermal=not_started imagery=not_started
[MONITOR] up=597387s window=10s thermal=not_started imagery=not_started
[MONITOR] up=597397s window=10s thermal=not_started imagery=not_started
[MONITOR] up=597407s window=10s thermal=not_started imagery=not_started
[MONITOR] up=597417s window=10s thermal=not_started imagery=not_started
[MONITOR] up=597427s window=10s thermal=not_started imagery=not_started
[MONITOR] up=597437s window=10s thermal=not_started imagery=not_started
[MONITOR] up=597447s window=10s thermal=not_started imagery=not_started
[MONITOR] up=597457s window=10s thermal=not_started imagery=not_started
[MONITOR] up=597467s window=10s thermal=not_started imagery=not_started
[MONITOR] up=597477s window=10s thermal=not_started imagery=not_started
[MONITOR] up=597487s window=10s thermal=not_started imagery=not_started
[MONITOR] up=597497s window=10s thermal=not_started imagery=not_started
[MONITOR] up=597507s window=10s thermal=not_started imagery=not_started
[MONITOR] up=597517s window=10s thermal=not_started imagery=not_started
[MONITOR] up=597527s window=10s thermal=not_started imagery=not_started
[MONITOR] up=597537s window=10s thermal=not_started imagery=not_started
[MONITOR] up=597547s window=10s thermal=not_started imagery=not_started
[MONITOR] up=597557s window=10s thermal=not_started imagery=not_started
[MONITOR] up=597567s window=10s thermal=not_started imagery=not_started
[MONITOR] up=597577s window=10s thermal=not_started imagery=not_started
[MONITOR] up=597587s window=10s thermal=not_started imagery=not_started
[MONITOR] up=597597s window=10s thermal=not_started imagery=not_started
[MONITOR] up=597607s window=10s thermal=not_started imagery=not_started
[MONITOR] up=597617s window=10s thermal=not_started imagery=not_started
[MONITOR] up=597627s window=10s thermal=not_started imagery=not_started
[MONITOR] up=597637s window=10s thermal=not_started imagery=not_started
[MONITOR] up=597647s window=10s thermal=not_started imagery=not_started
[MONITOR] up=597657s window=10s thermal=not_started imagery=not_started
[MONITOR] up=597667s window=10s thermal=not_started imagery=not_started
[MONITOR] up=597677s window=10s thermal=not_started imagery=not_started
[MONITOR] up=597687s window=10s thermal=not_started imagery=not_started
[MONITOR] up=597697s window=10s thermal=not_started imagery=not_started
[MONITOR] up=597707s window=10s thermal=not_started imagery=not_started
[MONITOR] up=597717s window=10s thermal=not_started imagery=not_started
[MONITOR] up=597727s window=10s thermal=not_started imagery=not_started
[MONITOR] up=597737s window=10s thermal=not_started imagery=not_started
[MONITOR] up=597747s window=10s thermal=not_started imagery=not_started
[MONITOR] up=597757s window=10s thermal=not_started imagery=not_started
[MONITOR] up=597767s window=10s thermal=not_started imagery=not_started
[MONITOR] up=597777s window=10s thermal=not_started imagery=not_started
[MONITOR] up=597787s window=10s thermal=not_started imagery=not_started
[MONITOR] up=597797s window=10s thermal=not_started imagery=not_started
[MONITOR] up=597807s window=10s thermal=not_started imagery=not_started
[MONITOR] up=597817s window=10s thermal=not_started imagery=not_started
[MONITOR] up=597827s window=10s thermal=not_started imagery=not_started
[MONITOR] up=597837s window=10s thermal=not_started imagery=not_started
[MONITOR] up=598757s window=10s thermal=not_started imagery=not_started
[MONITOR] up=598767s window=10s thermal=not_started imagery=not_started
[MONITOR] up=598777s window=10s thermal=not_started imagery=not_started
[MONITOR] up=598787s window=10s thermal=not_started imagery=not_started
[MONITOR] up=598797s window=10s thermal=not_started imagery=not_started
[MONITOR] up=598807s window=10s thermal=not_started imagery=not_started
[MONITOR] up=598817s window=10s thermal=not_started imagery=not_started
[MONITOR] up=598827s window=10s thermal=not_started imagery=not_started
[MONITOR] up=598837s window=10s thermal=not_started imagery=not_started
[MONITOR] up=598847s window=10s thermal=not_started imagery=not_started
[MONITOR] up=598857s window=10s thermal=not_started imagery=not_started
[MONITOR] up=598867s window=10s thermal=not_started imagery=not_started
[MONITOR] up=598877s window=10s thermal=not_started imagery=not_started
[MONITOR] up=598887s window=10s thermal=not_started imagery=not_started
[MONITOR] up=598897s window=10s thermal=not_started imagery=not_started
[MONITOR] up=598907s window=10s thermal=not_started imagery=not_started
[MONITOR] up=598917s window=10s thermal=not_started imagery=not_started
[MONITOR] up=598927s window=10s thermal=not_started imagery=not_started
[MONITOR] up=598937s window=10s thermal=not_started imagery=not_started
[MONITOR] up=598947s window=10s thermal=not_started imagery=not_started
[MONITOR] up=598957s window=10s thermal=not_started imagery=not_started
[MONITOR] up=598967s window=10s thermal=not_started imagery=not_started
[MONITOR] up=598977s window=10s thermal=not_started imagery=not_started
[MONITOR] up=598987s window=10s thermal=not_started imagery=not_started
[MONITOR] up=598997s window=10s thermal=not_started imagery=not_started
[MONITOR] up=599007s window=10s thermal=not_started imagery=not_started
[MONITOR] up=599017s window=10s thermal=not_started imagery=not_started
[MONITOR] up=599027s window=10s thermal=not_started imagery=not_started
[MONITOR] up=599037s window=10s thermal=not_started imagery=not_started
[MONITOR] up=599047s window=10s thermal=not_started imagery=not_started
[MONITOR] up=599057s window=10s thermal=not_started imagery=not_started
[MONITOR] up=599067s window=10s thermal=not_started imagery=not_started
[MONITOR] up=599077s window=10s thermal=not_started imagery=not_started
[MONITOR] up=599087s window=10s thermal=not_started imagery=not_started
[MONITOR] up=599097s window=10s thermal=not_started imagery=not_started
[MONITOR] up=599107s window=10s thermal=not_started imagery=not_started
[MONITOR] up=599117s window=10s thermal=not_started imagery=not_started
[MONITOR] up=599127s window=10s thermal=not_started imagery=not_started
[MONITOR] up=599137s window=10s thermal=not_started imagery=not_started
[MONITOR] up=599147s window=10s thermal=not_started imagery=not_started
[MONITOR] up=599157s window=10s thermal=not_started imagery=not_started
[MONITOR] up=599167s window=10s thermal=not_started imagery=not_started
[MONITOR] up=599177s window=10s thermal=not_started imagery=not_started
[MONITOR] up=599187s window=10s thermal=not_started imagery=not_started
[MONITOR] up=599197s window=10s thermal=not_started imagery=not_started
[MONITOR] up=599207s window=10s thermal=not_started imagery=not_started
[MONITOR] up=599217s window=10s thermal=not_started imagery=not_started
[MONITOR] up=599227s window=10s thermal=not_started imagery=not_started
[MONITOR] up=599237s window=10s thermal=not_started imagery=not_started
[MONITOR] up=599247s window=10s thermal=not_started imagery=not_started
[MONITOR] up=599257s window=10s thermal=not_started imagery=not_started
[MONITOR] up=599267s window=10s thermal=not_started imagery=not_started
[MONITOR] up=599277s window=10s thermal=not_started imagery=not_started
[MONITOR] up=599287s window=10s thermal=not_started imagery=not_started
[MONITOR] up=599297s window=10s thermal=not_started imagery=not_started
[MONITOR] up=599307s window=10s thermal=not_started imagery=not_started
[MONITOR] up=599317s window=10s thermal=not_started imagery=not_started
[MONITOR] up=599327s window=10s thermal=not_started imagery=not_started
[MONITOR] up=599337s window=10s thermal=not_started imagery=not_started
[MONITOR] up=599347s window=10s thermal=not_started imagery=not_started
[MONITOR] up=599357s window=10s thermal=not_started imagery=not_started
[MONITOR] up=599367s window=10s thermal=not_started imagery=not_started
[MONITOR] up=599377s window=10s thermal=not_started imagery=not_started
[MONITOR] up=599387s window=10s thermal=not_started imagery=not_started
[MONITOR] up=599397s window=10s thermal=not_started imagery=not_started
[MONITOR] up=599407s window=10s thermal=not_started imagery=not_started
[MONITOR] up=599417s window=10s thermal=not_started imagery=not_started
[MONITOR] up=599427s window=10s thermal=not_started imagery=not_started
[MONITOR] up=599437s window=10s thermal=not_started imagery=not_started
[MONITOR] up=599447s window=10s thermal=not_started imagery=not_started
[MONITOR] up=599457s window=10s thermal=not_started imagery=not_started
[MONITOR] up=599467s window=10s thermal=not_started imagery=not_started
[MONITOR] up=599477s window=10s thermal=not_started imagery=not_started
[MONITOR] up=599487s window=10s thermal=not_started imagery=not_started
[MONITOR] up=599497s window=10s thermal=not_started imagery=not_started
[MONITOR] up=599507s window=10s thermal=not_started imagery=not_started
[MONITOR] up=599517s window=10s thermal=not_started imagery=not_started
[MONITOR] up=599527s window=10s thermal=not_started imagery=not_started
[MONITOR] up=599537s window=10s thermal=not_started imagery=not_started
[MONITOR] up=599547s window=10s thermal=not_started imagery=not_started
[MONITOR] up=599557s window=10s thermal=not_started imagery=not_started
[MONITOR] up=599567s window=10s thermal=not_started imagery=not_started
[MONITOR] up=599577s window=10s thermal=not_started imagery=not_started
[MONITOR] up=599587s window=10s thermal=not_started imagery=not_started
[MONITOR] up=599597s window=10s thermal=not_started imagery=not_started
[MONITOR] up=599607s window=10s thermal=not_started imagery=not_started
[MONITOR] up=599617s window=10s thermal=not_started imagery=not_started
[MONITOR] up=599627s window=10s thermal=not_started imagery=not_started
[MONITOR] up=599637s window=10s thermal=not_started imagery=not_started
[MONITOR] up=599647s window=10s thermal=not_started imagery=not_started
[MONITOR] up=599657s window=10s thermal=not_started imagery=not_started
[MONITOR] up=599667s window=10s thermal=not_started imagery=not_started
[MONITOR] up=599677s window=10s thermal=not_started imagery=not_started
[MONITOR] up=599687s window=10s thermal=not_started imagery=not_started
[MONITOR] up=599697s window=10s thermal=not_started imagery=not_started
[MONITOR] up=599707s window=10s thermal=not_started imagery=not_started
[MONITOR] up=599717s window=10s thermal=not_started imagery=not_started
[MONITOR] up=599727s window=10s thermal=not_started imagery=not_started
[MONITOR] up=599737s window=10s thermal=not_started imagery=not_started
[MONITOR] up=599747s window=10s thermal=not_started imagery=not_started
[MONITOR] up=599757s window=10s thermal=not_started imagery=not_started
[MONITOR] up=599767s window=10s thermal=not_started imagery=not_started
[MONITOR] up=599777s window=10s thermal=not_started imagery=not_started
[MONITOR] up=599787s window=10s thermal=not_started imagery=not_started
[MONITOR] up=599797s window=10s thermal=not_started imagery=not_started
[MONITOR] up=599807s window=10s thermal=not_started imagery=not_started
[MONITOR] up=599817s window=10s thermal=not_started imagery=not_started
[MONITOR] up=599827s window=10s thermal=not_started imagery=not_started
[MONITOR] up=599837s window=10s thermal=not_started imagery=not_started
[MONITOR] up=599847s window=10s thermal=not_started imagery=not_started
[MONITOR] up=599857s window=10s thermal=not_started imagery=not_started
[MONITOR] up=599867s window=10s thermal=not_started imagery=not_started
[MONITOR] up=599877s window=10s thermal=not_started imagery=not_started
[MONITOR] up=599887s window=10s thermal=not_started imagery=not_started
[MONITOR] up=599897s window=10s thermal=not_started imagery=not_started
[MONITOR] up=599908s window=10s thermal=not_started imagery=not_started
[MONITOR] up=599918s window=10s thermal=not_started imagery=not_started
[MONITOR] up=599928s window=10s thermal=not_started imagery=not_started
[MONITOR] up=599938s window=10s thermal=not_started imagery=not_started
[MONITOR] up=599948s window=10s thermal=not_started imagery=not_started
[MONITOR] up=599958s window=10s thermal=not_started imagery=not_started
[MONITOR] up=599968s window=10s thermal=not_started imagery=not_started
[MONITOR] up=599978s window=10s thermal=not_started imagery=not_started
[MONITOR] up=599988s window=10s thermal=not_started imagery=not_started
[MONITOR] up=599998s window=10s thermal=not_started imagery=not_started
[MONITOR] up=600008s window=10s thermal=not_started imagery=not_started
[MONITOR] up=600018s window=10s thermal=not_started imagery=not_started
[MONITOR] up=600028s window=10s thermal=not_started imagery=not_started
[MONITOR] up=600038s window=10s thermal=not_started imagery=not_started
[MONITOR] up=600048s window=10s thermal=not_started imagery=not_started
[MONITOR] up=600058s window=10s thermal=not_started imagery=not_started
[MONITOR] up=600068s window=10s thermal=not_started imagery=not_started
[MONITOR] up=600078s window=10s thermal=not_started imagery=not_started
[MONITOR] up=600088s window=10s thermal=not_started imagery=not_started
[MONITOR] up=600098s window=10s thermal=not_started imagery=not_started
[MONITOR] up=600108s window=10s thermal=not_started imagery=not_started
[MONITOR] up=600118s window=10s thermal=not_started imagery=not_started
[MONITOR] up=600128s window=10s thermal=not_started imagery=not_started
[MONITOR] up=600138s window=10s thermal=not_started imagery=not_started
[MONITOR] up=600148s window=10s thermal=not_started imagery=not_started
[MONITOR] up=600158s window=10s thermal=not_started imagery=not_started
[MONITOR] up=600168s window=10s thermal=not_started imagery=not_started
[MONITOR] up=600178s window=10s thermal=not_started imagery=not_started
[MONITOR] up=600188s window=10s thermal=not_started imagery=not_started
[MONITOR] up=600198s window=10s thermal=not_started imagery=not_started
[MONITOR] up=600208s window=10s thermal=not_started imagery=not_started
[MONITOR] up=600218s window=10s thermal=not_started imagery=not_started
[MONITOR] up=600228s window=10s thermal=not_started imagery=not_started
[MONITOR] up=600238s window=10s thermal=not_started imagery=not_started
[MONITOR] up=600248s window=10s thermal=not_started imagery=not_started
[MONITOR] up=600258s window=10s thermal=not_started imagery=not_started
[MONITOR] up=600268s window=10s thermal=not_started imagery=not_started
[MONITOR] up=600278s window=10s thermal=not_started imagery=not_started
[MONITOR] up=600288s window=10s thermal=not_started imagery=not_started
[MONITOR] up=600298s window=10s thermal=not_started imagery=not_started
[MONITOR] up=600308s window=10s thermal=not_started imagery=not_started
[MONITOR] up=600318s window=10s thermal=not_started imagery=not_started
[MONITOR] up=600328s window=10s thermal=not_started imagery=not_started
[MONITOR] up=600338s window=10s thermal=not_started imagery=not_started
[MONITOR] up=600348s window=10s thermal=not_started imagery=not_started
[MONITOR] up=600358s window=10s thermal=not_started imagery=not_started
[MONITOR] up=600368s window=10s thermal=not_started imagery=not_started
[MONITOR] up=600378s window=10s thermal=not_started imagery=not_started
[MONITOR] up=600388s window=10s thermal=not_started imagery=not_started
[MONITOR] up=600398s window=10s thermal=not_started imagery=not_started
[MONITOR] up=600408s window=10s thermal=not_started imagery=not_started
[MONITOR] up=600418s window=10s thermal=not_started imagery=not_started
[MONITOR] up=600428s window=10s thermal=not_started imagery=not_started
[MONITOR] up=600438s window=10s thermal=not_started imagery=not_started
[MONITOR] up=600448s window=10s thermal=not_started imagery=not_started
[MONITOR] up=600458s window=10s thermal=not_started imagery=not_started
[MONITOR] up=600468s window=10s thermal=not_started imagery=not_started
[MONITOR] up=600478s window=10s thermal=not_started imagery=not_started
[MONITOR] up=600488s window=10s thermal=not_started imagery=not_started
[MONITOR] up=600498s window=10s thermal=not_started imagery=not_started
[MONITOR] up=600508s window=10s thermal=not_started imagery=not_started
[MONITOR] up=600518s window=10s thermal=not_started imagery=not_started
[MONITOR] up=600528s window=10s thermal=not_started imagery=not_started
[MONITOR] up=600538s window=10s thermal=not_started imagery=not_started
[MONITOR] up=600548s window=10s thermal=not_started imagery=not_started
[MONITOR] up=600558s window=10s thermal=not_started imagery=not_started
[MONITOR] up=600568s window=10s thermal=not_started imagery=not_started
[MONITOR] up=600578s window=10s thermal=not_started imagery=not_started
[MONITOR] up=600588s window=10s thermal=not_started imagery=not_started
[MONITOR] up=600598s window=10s thermal=not_started imagery=not_started
[MONITOR] up=600608s window=10s thermal=not_started imagery=not_started
[MONITOR] up=600618s window=10s thermal=not_started imagery=not_started
[MONITOR] up=600628s window=10s thermal=not_started imagery=not_started
[MONITOR] up=600638s window=10s thermal=not_started imagery=not_started
[MONITOR] up=600648s window=10s thermal=not_started imagery=not_started
[MONITOR] up=600658s window=10s thermal=not_started imagery=not_started
[MONITOR] up=600668s window=10s thermal=not_started imagery=not_started
[MONITOR] up=600678s window=10s thermal=not_started imagery=not_started
[MONITOR] up=600688s window=10s thermal=not_started imagery=not_started
[MONITOR] up=600698s window=10s thermal=not_started imagery=not_started
[MONITOR] up=600708s window=10s thermal=not_started imagery=not_started
[MONITOR] up=600718s window=10s thermal=not_started imagery=not_started
[MONITOR] up=600728s window=10s thermal=not_started imagery=not_started
[MONITOR] up=600738s window=10s thermal=not_started imagery=not_started
[MONITOR] up=600748s window=10s thermal=not_started imagery=not_started
[MONITOR] up=600758s window=10s thermal=not_started imagery=not_started
[MONITOR] up=600768s window=10s thermal=not_started imagery=not_started
[MONITOR] up=600778s window=10s thermal=not_started imagery=not_started
[MONITOR] up=600788s window=10s thermal=not_started imagery=not_started
[MONITOR] up=600798s window=10s thermal=not_started imagery=not_started
[MONITOR] up=600808s window=10s thermal=not_started imagery=not_started
[MONITOR] up=600818s window=10s thermal=not_started imagery=not_started
[MONITOR] up=600828s window=10s thermal=not_started imagery=not_started
[MONITOR] up=600838s window=10s thermal=not_started imagery=not_started
[MONITOR] up=600848s window=10s thermal=not_started imagery=not_started
[MONITOR] up=600858s window=10s thermal=not_started imagery=not_started
[MONITOR] up=600868s window=10s thermal=not_started imagery=not_started
[MONITOR] up=600878s window=10s thermal=not_started imagery=not_started
[MONITOR] up=600888s window=10s thermal=not_started imagery=not_started
[MONITOR] up=600898s window=10s thermal=not_started imagery=not_started
[MONITOR] up=600908s window=10s thermal=not_started imagery=not_started
[MONITOR] up=600918s window=10s thermal=not_started imagery=not_started
[MONITOR] up=600928s window=10s thermal=not_started imagery=not_started
[MONITOR] up=600938s window=10s thermal=not_started imagery=not_started
[MONITOR] up=600948s window=10s thermal=not_started imagery=not_started
[MONITOR] up=600958s window=10s thermal=not_started imagery=not_started
[MONITOR] up=600968s window=10s thermal=not_started imagery=not_started
[MONITOR] up=600978s window=10s thermal=not_started imagery=not_started
[MONITOR] up=600988s window=10s thermal=not_started imagery=not_started
[MONITOR] up=600998s window=10s thermal=not_started imagery=not_started
[MONITOR] up=601008s window=10s thermal=not_started imagery=not_started
[MONITOR] up=601018s window=10s thermal=not_started imagery=not_started
[MONITOR] up=601028s window=10s thermal=not_started imagery=not_started
[MONITOR] up=601038s window=10s thermal=not_started imagery=not_started
[MONITOR] up=601048s window=10s thermal=not_started imagery=not_started
[MONITOR] up=601058s window=10s thermal=not_started imagery=not_started
[MONITOR] up=601068s window=10s thermal=not_started imagery=not_started
[MONITOR] up=601078s window=10s thermal=not_started imagery=not_started
[MONITOR] up=601088s window=10s thermal=not_started imagery=not_started
[MONITOR] up=601098s window=10s thermal=not_started imagery=not_started
[MONITOR] up=601108s window=10s thermal=not_started imagery=not_started
[MONITOR] up=601118s window=10s thermal=not_started imagery=not_started
[MONITOR] up=601128s window=10s thermal=not_started imagery=not_started
[MONITOR] up=601138s window=10s thermal=not_started imagery=not_started
[MONITOR] up=601148s window=10s thermal=not_started imagery=not_started
[MONITOR] up=601158s window=10s thermal=not_started imagery=not_started
[MONITOR] up=601168s window=10s thermal=not_started imagery=not_started
[MONITOR] up=601178s window=10s thermal=not_started imagery=not_started
[MONITOR] up=601188s window=10s thermal=not_started imagery=not_started
[MONITOR] up=601198s window=10s thermal=not_started imagery=not_started
[MONITOR] up=601208s window=10s thermal=not_started imagery=not_started
[MONITOR] up=601218s window=10s thermal=not_started imagery=not_started
[MONITOR] up=601228s window=10s thermal=not_started imagery=not_started
[MONITOR] up=601238s window=10s thermal=not_started imagery=not_started
[MONITOR] up=601248s window=10s thermal=not_started imagery=not_started
[MONITOR] up=601258s window=10s thermal=not_started imagery=not_started
[MONITOR] up=601268s window=10s thermal=not_started imagery=not_started
[MONITOR] up=601278s window=10s thermal=not_started imagery=not_started
[MONITOR] up=601288s window=10s thermal=not_started imagery=not_started
[MONITOR] up=601298s window=10s thermal=not_started imagery=not_started
[MONITOR] up=601308s window=10s thermal=not_started imagery=not_started
[MONITOR] up=601318s window=10s thermal=not_started imagery=not_started
[MONITOR] up=601328s window=10s thermal=not_started imagery=not_started
[MONITOR] up=601338s window=10s thermal=not_started imagery=not_started
[MONITOR] up=601348s window=10s thermal=not_started imagery=not_started
[MONITOR] up=601358s window=10s thermal=not_started imagery=not_started
[MONITOR] up=601368s window=10s thermal=not_started imagery=not_started
[MONITOR] up=601378s window=10s thermal=not_started imagery=not_started
[MONITOR] up=601388s window=10s thermal=not_started imagery=not_started
[MONITOR] up=601398s window=10s thermal=not_started imagery=not_started
[MONITOR] up=601408s window=10s thermal=not_started imagery=not_started
[MONITOR] up=601418s window=10s thermal=not_started imagery=not_started
[MONITOR] up=601428s window=10s thermal=not_started imagery=not_started
[MONITOR] up=601438s window=10s thermal=not_started imagery=not_started
[MONITOR] up=601448s window=10s thermal=not_started imagery=not_started
[MONITOR] up=601458s window=10s thermal=not_started imagery=not_started
[MONITOR] up=601468s window=10s thermal=not_started imagery=not_started
[MONITOR] up=601478s window=10s thermal=not_started imagery=not_started
[MONITOR] up=601488s window=10s thermal=not_started imagery=not_started
[MONITOR] up=601498s window=10s thermal=not_started imagery=not_started
[MONITOR] up=601508s window=10s thermal=not_started imagery=not_started
[MONITOR] up=601518s window=10s thermal=not_started imagery=not_started
[MONITOR] up=601528s window=10s thermal=not_started imagery=not_started
[MONITOR] up=601538s window=10s thermal=not_started imagery=not_started
[MONITOR] up=601548s window=10s thermal=not_started imagery=not_started
[MONITOR] up=601558s window=10s thermal=not_started imagery=not_started
[MONITOR] up=601568s window=10s thermal=not_started imagery=not_started
[MONITOR] up=601578s window=10s thermal=not_started imagery=not_started
[MONITOR] up=601588s window=10s thermal=not_started imagery=not_started
[MONITOR] up=601598s window=10s thermal=not_started imagery=not_started
[MONITOR] up=601608s window=10s thermal=not_started imagery=not_started
[MONITOR] up=601618s window=10s thermal=not_started imagery=not_started
[MONITOR] up=601628s window=10s thermal=not_started imagery=not_started
[MONITOR] up=601638s window=10s thermal=not_started imagery=not_started
[MONITOR] up=601648s window=10s thermal=not_started imagery=not_started
[MONITOR] up=601658s window=10s thermal=not_started imagery=not_started
[MONITOR] up=601668s window=10s thermal=not_started imagery=not_started
[MONITOR] up=601678s window=10s thermal=not_started imagery=not_started
[MONITOR] up=601688s window=10s thermal=not_started imagery=not_started
[MONITOR] up=601698s window=10s thermal=not_started imagery=not_started
[MONITOR] up=601708s window=10s thermal=not_started imagery=not_started
[MONITOR] up=601718s window=10s thermal=not_started imagery=not_started
[MONITOR] up=601728s window=10s thermal=not_started imagery=not_started
[MONITOR] up=601738s window=10s thermal=not_started imagery=not_started
[MONITOR] up=601748s window=10s thermal=not_started imagery=not_started
[MONITOR] up=601758s window=10s thermal=not_started imagery=not_started
[MONITOR] up=601768s window=10s thermal=not_started imagery=not_started
[MONITOR] up=601778s window=10s thermal=not_started imagery=not_started
[MONITOR] up=601788s window=10s thermal=not_started imagery=not_started
[MONITOR] up=601798s window=10s thermal=not_started imagery=not_started
[MONITOR] up=601808s window=10s thermal=not_started imagery=not_started
[MONITOR] up=601818s window=10s thermal=not_started imagery=not_started
[MONITOR] up=601828s window=10s thermal=not_started imagery=not_started
[MONITOR] up=601838s window=10s thermal=not_started imagery=not_started
[MONITOR] up=601848s window=10s thermal=not_started imagery=not_started
[MONITOR] up=601858s window=10s thermal=not_started imagery=not_started
[MONITOR] up=601868s window=10s thermal=not_started imagery=not_started
[MONITOR] up=601878s window=10s thermal=not_started imagery=not_started
[MONITOR] up=601888s window=10s thermal=not_started imagery=not_started
[MONITOR] up=601898s window=10s thermal=not_started imagery=not_started
[MONITOR] up=601908s window=10s thermal=not_started imagery=not_started
[MONITOR] up=601918s window=10s thermal=not_started imagery=not_started
[MONITOR] up=601928s window=10s thermal=not_started imagery=not_started
[MONITOR] up=601938s window=10s thermal=not_started imagery=not_started
[MONITOR] up=601948s window=10s thermal=not_started imagery=not_started
[MONITOR] up=601958s window=10s thermal=not_started imagery=not_started
[MONITOR] up=601968s window=10s thermal=not_started imagery=not_started
[MONITOR] up=601978s window=10s thermal=not_started imagery=not_started
[MONITOR] up=601988s window=10s thermal=not_started imagery=not_started
[MONITOR] up=601998s window=10s thermal=not_started imagery=not_started
[MONITOR] up=602008s window=10s thermal=not_started imagery=not_started
[MONITOR] up=602018s window=10s thermal=not_started imagery=not_started
[MONITOR] up=602028s window=10s thermal=not_started imagery=not_started
[MONITOR] up=602038s window=10s thermal=not_started imagery=not_started
[MONITOR] up=602048s window=10s thermal=not_started imagery=not_started
[MONITOR] up=602058s window=10s thermal=not_started imagery=not_started
[MONITOR] up=602068s window=10s thermal=not_started imagery=not_started
[MONITOR] up=602078s window=10s thermal=not_started imagery=not_started
[MONITOR] up=602088s window=10s thermal=not_started imagery=not_started
[MONITOR] up=602098s window=10s thermal=not_started imagery=not_started
[MONITOR] up=602108s window=10s thermal=not_started imagery=not_started
[MONITOR] up=602118s window=10s thermal=not_started imagery=not_started
[MONITOR] up=602128s window=10s thermal=not_started imagery=not_started
[MONITOR] up=602138s window=10s thermal=not_started imagery=not_started
[MONITOR] up=602148s window=10s thermal=not_started imagery=not_started
[MONITOR] up=602158s window=10s thermal=not_started imagery=not_started
[MONITOR] up=602168s window=10s thermal=not_started imagery=not_started
[MONITOR] up=602178s window=10s thermal=not_started imagery=not_started
[MONITOR] up=602188s window=10s thermal=not_started imagery=not_started
[MONITOR] up=602198s window=10s thermal=not_started imagery=not_started
[MONITOR] up=602208s window=10s thermal=not_started imagery=not_started
[MONITOR] up=602218s window=10s thermal=not_started imagery=not_started
[MONITOR] up=602228s window=10s thermal=not_started imagery=not_started
[MONITOR] up=602238s window=10s thermal=not_started imagery=not_started
[MONITOR] up=602248s window=10s thermal=not_started imagery=not_started
[MONITOR] up=602258s window=10s thermal=not_started imagery=not_started
[MONITOR] up=602268s window=10s thermal=not_started imagery=not_started
[MONITOR] up=602278s window=10s thermal=not_started imagery=not_started
[MONITOR] up=602288s window=10s thermal=not_started imagery=not_started
[MONITOR] up=602298s window=10s thermal=not_started imagery=not_started
[MONITOR] up=602308s window=10s thermal=not_started imagery=not_started
[MONITOR] up=602318s window=10s thermal=not_started imagery=not_started
[MONITOR] up=602328s window=10s thermal=not_started imagery=not_started
[MONITOR] up=602338s window=10s thermal=not_started imagery=not_started
[MONITOR] up=602348s window=10s thermal=not_started imagery=not_started
[MONITOR] up=602358s window=10s thermal=not_started imagery=not_started
[MONITOR] up=602368s window=10s thermal=not_started imagery=not_started
[MONITOR] up=602378s window=10s thermal=not_started imagery=not_started
[MONITOR] up=602388s window=10s thermal=not_started imagery=not_started
[MONITOR] up=602398s window=10s thermal=not_started imagery=not_started
[MONITOR] up=602408s window=10s thermal=not_started imagery=not_started
[MONITOR] up=602418s window=10s thermal=not_started imagery=not_started
[MONITOR] up=602428s window=10s thermal=not_started imagery=not_started
[MONITOR] up=602438s window=10s thermal=not_started imagery=not_started
[MONITOR] up=602448s window=10s thermal=not_started imagery=not_started
[MONITOR] up=602458s window=10s thermal=not_started imagery=not_started
[MONITOR] up=602468s window=10s thermal=not_started imagery=not_started
[MONITOR] up=602478s window=10s thermal=not_started imagery=not_started
[MONITOR] up=602488s window=10s thermal=not_started imagery=not_started
[MONITOR] up=602498s window=10s thermal=not_started imagery=not_started
[MONITOR] up=602508s window=10s thermal=not_started imagery=not_started
[MONITOR] up=602518s window=10s thermal=not_started imagery=not_started
[MONITOR] up=602528s window=10s thermal=not_started imagery=not_started
[MONITOR] up=602538s window=10s thermal=not_started imagery=not_started
[MONITOR] up=602548s window=10s thermal=not_started imagery=not_started
[MONITOR] up=602558s window=10s thermal=not_started imagery=not_started
[MONITOR] up=602568s window=10s thermal=not_started imagery=not_started
[MONITOR] up=602578s window=10s thermal=not_started imagery=not_started
[MONITOR] up=602588s window=10s thermal=not_started imagery=not_started
[MONITOR] up=602598s window=10s thermal=not_started imagery=not_started
[MONITOR] up=602608s window=10s thermal=not_started imagery=not_started
[MONITOR] up=602618s window=10s thermal=not_started imagery=not_started
[MONITOR] up=602628s window=10s thermal=not_started imagery=not_started
[MONITOR] up=602638s window=10s thermal=not_started imagery=not_started
[MONITOR] up=602648s window=10s thermal=not_started imagery=not_started
[MONITOR] up=602658s window=10s thermal=not_started imagery=not_started
[MONITOR] up=602668s window=10s thermal=not_started imagery=not_started
[MONITOR] up=602678s window=10s thermal=not_started imagery=not_started
[MONITOR] up=602688s window=10s thermal=not_started imagery=not_started
[MONITOR] up=602698s window=10s thermal=not_started imagery=not_started
[MONITOR] up=602708s window=10s thermal=not_started imagery=not_started
[MONITOR] up=602718s window=10s thermal=not_started imagery=not_started
[MONITOR] up=602728s window=10s thermal=not_started imagery=not_started
[MONITOR] up=602738s window=10s thermal=not_started imagery=not_started
[MONITOR] up=602748s window=10s thermal=not_started imagery=not_started
[MONITOR] up=602758s window=10s thermal=not_started imagery=not_started
[MONITOR] up=602768s window=10s thermal=not_started imagery=not_started
[MONITOR] up=602778s window=10s thermal=not_started imagery=not_started
[MONITOR] up=602788s window=10s thermal=not_started imagery=not_started
[MONITOR] up=602798s window=10s thermal=not_started imagery=not_started
[MONITOR] up=602808s window=10s thermal=not_started imagery=not_started
[MONITOR] up=602818s window=10s thermal=not_started imagery=not_started
[MONITOR] up=602828s window=10s thermal=not_started imagery=not_started
[MONITOR] up=602838s window=10s thermal=not_started imagery=not_started
[MONITOR] up=602848s window=10s thermal=not_started imagery=not_started
[MONITOR] up=602858s window=10s thermal=not_started imagery=not_started
[MONITOR] up=602868s window=10s thermal=not_started imagery=not_started
[MONITOR] up=602878s window=10s thermal=not_started imagery=not_started
[MONITOR] up=602888s window=10s thermal=not_started imagery=not_started
[MONITOR] up=602898s window=10s thermal=not_started imagery=not_started
[MONITOR] up=602908s window=10s thermal=not_started imagery=not_started
[MONITOR] up=602918s window=10s thermal=not_started imagery=not_started
[MONITOR] up=602928s window=10s thermal=not_started imagery=not_started
[MONITOR] up=602938s window=10s thermal=not_started imagery=not_started
[MONITOR] up=602948s window=10s thermal=not_started imagery=not_started
[MONITOR] up=602958s window=10s thermal=not_started imagery=not_started
[MONITOR] up=602968s window=10s thermal=not_started imagery=not_started
[MONITOR] up=602978s window=10s thermal=not_started imagery=not_started
[MONITOR] up=602988s window=10s thermal=not_started imagery=not_started
[MONITOR] up=602998s window=10s thermal=not_started imagery=not_started
[MONITOR] up=603008s window=10s thermal=not_started imagery=not_started
[MONITOR] up=603018s window=10s thermal=not_started imagery=not_started
[MONITOR] up=603028s window=10s thermal=not_started imagery=not_started
[MONITOR] up=603038s window=10s thermal=not_started imagery=not_started
[MONITOR] up=603048s window=10s thermal=not_started imagery=not_started
[MONITOR] up=603058s window=10s thermal=not_started imagery=not_started
[MONITOR] up=603068s window=10s thermal=not_started imagery=not_started
[MONITOR] up=603078s window=10s thermal=not_started imagery=not_started
[MONITOR] up=603088s window=10s thermal=not_started imagery=not_started
[MONITOR] up=603098s window=10s thermal=not_started imagery=not_started
[MONITOR] up=603108s window=10s thermal=not_started imagery=not_started
[MONITOR] up=603118s window=10s thermal=not_started imagery=not_started
[MONITOR] up=603128s window=10s thermal=not_started imagery=not_started
[MONITOR] up=603138s window=10s thermal=not_started imagery=not_started
[MONITOR] up=603148s window=10s thermal=not_started imagery=not_started
[MONITOR] up=603158s window=10s thermal=not_started imagery=not_started
[MONITOR] up=603168s window=10s thermal=not_started imagery=not_started
[MONITOR] up=603178s window=10s thermal=not_started imagery=not_started
[MONITOR] up=603188s window=10s thermal=not_started imagery=not_started
[MONITOR] up=603198s window=10s thermal=not_started imagery=not_started
[MONITOR] up=603208s window=10s thermal=not_started imagery=not_started
[MONITOR] up=603218s window=10s thermal=not_started imagery=not_started
[MONITOR] up=603228s window=10s thermal=not_started imagery=not_started
[MONITOR] up=603238s window=10s thermal=not_started imagery=not_started
[MONITOR] up=603248s window=10s thermal=not_started imagery=not_started
[MONITOR] up=603258s window=10s thermal=not_started imagery=not_started
[MONITOR] up=603268s window=10s thermal=not_started imagery=not_started
[MONITOR] up=603278s window=10s thermal=not_started imagery=not_started
[MONITOR] up=603288s window=10s thermal=not_started imagery=not_started
[MONITOR] up=603298s window=10s thermal=not_started imagery=not_started
[MONITOR] up=603308s window=10s thermal=not_started imagery=not_started
[MONITOR] up=603318s window=10s thermal=not_started imagery=not_started
[MONITOR] up=603328s window=10s thermal=not_started imagery=not_started
[MONITOR] up=603338s window=10s thermal=not_started imagery=not_started
[MONITOR] up=603348s window=10s thermal=not_started imagery=not_started
[MONITOR] up=603358s window=10s thermal=not_started imagery=not_started
[MONITOR] up=603368s window=10s thermal=not_started imagery=not_started
[MONITOR] up=603378s window=10s thermal=not_started imagery=not_started
[MONITOR] up=603388s window=10s thermal=not_started imagery=not_started
[MONITOR] up=603398s window=10s thermal=not_started imagery=not_started
[MONITOR] up=603408s window=10s thermal=not_started imagery=not_started
[MONITOR] up=603418s window=10s thermal=not_started imagery=not_started
[MONITOR] up=603428s window=10s thermal=not_started imagery=not_started
[MONITOR] up=603438s window=10s thermal=not_started imagery=not_started
[MONITOR] up=603448s window=10s thermal=not_started imagery=not_started
[MONITOR] up=603458s window=10s thermal=not_started imagery=not_started
[MONITOR] up=603468s window=10s thermal=not_started imagery=not_started
[MONITOR] up=603478s window=10s thermal=not_started imagery=not_started
[MONITOR] up=603488s window=10s thermal=not_started imagery=not_started
[MONITOR] up=603498s window=10s thermal=not_started imagery=not_started
[MONITOR] up=603508s window=10s thermal=not_started imagery=not_started
[MONITOR] up=603518s window=10s thermal=not_started imagery=not_started
[MONITOR] up=603528s window=10s thermal=not_started imagery=not_started
[MONITOR] up=603538s window=10s thermal=not_started imagery=not_started
[MONITOR] up=603548s window=10s thermal=not_started imagery=not_started
[MONITOR] up=603558s window=10s thermal=not_started imagery=not_started
[MONITOR] up=603568s window=10s thermal=not_started imagery=not_started
[MONITOR] up=603578s window=10s thermal=not_started imagery=not_started
[MONITOR] up=603588s window=10s thermal=not_started imagery=not_started
[MONITOR] up=603598s window=10s thermal=not_started imagery=not_started
[MONITOR] up=603608s window=10s thermal=not_started imagery=not_started
[MONITOR] up=603618s window=10s thermal=not_started imagery=not_started
[MONITOR] up=603628s window=10s thermal=not_started imagery=not_started
[MONITOR] up=603638s window=10s thermal=not_started imagery=not_started
[MONITOR] up=603648s window=10s thermal=not_started imagery=not_started
[MONITOR] up=603658s window=10s thermal=not_started imagery=not_started
[MONITOR] up=603668s window=10s thermal=not_started imagery=not_started
[MONITOR] up=603678s window=10s thermal=not_started imagery=not_started
[MONITOR] up=603688s window=10s thermal=not_started imagery=not_started
[MONITOR] up=603698s window=10s thermal=not_started imagery=not_started
[MONITOR] up=603708s window=10s thermal=not_started imagery=not_started
[MONITOR] up=603718s window=10s thermal=not_started imagery=not_started
[MONITOR] up=603728s window=10s thermal=not_started imagery=not_started
[MONITOR] up=603738s window=10s thermal=not_started imagery=not_started
[MONITOR] up=603749s window=10s thermal=not_started imagery=not_started
[MONITOR] up=603759s window=10s thermal=not_started imagery=not_started
[MONITOR] up=603769s window=10s thermal=not_started imagery=not_started
[MONITOR] up=603779s window=10s thermal=not_started imagery=not_started
[MONITOR] up=603789s window=10s thermal=not_started imagery=not_started
[MONITOR] up=603799s window=10s thermal=not_started imagery=not_started
[MONITOR] up=603809s window=10s thermal=not_started imagery=not_started
[MONITOR] up=603819s window=10s thermal=not_started imagery=not_started
[MONITOR] up=603829s window=10s thermal=not_started imagery=not_started
[MONITOR] up=603839s window=10s thermal=not_started imagery=not_started
[MONITOR] up=603849s window=10s thermal=not_started imagery=not_started
[MONITOR] up=603859s window=10s thermal=not_started imagery=not_started
[MONITOR] up=603869s window=10s thermal=not_started imagery=not_started
[MONITOR] up=603879s window=10s thermal=not_started imagery=not_started
[MONITOR] up=603889s window=10s thermal=not_started imagery=not_started
[MONITOR] up=603899s window=10s thermal=not_started imagery=not_started
[MONITOR] up=603909s window=10s thermal=not_started imagery=not_started
[MONITOR] up=603919s window=10s thermal=not_started imagery=not_started
[MONITOR] up=603929s window=10s thermal=not_started imagery=not_started
[MONITOR] up=603939s window=10s thermal=not_started imagery=not_started
[MONITOR] up=603949s window=10s thermal=not_started imagery=not_started
[MONITOR] up=603959s window=10s thermal=not_started imagery=not_started
[MONITOR] up=603969s window=10s thermal=not_started imagery=not_started
[MONITOR] up=603979s window=10s thermal=not_started imagery=not_started
[MONITOR] up=603989s window=10s thermal=not_started imagery=not_started
[MONITOR] up=603999s window=10s thermal=not_started imagery=not_started
[MONITOR] up=604009s window=10s thermal=not_started imagery=not_started
[MONITOR] up=604019s window=10s thermal=not_started imagery=not_started
[MONITOR] up=604029s window=10s thermal=not_started imagery=not_started
[MONITOR] up=604039s window=10s thermal=not_started imagery=not_started
[MONITOR] up=604049s window=10s thermal=not_started imagery=not_started
[MONITOR] up=604059s window=10s thermal=not_started imagery=not_started
[MONITOR] up=604069s window=10s thermal=not_started imagery=not_started
[MONITOR] up=604079s window=10s thermal=not_started imagery=not_started
[MONITOR] up=604089s window=10s thermal=not_started imagery=not_started
[MONITOR] up=604099s window=10s thermal=not_started imagery=not_started
[MONITOR] up=604109s window=10s thermal=not_started imagery=not_started
[MONITOR] up=604119s window=10s thermal=not_started imagery=not_started
[MONITOR] up=604129s window=10s thermal=not_started imagery=not_started
[MONITOR] up=604139s window=10s thermal=not_started imagery=not_started
[MONITOR] up=604149s window=10s thermal=not_started imagery=not_started
[MONITOR] up=604159s window=10s thermal=not_started imagery=not_started
[MONITOR] up=604169s window=10s thermal=not_started imagery=not_started
[MONITOR] up=604179s window=10s thermal=not_started imagery=not_started
[MONITOR] up=604189s window=10s thermal=not_started imagery=not_started
[MONITOR] up=604199s window=10s thermal=not_started imagery=not_started
[MONITOR] up=604209s window=10s thermal=not_started imagery=not_started
[MONITOR] up=604219s window=10s thermal=not_started imagery=not_started
[MONITOR] up=604229s window=10s thermal=not_started imagery=not_started
[MONITOR] up=604239s window=10s thermal=not_started imagery=not_started
[MONITOR] up=604249s window=10s thermal=not_started imagery=not_started
[MONITOR] up=604259s window=10s thermal=not_started imagery=not_started
[MONITOR] up=604269s window=10s thermal=not_started imagery=not_started
[MONITOR] up=604279s window=10s thermal=not_started imagery=not_started
[MONITOR] up=604289s window=10s thermal=not_started imagery=not_started
[MONITOR] up=604299s window=10s thermal=not_started imagery=not_started
[MONITOR] up=604309s window=10s thermal=not_started imagery=not_started
[MONITOR] up=604319s window=10s thermal=not_started imagery=not_started
[MONITOR] up=604329s window=10s thermal=not_started imagery=not_started
[MONITOR] up=604339s window=10s thermal=not_started imagery=not_started
[MONITOR] up=604349s window=10s thermal=not_started imagery=not_started
[MONITOR] up=604359s window=10s thermal=not_started imagery=not_started
[MONITOR] up=604369s window=10s thermal=not_started imagery=not_started
[MONITOR] up=604379s window=10s thermal=not_started imagery=not_started
[MONITOR] up=604389s window=10s thermal=not_started imagery=not_started
[MONITOR] up=604399s window=10s thermal=not_started imagery=not_started
[MONITOR] up=604409s window=10s thermal=not_started imagery=not_started
[MONITOR] up=604419s window=10s thermal=not_started imagery=not_started
[MONITOR] up=604429s window=10s thermal=not_started imagery=not_started
[MONITOR] up=604439s window=10s thermal=not_started imagery=not_started
[MONITOR] up=604449s window=10s thermal=not_started imagery=not_started
[MONITOR] up=604459s window=10s thermal=not_started imagery=not_started
[MONITOR] up=604469s window=10s thermal=not_started imagery=not_started
[MONITOR] up=604479s window=10s thermal=not_started imagery=not_started
[MONITOR] up=604489s window=10s thermal=not_started imagery=not_started
[MONITOR] up=604499s window=10s thermal=not_started imagery=not_started
[MONITOR] up=604509s window=10s thermal=not_started imagery=not_started
[MONITOR] up=604519s window=10s thermal=not_started imagery=not_started
[MONITOR] up=604529s window=10s thermal=not_started imagery=not_started
[MONITOR] up=604539s window=10s thermal=not_started imagery=not_started
[MONITOR] up=604549s window=10s thermal=not_started imagery=not_started
[MONITOR] up=604559s window=10s thermal=not_started imagery=not_started
[MONITOR] up=604569s window=10s thermal=not_started imagery=not_started
[MONITOR] up=604579s window=10s thermal=not_started imagery=not_started
[MONITOR] up=604589s window=10s thermal=not_started imagery=not_started
[MONITOR] up=604599s window=10s thermal=not_started imagery=not_started
[MONITOR] up=604609s window=10s thermal=not_started imagery=not_started
[MONITOR] up=604619s window=10s thermal=not_started imagery=not_started
[MONITOR] up=604629s window=10s thermal=not_started imagery=not_started
[MONITOR] up=604639s window=10s thermal=not_started imagery=not_started
[MONITOR] up=604649s window=10s thermal=not_started imagery=not_started
[MONITOR] up=604659s window=10s thermal=not_started imagery=not_started
[MONITOR] up=604669s window=10s thermal=not_started imagery=not_started
[MONITOR] up=604679s window=10s thermal=not_started imagery=not_started
[MONITOR] up=604689s window=10s thermal=not_started imagery=not_started
[MONITOR] up=604699s window=10s thermal=not_started imagery=not_started
[MONITOR] up=604709s window=10s thermal=not_started imagery=not_started
[MONITOR] up=604719s window=10s thermal=not_started imagery=not_started
[MONITOR] up=604729s window=10s thermal=not_started imagery=not_started
[MONITOR] up=604739s window=10s thermal=not_started imagery=not_started
[MONITOR] up=604749s window=10s thermal=not_started imagery=not_started
[MONITOR] up=604759s window=10s thermal=not_started imagery=not_started
[MONITOR] up=604769s window=10s thermal=not_started imagery=not_started
[MONITOR] up=604779s window=10s thermal=not_started imagery=not_started
[MONITOR] up=604789s window=10s thermal=not_started imagery=not_started
[MONITOR] up=604799s window=10s thermal=not_started imagery=not_started
[MONITOR] up=604809s window=10s thermal=not_started imagery=not_started
[MONITOR] up=604819s window=10s thermal=not_started imagery=not_started
[MONITOR] up=604829s window=10s thermal=not_started imagery=not_started
[MONITOR] up=604839s window=10s thermal=not_started imagery=not_started
[MONITOR] up=604849s window=10s thermal=not_started imagery=not_started
[MONITOR] up=604859s window=10s thermal=not_started imagery=not_started
[MONITOR] up=604869s window=10s thermal=not_started imagery=not_started
[MONITOR] up=604920s window=10s thermal=not_started imagery=not_started
[MONITOR] up=604930s window=10s thermal=not_started imagery=not_started
[MONITOR] up=604940s window=10s thermal=not_started imagery=not_started
[MONITOR] up=604950s window=10s thermal=not_started imagery=not_started
[MONITOR] up=604960s window=10s thermal=not_started imagery=not_started
[MONITOR] up=604970s window=10s thermal=not_started imagery=not_started
[MONITOR] up=604980s window=10s thermal=not_started imagery=not_started
[MONITOR] up=604990s window=10s thermal=not_started imagery=not_started
[MONITOR] up=605000s window=10s thermal=not_started imagery=not_started
[MONITOR] up=605010s window=10s thermal=not_started imagery=not_started
[MONITOR] up=605020s window=10s thermal=not_started imagery=not_started
[MONITOR] up=605030s window=10s thermal=not_started imagery=not_started
[MONITOR] up=605040s window=10s thermal=not_started imagery=not_started
[MONITOR] up=605050s window=10s thermal=not_started imagery=not_started
[MONITOR] up=605060s window=10s thermal=not_started imagery=not_started
[MONITOR] up=605070s window=10s thermal=not_started imagery=not_started
[MONITOR] up=605080s window=10s thermal=not_started imagery=not_started
[MONITOR] up=605090s window=10s thermal=not_started imagery=not_started
[MONITOR] up=605100s window=10s thermal=not_started imagery=not_started
[MONITOR] up=605110s window=10s thermal=not_started imagery=not_started
[MONITOR] up=605120s window=10s thermal=not_started imagery=not_started
[MONITOR] up=605130s window=10s thermal=not_started imagery=not_started
[MONITOR] up=605140s window=10s thermal=not_started imagery=not_started
[MONITOR] up=605150s window=10s thermal=not_started imagery=not_started
[MONITOR] up=605160s window=10s thermal=not_started imagery=not_started
[MONITOR] up=605170s window=10s thermal=not_started imagery=not_started
[MONITOR] up=605180s window=10s thermal=not_started imagery=not_started
[MONITOR] up=605190s window=10s thermal=not_started imagery=not_started
[MONITOR] up=605200s window=10s thermal=not_started imagery=not_started
[MONITOR] up=605210s window=10s thermal=not_started imagery=not_started
[MONITOR] up=605220s window=10s thermal=not_started imagery=not_started
[MONITOR] up=605230s window=10s thermal=not_started imagery=not_started
[MONITOR] up=605240s window=10s thermal=not_started imagery=not_started
[MONITOR] up=605250s window=10s thermal=not_started imagery=not_started
[MONITOR] up=605260s window=10s thermal=not_started imagery=not_started
[MONITOR] up=605270s window=10s thermal=not_started imagery=not_started
[MONITOR] up=605280s window=10s thermal=not_started imagery=not_started
[MONITOR] up=605290s window=10s thermal=not_started imagery=not_started
[MONITOR] up=605300s window=10s thermal=not_started imagery=not_started
[MONITOR] up=605310s window=10s thermal=not_started imagery=not_started
[MONITOR] up=605320s window=10s thermal=not_started imagery=not_started
[MONITOR] up=605330s window=10s thermal=not_started imagery=not_started
[MONITOR] up=605340s window=10s thermal=not_started imagery=not_started
[MONITOR] up=605350s window=10s thermal=not_started imagery=not_started
[MONITOR] up=605360s window=10s thermal=not_started imagery=not_started
[MONITOR] up=605370s window=10s thermal=not_started imagery=not_started
[MONITOR] up=605380s window=10s thermal=not_started imagery=not_started
[MONITOR] up=605390s window=10s thermal=not_started imagery=not_started
[MONITOR] up=605400s window=10s thermal=not_started imagery=not_started
[MONITOR] up=605410s window=10s thermal=not_started imagery=not_started
[MONITOR] up=605420s window=10s thermal=not_started imagery=not_started
[MONITOR] up=605430s window=10s thermal=not_started imagery=not_started
[MONITOR] up=605440s window=10s thermal=not_started imagery=not_started
[MONITOR] up=605450s window=10s thermal=not_started imagery=not_started
[MONITOR] up=605460s window=10s thermal=not_started imagery=not_started
[MONITOR] up=605470s window=10s thermal=not_started imagery=not_started
[MONITOR] up=605480s window=10s thermal=not_started imagery=not_started
[MONITOR] up=605490s window=10s thermal=not_started imagery=not_started
[MONITOR] up=605500s window=10s thermal=not_started imagery=not_started
[MONITOR] up=605510s window=10s thermal=not_started imagery=not_started
[MONITOR] up=605520s window=10s thermal=not_started imagery=not_started
[MONITOR] up=605530s window=10s thermal=not_started imagery=not_started
[MONITOR] up=605540s window=10s thermal=not_started imagery=not_started
[MONITOR] up=605550s window=10s thermal=not_started imagery=not_started
[MONITOR] up=605560s window=10s thermal=not_started imagery=not_started
[MONITOR] up=605570s window=10s thermal=not_started imagery=not_started
[MONITOR] up=605580s window=10s thermal=not_started imagery=not_started
[MONITOR] up=605590s window=10s thermal=not_started imagery=not_started
[MONITOR] up=605600s window=10s thermal=not_started imagery=not_started
[MONITOR] up=605610s window=10s thermal=not_started imagery=not_started
[MONITOR] up=605620s window=10s thermal=not_started imagery=not_started
[MONITOR] up=605630s window=10s thermal=not_started imagery=not_started
[MONITOR] up=605640s window=10s thermal=not_started imagery=not_started
[MONITOR] up=605650s window=10s thermal=not_started imagery=not_started
[MONITOR] up=605660s window=10s thermal=not_started imagery=not_started
[MONITOR] up=605670s window=10s thermal=not_started imagery=not_started
[MONITOR] up=605680s window=10s thermal=not_started imagery=not_started
[MONITOR] up=605690s window=10s thermal=not_started imagery=not_started
[MONITOR] up=605700s window=10s thermal=not_started imagery=not_started
[MONITOR] up=605710s window=10s thermal=not_started imagery=not_started
[MONITOR] up=605720s window=10s thermal=not_started imagery=not_started
[MONITOR] up=605730s window=10s thermal=not_started imagery=not_started
[MONITOR] up=605740s window=10s thermal=not_started imagery=not_started
[MONITOR] up=605750s window=10s thermal=not_started imagery=not_started
[MONITOR] up=605760s window=10s thermal=not_started imagery=not_started
[MONITOR] up=605770s window=10s thermal=not_started imagery=not_started
[MONITOR] up=605780s window=10s thermal=not_started imagery=not_started
[MONITOR] up=605790s window=10s thermal=not_started imagery=not_started
[MONITOR] up=605800s window=10s thermal=not_started imagery=not_started
[MONITOR] up=605810s window=10s thermal=not_started imagery=not_started
[MONITOR] up=605820s window=10s thermal=not_started imagery=not_started
[MONITOR] up=605830s window=10s thermal=not_started imagery=not_started
[MONITOR] up=605840s window=10s thermal=not_started imagery=not_started
[MONITOR] up=605850s window=10s thermal=not_started imagery=not_started
[MONITOR] up=605860s window=10s thermal=not_started imagery=not_started
[MONITOR] up=605870s window=10s thermal=not_started imagery=not_started
[MONITOR] up=605880s window=10s thermal=not_started imagery=not_started
[MONITOR] up=605890s window=10s thermal=not_started imagery=not_started
[MONITOR] up=605900s window=10s thermal=not_started imagery=not_started
[MONITOR] up=605910s window=10s thermal=not_started imagery=not_started
[MONITOR] up=605920s window=10s thermal=not_started imagery=not_started
[MONITOR] up=605930s window=10s thermal=not_started imagery=not_started
[MONITOR] up=605940s window=10s thermal=not_started imagery=not_started
[MONITOR] up=605950s window=10s thermal=not_started imagery=not_started
[MONITOR] up=605960s window=10s thermal=not_started imagery=not_started
[MONITOR] up=605970s window=10s thermal=not_started imagery=not_started
[MONITOR] up=605980s window=10s thermal=not_started imagery=not_started
[MONITOR] up=605990s window=10s thermal=not_started imagery=not_started
[MONITOR] up=606000s window=10s thermal=not_started imagery=not_started
[MONITOR] up=606010s window=10s thermal=not_started imagery=not_started
[MONITOR] up=606020s window=10s thermal=not_started imagery=not_started
[MONITOR] up=606030s window=10s thermal=not_started imagery=not_started
[MONITOR] up=606040s window=10s thermal=not_started imagery=not_started
[MONITOR] up=606050s window=10s thermal=not_started imagery=not_started
[MONITOR] up=606060s window=10s thermal=not_started imagery=not_started
[MONITOR] up=606070s window=10s thermal=not_started imagery=not_started
[MONITOR] up=606080s window=10s thermal=not_started imagery=not_started
[MONITOR] up=606090s window=10s thermal=not_started imagery=not_started
[MONITOR] up=606100s window=10s thermal=not_started imagery=not_started
[MONITOR] up=606110s window=10s thermal=not_started imagery=not_started
[MONITOR] up=606120s window=10s thermal=not_started imagery=not_started
[MONITOR] up=606130s window=10s thermal=not_started imagery=not_started
[MONITOR] up=606140s window=10s thermal=not_started imagery=not_started
[MONITOR] up=606150s window=10s thermal=not_started imagery=not_started
[MONITOR] up=606160s window=10s thermal=not_started imagery=not_started
[MONITOR] up=606170s window=10s thermal=not_started imagery=not_started
[MONITOR] up=606180s window=10s thermal=not_started imagery=not_started
[MONITOR] up=606190s window=10s thermal=not_started imagery=not_started
[MONITOR] up=606200s window=10s thermal=not_started imagery=not_started
[MONITOR] up=606210s window=10s thermal=not_started imagery=not_started
[MONITOR] up=606220s window=10s thermal=not_started imagery=not_started
[MONITOR] up=606230s window=10s thermal=not_started imagery=not_started
[MONITOR] up=606240s window=10s thermal=not_started imagery=not_started
[MONITOR] up=606250s window=10s thermal=not_started imagery=not_started
[MONITOR] up=606260s window=10s thermal=not_started imagery=not_started
[MONITOR] up=606270s window=10s thermal=not_started imagery=not_started
[MONITOR] up=606280s window=10s thermal=not_started imagery=not_started
[MONITOR] up=606290s window=10s thermal=not_started imagery=not_started
[MONITOR] up=606300s window=10s thermal=not_started imagery=not_started
[MONITOR] up=606310s window=10s thermal=not_started imagery=not_started
[MONITOR] up=606320s window=10s thermal=not_started imagery=not_started
[MONITOR] up=606330s window=10s thermal=not_started imagery=not_started
[MONITOR] up=606340s window=10s thermal=not_started imagery=not_started
[MONITOR] up=606350s window=10s thermal=not_started imagery=not_started
[MONITOR] up=606360s window=10s thermal=not_started imagery=not_started
[MONITOR] up=606370s window=10s thermal=not_started imagery=not_started
[MONITOR] up=606380s window=10s thermal=not_started imagery=not_started
[MONITOR] up=606390s window=10s thermal=not_started imagery=not_started
[MONITOR] up=606400s window=10s thermal=not_started imagery=not_started
[MONITOR] up=606410s window=10s thermal=not_started imagery=not_started
[MONITOR] up=606420s window=10s thermal=not_started imagery=not_started
[MONITOR] up=606430s window=10s thermal=not_started imagery=not_started
[MONITOR] up=606440s window=10s thermal=not_started imagery=not_started
[MONITOR] up=606450s window=10s thermal=not_started imagery=not_started
[MONITOR] up=606460s window=10s thermal=not_started imagery=not_started
[MONITOR] up=606470s window=10s thermal=not_started imagery=not_started
[MONITOR] up=606480s window=10s thermal=not_started imagery=not_started
[MONITOR] up=606490s window=10s thermal=not_started imagery=not_started
[MONITOR] up=606500s window=10s thermal=not_started imagery=not_started
[MONITOR] up=606510s window=10s thermal=not_started imagery=not_started
[MONITOR] up=606520s window=10s thermal=not_started imagery=not_started
[MONITOR] up=606530s window=10s thermal=not_started imagery=not_started
[MONITOR] up=606540s window=10s thermal=not_started imagery=not_started
[MONITOR] up=606550s window=10s thermal=not_started imagery=not_started
[MONITOR] up=606560s window=10s thermal=not_started imagery=not_started
[MONITOR] up=606570s window=10s thermal=not_started imagery=not_started
[MONITOR] up=606580s window=10s thermal=not_started imagery=not_started
[MONITOR] up=606590s window=10s thermal=not_started imagery=not_started
[MONITOR] up=606600s window=10s thermal=not_started imagery=not_started
[MONITOR] up=606610s window=10s thermal=not_started imagery=not_started
[MONITOR] up=606620s window=10s thermal=not_started imagery=not_started
[MONITOR] up=606630s window=10s thermal=not_started imagery=not_started
[MONITOR] up=606640s window=10s thermal=not_started imagery=not_started
[MONITOR] up=606650s window=10s thermal=not_started imagery=not_started
[MONITOR] up=606660s window=10s thermal=not_started imagery=not_started
[MONITOR] up=606670s window=10s thermal=not_started imagery=not_started
[MONITOR] up=606680s window=10s thermal=not_started imagery=not_started
[MONITOR] up=606690s window=10s thermal=not_started imagery=not_started
[MONITOR] up=606700s window=10s thermal=not_started imagery=not_started
[MONITOR] up=606710s window=10s thermal=not_started imagery=not_started
[MONITOR] up=606720s window=10s thermal=not_started imagery=not_started
[MONITOR] up=606730s window=10s thermal=not_started imagery=not_started
[MONITOR] up=606740s window=10s thermal=not_started imagery=not_started
[MONITOR] up=606750s window=10s thermal=not_started imagery=not_started
[MONITOR] up=606760s window=10s thermal=not_started imagery=not_started
[MONITOR] up=606770s window=10s thermal=not_started imagery=not_started
[MONITOR] up=606780s window=10s thermal=not_started imagery=not_started
[MONITOR] up=606790s window=10s thermal=not_started imagery=not_started
[MONITOR] up=606800s window=10s thermal=not_started imagery=not_started
[MONITOR] up=606810s window=10s thermal=not_started imagery=not_started
[MONITOR] up=606820s window=10s thermal=not_started imagery=not_started
[MONITOR] up=606830s window=10s thermal=not_started imagery=not_started
[MONITOR] up=606840s window=10s thermal=not_started imagery=not_started
[MONITOR] up=606850s window=10s thermal=not_started imagery=not_started
[MONITOR] up=606860s window=10s thermal=not_started imagery=not_started
[MONITOR] up=606870s window=10s thermal=not_started imagery=not_started
[MONITOR] up=606880s window=10s thermal=not_started imagery=not_started
[MONITOR] up=606890s window=10s thermal=not_started imagery=not_started
[MONITOR] up=606900s window=10s thermal=not_started imagery=not_started
[MONITOR] up=606910s window=10s thermal=not_started imagery=not_started
[MONITOR] up=606920s window=10s thermal=not_started imagery=not_started
[MONITOR] up=606930s window=10s thermal=not_started imagery=not_started
[MONITOR] up=606940s window=10s thermal=not_started imagery=not_started
[MONITOR] up=606950s window=10s thermal=not_started imagery=not_started
[MONITOR] up=606960s window=10s thermal=not_started imagery=not_started
[MONITOR] up=606970s window=10s thermal=not_started imagery=not_started
[MONITOR] up=606980s window=10s thermal=not_started imagery=not_started
[MONITOR] up=606990s window=10s thermal=not_started imagery=not_started
[MONITOR] up=607000s window=10s thermal=not_started imagery=not_started
[MONITOR] up=607010s window=10s thermal=not_started imagery=not_started
[MONITOR] up=607020s window=10s thermal=not_started imagery=not_started
[MONITOR] up=607030s window=10s thermal=not_started imagery=not_started
[MONITOR] up=607040s window=10s thermal=not_started imagery=not_started
[MONITOR] up=607050s window=10s thermal=not_started imagery=not_started
[MONITOR] up=607060s window=10s thermal=not_started imagery=not_started
[MONITOR] up=607070s window=10s thermal=not_started imagery=not_started
[MONITOR] up=607080s window=10s thermal=not_started imagery=not_started
[MONITOR] up=607090s window=10s thermal=not_started imagery=not_started
[MONITOR] up=607100s window=10s thermal=not_started imagery=not_started
[MONITOR] up=607110s window=10s thermal=not_started imagery=not_started
[MONITOR] up=607120s window=10s thermal=not_started imagery=not_started
[MONITOR] up=607130s window=10s thermal=not_started imagery=not_started
[MONITOR] up=607140s window=10s thermal=not_started imagery=not_started
[MONITOR] up=607150s window=10s thermal=not_started imagery=not_started
[MONITOR] up=607160s window=10s thermal=not_started imagery=not_started
[MONITOR] up=607170s window=10s thermal=not_started imagery=not_started
[MONITOR] up=607180s window=10s thermal=not_started imagery=not_started
[MONITOR] up=607190s window=10s thermal=not_started imagery=not_started
[MONITOR] up=607200s window=10s thermal=not_started imagery=not_started
[MONITOR] up=607210s window=10s thermal=not_started imagery=not_started
[MONITOR] up=607220s window=10s thermal=not_started imagery=not_started
[MONITOR] up=607230s window=10s thermal=not_started imagery=not_started
[MONITOR] up=607240s window=10s thermal=not_started imagery=not_started
[MONITOR] up=607250s window=10s thermal=not_started imagery=not_started
[MONITOR] up=607260s window=10s thermal=not_started imagery=not_started
[MONITOR] up=607270s window=10s thermal=not_started imagery=not_started
[MONITOR] up=607280s window=10s thermal=not_started imagery=not_started
[MONITOR] up=607290s window=10s thermal=not_started imagery=not_started
[MONITOR] up=607300s window=10s thermal=not_started imagery=not_started
[MONITOR] up=607310s window=10s thermal=not_started imagery=not_started
[MONITOR] up=607320s window=10s thermal=not_started imagery=not_started
[MONITOR] up=607330s window=10s thermal=not_started imagery=not_started
[MONITOR] up=607340s window=10s thermal=not_started imagery=not_started
[MONITOR] up=607350s window=10s thermal=not_started imagery=not_started
[MONITOR] up=607360s window=10s thermal=not_started imagery=not_started
[MONITOR] up=607370s window=10s thermal=not_started imagery=not_started
[MONITOR] up=607380s window=10s thermal=not_started imagery=not_started
[MONITOR] up=607390s window=10s thermal=not_started imagery=not_started
[MONITOR] up=607400s window=10s thermal=not_started imagery=not_started
[MONITOR] up=607410s window=10s thermal=not_started imagery=not_started
[MONITOR] up=607420s window=10s thermal=not_started imagery=not_started
[MONITOR] up=607430s window=10s thermal=not_started imagery=not_started
[MONITOR] up=607440s window=10s thermal=not_started imagery=not_started
[MONITOR] up=607450s window=10s thermal=not_started imagery=not_started
[MONITOR] up=607460s window=10s thermal=not_started imagery=not_started
[MONITOR] up=607470s window=10s thermal=not_started imagery=not_started
[MONITOR] up=607480s window=10s thermal=not_started imagery=not_started
[MONITOR] up=607490s window=10s thermal=not_started imagery=not_started
[MONITOR] up=607500s window=10s thermal=not_started imagery=not_started
[MONITOR] up=607510s window=10s thermal=not_started imagery=not_started
[MONITOR] up=607520s window=10s thermal=not_started imagery=not_started
[MONITOR] up=607530s window=10s thermal=not_started imagery=not_started
[MONITOR] up=607540s window=10s thermal=not_started imagery=not_started
[MONITOR] up=607550s window=10s thermal=not_started imagery=not_started
[MONITOR] up=607560s window=10s thermal=not_started imagery=not_started
[MONITOR] up=607570s window=10s thermal=not_started imagery=not_started
[MONITOR] up=607580s window=10s thermal=not_started imagery=not_started
[MONITOR] up=607590s window=10s thermal=not_started imagery=not_started
[MONITOR] up=607600s window=10s thermal=not_started imagery=not_started
[MONITOR] up=607610s window=10s thermal=not_started imagery=not_started
[MONITOR] up=607620s window=10s thermal=not_started imagery=not_started
[MONITOR] up=607630s window=10s thermal=not_started imagery=not_started
[MONITOR] up=607640s window=10s thermal=not_started imagery=not_started
[MONITOR] up=607650s window=10s thermal=not_started imagery=not_started
[MONITOR] up=607660s window=10s thermal=not_started imagery=not_started
[MONITOR] up=607670s window=10s thermal=not_started imagery=not_started
[MONITOR] up=607680s window=10s thermal=not_started imagery=not_started
[MONITOR] up=607690s window=10s thermal=not_started imagery=not_started
[MONITOR] up=607700s window=10s thermal=not_started imagery=not_started
[MONITOR] up=607710s window=10s thermal=not_started imagery=not_started
[MONITOR] up=607720s window=10s thermal=not_started imagery=not_started
[MONITOR] up=607730s window=10s thermal=not_started imagery=not_started
[MONITOR] up=607740s window=10s thermal=not_started imagery=not_started
[MONITOR] up=607750s window=10s thermal=not_started imagery=not_started
[MONITOR] up=607760s window=10s thermal=not_started imagery=not_started
[MONITOR] up=607770s window=10s thermal=not_started imagery=not_started
[MONITOR] up=607780s window=10s thermal=not_started imagery=not_started
[MONITOR] up=607790s window=10s thermal=not_started imagery=not_started
[MONITOR] up=607800s window=10s thermal=not_started imagery=not_started
[MONITOR] up=607810s window=10s thermal=not_started imagery=not_started
[MONITOR] up=607820s window=10s thermal=not_started imagery=not_started
[MONITOR] up=607830s window=10s thermal=not_started imagery=not_started
[MONITOR] up=607840s window=10s thermal=not_started imagery=not_started
[MONITOR] up=607850s window=10s thermal=not_started imagery=not_started
[MONITOR] up=607860s window=10s thermal=not_started imagery=not_started
[MONITOR] up=607870s window=10s thermal=not_started imagery=not_started
[MONITOR] up=607880s window=10s thermal=not_started imagery=not_started
[MONITOR] up=607890s window=10s thermal=not_started imagery=not_started
[MONITOR] up=607900s window=10s thermal=not_started imagery=not_started
[MONITOR] up=607910s window=10s thermal=not_started imagery=not_started
[MONITOR] up=607920s window=10s thermal=not_started imagery=not_started
[MONITOR] up=607930s window=10s thermal=not_started imagery=not_started
[MONITOR] up=607940s window=10s thermal=not_started imagery=not_started
[MONITOR] up=607950s window=10s thermal=not_started imagery=not_started
[MONITOR] up=607960s window=10s thermal=not_started imagery=not_started
[MONITOR] up=607970s window=10s thermal=not_started imagery=not_started
[MONITOR] up=607980s window=10s thermal=not_started imagery=not_started
[MONITOR] up=607990s window=10s thermal=not_started imagery=not_started
[MONITOR] up=608000s window=10s thermal=not_started imagery=not_started
[MONITOR] up=608010s window=10s thermal=not_started imagery=not_started
[MONITOR] up=608020s window=10s thermal=not_started imagery=not_started
[MONITOR] up=608030s window=10s thermal=not_started imagery=not_started
[MONITOR] up=608040s window=10s thermal=not_started imagery=not_started
[MONITOR] up=608050s window=10s thermal=not_started imagery=not_started
[MONITOR] up=608060s window=10s thermal=not_started imagery=not_started
[MONITOR] up=608070s window=10s thermal=not_started imagery=not_started
[MONITOR] up=608080s window=10s thermal=not_started imagery=not_started
[MONITOR] up=608090s window=10s thermal=not_started imagery=not_started
[MONITOR] up=608100s window=10s thermal=not_started imagery=not_started
[MONITOR] up=608110s window=10s thermal=not_started imagery=not_started
[MONITOR] up=608120s window=10s thermal=not_started imagery=not_started
[MONITOR] up=608130s window=10s thermal=not_started imagery=not_started
[MONITOR] up=608140s window=10s thermal=not_started imagery=not_started
[MONITOR] up=608150s window=10s thermal=not_started imagery=not_started
[MONITOR] up=608160s window=10s thermal=not_started imagery=not_started
[MONITOR] up=608170s window=10s thermal=not_started imagery=not_started
[MONITOR] up=608180s window=10s thermal=not_started imagery=not_started
[MONITOR] up=608190s window=10s thermal=not_started imagery=not_started
[MONITOR] up=608200s window=10s thermal=not_started imagery=not_started
[MONITOR] up=608210s window=10s thermal=not_started imagery=not_started
[MONITOR] up=608220s window=10s thermal=not_started imagery=not_started
[MONITOR] up=608230s window=10s thermal=not_started imagery=not_started
[MONITOR] up=608240s window=10s thermal=not_started imagery=not_started
[MONITOR] up=608250s window=10s thermal=not_started imagery=not_started
[MONITOR] up=608260s window=10s thermal=not_started imagery=not_started
[MONITOR] up=608270s window=10s thermal=not_started imagery=not_started
[MONITOR] up=608280s window=10s thermal=not_started imagery=not_started
[MONITOR] up=608290s window=10s thermal=not_started imagery=not_started
[MONITOR] up=608300s window=10s thermal=not_started imagery=not_started
[MONITOR] up=608310s window=10s thermal=not_started imagery=not_started
[MONITOR] up=608320s window=10s thermal=not_started imagery=not_started
[MONITOR] up=608330s window=10s thermal=not_started imagery=not_started
[MONITOR] up=608340s window=10s thermal=not_started imagery=not_started
[MONITOR] up=608350s window=10s thermal=not_started imagery=not_started
[MONITOR] up=608360s window=10s thermal=not_started imagery=not_started
[MONITOR] up=608370s window=10s thermal=not_started imagery=not_started
[MONITOR] up=608380s window=10s thermal=not_started imagery=not_started
[MONITOR] up=608390s window=10s thermal=not_started imagery=not_started
[MONITOR] up=608400s window=10s thermal=not_started imagery=not_started
[MONITOR] up=608410s window=10s thermal=not_started imagery=not_started
[MONITOR] up=608420s window=10s thermal=not_started imagery=not_started
[MONITOR] up=608430s window=10s thermal=not_started imagery=not_started
[MONITOR] up=608440s window=10s thermal=not_started imagery=not_started
[MONITOR] up=608450s window=10s thermal=not_started imagery=not_started
[MONITOR] up=608460s window=10s thermal=not_started imagery=not_started
[MONITOR] up=608470s window=10s thermal=not_started imagery=not_started
[MONITOR] up=608480s window=10s thermal=not_started imagery=not_started
[MONITOR] up=608490s window=10s thermal=not_started imagery=not_started
[MONITOR] up=608500s window=10s thermal=not_started imagery=not_started
[MONITOR] up=608510s window=10s thermal=not_started imagery=not_started
[MONITOR] up=608520s window=10s thermal=not_started imagery=not_started
[MONITOR] up=608530s window=10s thermal=not_started imagery=not_started
[MONITOR] up=608540s window=10s thermal=not_started imagery=not_started
[MONITOR] up=608550s window=10s thermal=not_started imagery=not_started
[MONITOR] up=608560s window=10s thermal=not_started imagery=not_started
[MONITOR] up=608570s window=10s thermal=not_started imagery=not_started
[MONITOR] up=608580s window=10s thermal=not_started imagery=not_started
[MONITOR] up=608590s window=10s thermal=not_started imagery=not_started
[MONITOR] up=608600s window=10s thermal=not_started imagery=not_started
[MONITOR] up=608610s window=10s thermal=not_started imagery=not_started
[MONITOR] up=608620s window=10s thermal=not_started imagery=not_started
[MONITOR] up=608631s window=10s thermal=not_started imagery=not_started
[MONITOR] up=608641s window=10s thermal=not_started imagery=not_started
[MONITOR] up=608651s window=10s thermal=not_started imagery=not_started
[MONITOR] up=608661s window=10s thermal=not_started imagery=not_started
[MONITOR] up=608671s window=10s thermal=not_started imagery=not_started
[MONITOR] up=608681s window=10s thermal=not_started imagery=not_started
[MONITOR] up=608691s window=10s thermal=not_started imagery=not_started
[MONITOR] up=608701s window=10s thermal=not_started imagery=not_started
[MONITOR] up=608711s window=10s thermal=not_started imagery=not_started
[MONITOR] up=608721s window=10s thermal=not_started imagery=not_started
[MONITOR] up=608731s window=10s thermal=not_started imagery=not_started
[MONITOR] up=608741s window=10s thermal=not_started imagery=not_started
[MONITOR] up=608751s window=10s thermal=not_started imagery=not_started
[MONITOR] up=608761s window=10s thermal=not_started imagery=not_started
[MONITOR] up=608771s window=10s thermal=not_started imagery=not_started
[MONITOR] up=608781s window=10s thermal=not_started imagery=not_started
[MONITOR] up=608791s window=10s thermal=not_started imagery=not_started
[MONITOR] up=608801s window=10s thermal=not_started imagery=not_started
[MONITOR] up=608811s window=10s thermal=not_started imagery=not_started
[MONITOR] up=608821s window=10s thermal=not_started imagery=not_started
[MONITOR] up=608831s window=10s thermal=not_started imagery=not_started
[MONITOR] up=608841s window=10s thermal=not_started imagery=not_started
[MONITOR] up=608851s window=10s thermal=not_started imagery=not_started
[MONITOR] up=608861s window=10s thermal=not_started imagery=not_started
[MONITOR] up=608871s window=10s thermal=not_started imagery=not_started
[MONITOR] up=608881s window=10s thermal=not_started imagery=not_started
[MONITOR] up=608891s window=10s thermal=not_started imagery=not_started
[MONITOR] up=608901s window=10s thermal=not_started imagery=not_started
[MONITOR] up=608911s window=10s thermal=not_started imagery=not_started
[MONITOR] up=608921s window=10s thermal=not_started imagery=not_started
[MONITOR] up=608931s window=10s thermal=not_started imagery=not_started
[MONITOR] up=608941s window=10s thermal=not_started imagery=not_started
[MONITOR] up=608951s window=10s thermal=not_started imagery=not_started
[MONITOR] up=608961s window=10s thermal=not_started imagery=not_started
[MONITOR] up=608971s window=10s thermal=not_started imagery=not_started
[MONITOR] up=609147s window=10s thermal=not_started imagery=not_started
[MONITOR] up=609157s window=10s thermal=not_started imagery=not_started
[MONITOR] up=609167s window=10s thermal=not_started imagery=not_started
[MONITOR] up=609177s window=10s thermal=not_started imagery=not_started
[MONITOR] up=609187s window=10s thermal=not_started imagery=not_started
[MONITOR] up=609197s window=10s thermal=not_started imagery=not_started
[MONITOR] up=609207s window=10s thermal=not_started imagery=not_started
[MONITOR] up=609217s window=10s thermal=not_started imagery=not_started
[MONITOR] up=609227s window=10s thermal=not_started imagery=not_started
[MONITOR] up=609237s window=10s thermal=not_started imagery=not_started
[MONITOR] up=609247s window=10s thermal=not_started imagery=not_started
[MONITOR] up=609257s window=10s thermal=not_started imagery=not_started
[MONITOR] up=609267s window=10s thermal=not_started imagery=not_started
[MONITOR] up=609277s window=10s thermal=not_started imagery=not_started
[MONITOR] up=609287s window=10s thermal=not_started imagery=not_started
[MONITOR] up=609297s window=10s thermal=not_started imagery=not_started
[MONITOR] up=609307s window=10s thermal=not_started imagery=not_started
[MONITOR] up=609317s window=10s thermal=not_started imagery=not_started
[MONITOR] up=609327s window=10s thermal=not_started imagery=not_started
[MONITOR] up=609337s window=10s thermal=not_started imagery=not_started
[MONITOR] up=609347s window=10s thermal=not_started imagery=not_started
[MONITOR] up=609357s window=10s thermal=not_started imagery=not_started
[MONITOR] up=609367s window=10s thermal=not_started imagery=not_started
[MONITOR] up=609377s window=10s thermal=not_started imagery=not_started
[MONITOR] up=609387s window=10s thermal=not_started imagery=not_started
[MONITOR] up=609397s window=10s thermal=not_started imagery=not_started
[MONITOR] up=609407s window=10s thermal=not_started imagery=not_started
[MONITOR] up=609417s window=10s thermal=not_started imagery=not_started
[MONITOR] up=609427s window=10s thermal=not_started imagery=not_started
[MONITOR] up=609437s window=10s thermal=not_started imagery=not_started
[MONITOR] up=609447s window=10s thermal=not_started imagery=not_started
[MONITOR] up=609457s window=10s thermal=not_started imagery=not_started
[MONITOR] up=609467s window=10s thermal=not_started imagery=not_started
[MONITOR] up=609477s window=10s thermal=not_started imagery=not_started
[MONITOR] up=609487s window=10s thermal=not_started imagery=not_started
[MONITOR] up=609497s window=10s thermal=not_started imagery=not_started
[MONITOR] up=609507s window=10s thermal=not_started imagery=not_started
[MONITOR] up=609517s window=10s thermal=not_started imagery=not_started
[MONITOR] up=609527s window=10s thermal=not_started imagery=not_started
[MONITOR] up=609537s window=10s thermal=not_started imagery=not_started
[MONITOR] up=609547s window=10s thermal=not_started imagery=not_started
[MONITOR] up=609557s window=10s thermal=not_started imagery=not_started
[MONITOR] up=609567s window=10s thermal=not_started imagery=not_started
[MONITOR] up=609577s window=10s thermal=not_started imagery=not_started
[MONITOR] up=609587s window=10s thermal=not_started imagery=not_started
[MONITOR] up=609597s window=10s thermal=not_started imagery=not_started
[MONITOR] up=609607s window=10s thermal=not_started imagery=not_started
[MONITOR] up=609617s window=10s thermal=not_started imagery=not_started
[MONITOR] up=609627s window=10s thermal=not_started imagery=not_started
[MONITOR] up=609637s window=10s thermal=not_started imagery=not_started
[MONITOR] up=609647s window=10s thermal=not_started imagery=not_started
[MONITOR] up=609657s window=10s thermal=not_started imagery=not_started
[MONITOR] up=609667s window=10s thermal=not_started imagery=not_started
[MONITOR] up=609677s window=10s thermal=not_started imagery=not_started
[MONITOR] up=609687s window=10s thermal=not_started imagery=not_started
[MONITOR] up=609697s window=10s thermal=not_started imagery=not_started
[MONITOR] up=609707s window=10s thermal=not_started imagery=not_started
[MONITOR] up=609717s window=10s thermal=not_started imagery=not_started
[MONITOR] up=609727s window=10s thermal=not_started imagery=not_started
[MONITOR] up=609737s window=10s thermal=not_started imagery=not_started
[MONITOR] up=609747s window=10s thermal=not_started imagery=not_started
[MONITOR] up=609757s window=10s thermal=not_started imagery=not_started
[MONITOR] up=609767s window=10s thermal=not_started imagery=not_started
[MONITOR] up=609777s window=10s thermal=not_started imagery=not_started
[MONITOR] up=609787s window=10s thermal=not_started imagery=not_started
[MONITOR] up=609797s window=10s thermal=not_started imagery=not_started
[MONITOR] up=609807s window=10s thermal=not_started imagery=not_started
[MONITOR] up=609817s window=10s thermal=not_started imagery=not_started
[MONITOR] up=609827s window=10s thermal=not_started imagery=not_started
[MONITOR] up=609837s window=10s thermal=not_started imagery=not_started
[MONITOR] up=609847s window=10s thermal=not_started imagery=not_started
[MONITOR] up=609857s window=10s thermal=not_started imagery=not_started
[MONITOR] up=609867s window=10s thermal=not_started imagery=not_started
[MONITOR] up=609877s window=10s thermal=not_started imagery=not_started
[MONITOR] up=609887s window=10s thermal=not_started imagery=not_started
[MONITOR] up=609897s window=10s thermal=not_started imagery=not_started
[MONITOR] up=609907s window=10s thermal=not_started imagery=not_started
[MONITOR] up=609917s window=10s thermal=not_started imagery=not_started
[MONITOR] up=609927s window=10s thermal=not_started imagery=not_started
[MONITOR] up=609937s window=10s thermal=not_started imagery=not_started
[MONITOR] up=609947s window=10s thermal=not_started imagery=not_started
[MONITOR] up=609957s window=10s thermal=not_started imagery=not_started
[MONITOR] up=609967s window=10s thermal=not_started imagery=not_started
[MONITOR] up=609977s window=10s thermal=not_started imagery=not_started
[MONITOR] up=609987s window=10s thermal=not_started imagery=not_started
[MONITOR] up=609997s window=10s thermal=not_started imagery=not_started
[MONITOR] up=610007s window=10s thermal=not_started imagery=not_started
[MONITOR] up=610017s window=10s thermal=not_started imagery=not_started
[MONITOR] up=610027s window=10s thermal=not_started imagery=not_started
[MONITOR] up=610037s window=10s thermal=not_started imagery=not_started
[MONITOR] up=610048s window=10s thermal=not_started imagery=not_started
[MONITOR] up=610058s window=10s thermal=not_started imagery=not_started
[MONITOR] up=610068s window=10s thermal=not_started imagery=not_started
[MONITOR] up=610078s window=10s thermal=not_started imagery=not_started
[MONITOR] up=610088s window=10s thermal=not_started imagery=not_started
[MONITOR] up=610098s window=10s thermal=not_started imagery=not_started
[MONITOR] up=610108s window=10s thermal=not_started imagery=not_started
[MONITOR] up=610118s window=10s thermal=not_started imagery=not_started
[MONITOR] up=610128s window=10s thermal=not_started imagery=not_started
[MONITOR] up=610138s window=10s thermal=not_started imagery=not_started
[MONITOR] up=610148s window=10s thermal=not_started imagery=not_started
[MONITOR] up=610158s window=10s thermal=not_started imagery=not_started
[MONITOR] up=610168s window=10s thermal=not_started imagery=not_started
[MONITOR] up=610178s window=10s thermal=not_started imagery=not_started
[MONITOR] up=610188s window=10s thermal=not_started imagery=not_started
[MONITOR] up=610198s window=10s thermal=not_started imagery=not_started
[MONITOR] up=610208s window=10s thermal=not_started imagery=not_started
[MONITOR] up=610218s window=10s thermal=not_started imagery=not_started
[MONITOR] up=610228s window=10s thermal=not_started imagery=not_started
[MONITOR] up=610238s window=10s thermal=not_started imagery=not_started
[MONITOR] up=610248s window=10s thermal=not_started imagery=not_started
[MONITOR] up=610258s window=10s thermal=not_started imagery=not_started
[MONITOR] up=610268s window=10s thermal=not_started imagery=not_started
[MONITOR] up=610278s window=10s thermal=not_started imagery=not_started
[MONITOR] up=610288s window=10s thermal=not_started imagery=not_started
[MONITOR] up=610298s window=10s thermal=not_started imagery=not_started
[MONITOR] up=610308s window=10s thermal=not_started imagery=not_started
[MONITOR] up=610318s window=10s thermal=not_started imagery=not_started
[MONITOR] up=610328s window=10s thermal=not_started imagery=not_started
[MONITOR] up=610338s window=10s thermal=not_started imagery=not_started
[MONITOR] up=610348s window=10s thermal=not_started imagery=not_started
[MONITOR] up=610358s window=10s thermal=not_started imagery=not_started
[MONITOR] up=610368s window=10s thermal=not_started imagery=not_started
[MONITOR] up=610378s window=10s thermal=not_started imagery=not_started
[MONITOR] up=610388s window=10s thermal=not_started imagery=not_started
[MONITOR] up=610398s window=10s thermal=not_started imagery=not_started
[MONITOR] up=610408s window=10s thermal=not_started imagery=not_started
[MONITOR] up=610418s window=10s thermal=not_started imagery=not_started
[MONITOR] up=610428s window=10s thermal=not_started imagery=not_started
[MONITOR] up=610438s window=10s thermal=not_started imagery=not_started
[MONITOR] up=610448s window=10s thermal=not_started imagery=not_started
[MONITOR] up=610458s window=10s thermal=not_started imagery=not_started
[MONITOR] up=610468s window=10s thermal=not_started imagery=not_started
[MONITOR] up=610478s window=10s thermal=not_started imagery=not_started
[MONITOR] up=610488s window=10s thermal=not_started imagery=not_started
[MONITOR] up=610498s window=10s thermal=not_started imagery=not_started
[MONITOR] up=610508s window=10s thermal=not_started imagery=not_started
[MONITOR] up=610518s window=10s thermal=not_started imagery=not_started
[MONITOR] up=610528s window=10s thermal=not_started imagery=not_started
[MONITOR] up=610538s window=10s thermal=not_started imagery=not_started
[MONITOR] up=610548s window=10s thermal=not_started imagery=not_started
[MONITOR] up=610558s window=10s thermal=not_started imagery=not_started
[MONITOR] up=610568s window=10s thermal=not_started imagery=not_started
[MONITOR] up=610578s window=10s thermal=not_started imagery=not_started
[MONITOR] up=610588s window=10s thermal=not_started imagery=not_started
[MONITOR] up=610598s window=10s thermal=not_started imagery=not_started
[MONITOR] up=610608s window=10s thermal=not_started imagery=not_started
[MONITOR] up=610618s window=10s thermal=not_started imagery=not_started
[MONITOR] up=610628s window=10s thermal=not_started imagery=not_started
[MONITOR] up=610638s window=10s thermal=not_started imagery=not_started
[MONITOR] up=610648s window=10s thermal=not_started imagery=not_started
[MONITOR] up=610658s window=10s thermal=not_started imagery=not_started
[MONITOR] up=610668s window=10s thermal=not_started imagery=not_started
[MONITOR] up=610678s window=10s thermal=not_started imagery=not_started
[MONITOR] up=610688s window=10s thermal=not_started imagery=not_started
[MONITOR] up=610698s window=10s thermal=not_started imagery=not_started
[MONITOR] up=610708s window=10s thermal=not_started imagery=not_started
[MONITOR] up=610718s window=10s thermal=not_started imagery=not_started
[MONITOR] up=610728s window=10s thermal=not_started imagery=not_started
[MONITOR] up=610738s window=10s thermal=not_started imagery=not_started
[MONITOR] up=610748s window=10s thermal=not_started imagery=not_started
[MONITOR] up=610758s window=10s thermal=not_started imagery=not_started
[MONITOR] up=610768s window=10s thermal=not_started imagery=not_started
[MONITOR] up=610778s window=10s thermal=not_started imagery=not_started
[MONITOR] up=610788s window=10s thermal=not_started imagery=not_started
[MONITOR] up=610798s window=10s thermal=not_started imagery=not_started
[MONITOR] up=610808s window=10s thermal=not_started imagery=not_started
[MONITOR] up=610818s window=10s thermal=not_started imagery=not_started
[MONITOR] up=610828s window=10s thermal=not_started imagery=not_started
[MONITOR] up=610838s window=10s thermal=not_started imagery=not_started
[MONITOR] up=610848s window=10s thermal=not_started imagery=not_started
[MONITOR] up=610858s window=10s thermal=not_started imagery=not_started
[MONITOR] up=610868s window=10s thermal=not_started imagery=not_started
[MONITOR] up=610878s window=10s thermal=not_started imagery=not_started
[MONITOR] up=610888s window=10s thermal=not_started imagery=not_started
[MONITOR] up=610898s window=10s thermal=not_started imagery=not_started
[MONITOR] up=610908s window=10s thermal=not_started imagery=not_started
[MONITOR] up=610918s window=10s thermal=not_started imagery=not_started
[MONITOR] up=610928s window=10s thermal=not_started imagery=not_started
[MONITOR] up=610938s window=10s thermal=not_started imagery=not_started
[MONITOR] up=610948s window=10s thermal=not_started imagery=not_started
[MONITOR] up=610958s window=10s thermal=not_started imagery=not_started
[MONITOR] up=610968s window=10s thermal=not_started imagery=not_started
[MONITOR] up=610978s window=10s thermal=not_started imagery=not_started
[MONITOR] up=610988s window=10s thermal=not_started imagery=not_started
[MONITOR] up=610998s window=10s thermal=not_started imagery=not_started
[MONITOR] up=611008s window=10s thermal=not_started imagery=not_started
[MONITOR] up=611018s window=10s thermal=not_started imagery=not_started
[MONITOR] up=611028s window=10s thermal=not_started imagery=not_started
[MONITOR] up=611038s window=10s thermal=not_started imagery=not_started
[MONITOR] up=611048s window=10s thermal=not_started imagery=not_started
[MONITOR] up=611058s window=10s thermal=not_started imagery=not_started
[MONITOR] up=611068s window=10s thermal=not_started imagery=not_started
[MONITOR] up=611078s window=10s thermal=not_started imagery=not_started
[MONITOR] up=611088s window=10s thermal=not_started imagery=not_started
[MONITOR] up=611098s window=10s thermal=not_started imagery=not_started
[MONITOR] up=611108s window=10s thermal=not_started imagery=not_started
[MONITOR] up=611118s window=10s thermal=not_started imagery=not_started
[MONITOR] up=611128s window=10s thermal=not_started imagery=not_started
[MONITOR] up=611138s window=10s thermal=not_started imagery=not_started
[MONITOR] up=611148s window=10s thermal=not_started imagery=not_started
[MONITOR] up=611158s window=10s thermal=not_started imagery=not_started
[MONITOR] up=611168s window=10s thermal=not_started imagery=not_started
[MONITOR] up=611178s window=10s thermal=not_started imagery=not_started
[MONITOR] up=611188s window=10s thermal=not_started imagery=not_started
[MONITOR] up=611198s window=10s thermal=not_started imagery=not_started
[MONITOR] up=611208s window=10s thermal=not_started imagery=not_started
[MONITOR] up=611218s window=10s thermal=not_started imagery=not_started
[MONITOR] up=611228s window=10s thermal=not_started imagery=not_started
[MONITOR] up=611238s window=10s thermal=not_started imagery=not_started
[MONITOR] up=611248s window=10s thermal=not_started imagery=not_started
[MONITOR] up=611258s window=10s thermal=not_started imagery=not_started
[MONITOR] up=611268s window=10s thermal=not_started imagery=not_started
[MONITOR] up=611278s window=10s thermal=not_started imagery=not_started
[MONITOR] up=611288s window=10s thermal=not_started imagery=not_started
[MONITOR] up=611298s window=10s thermal=not_started imagery=not_started
[MONITOR] up=611308s window=10s thermal=not_started imagery=not_started
[MONITOR] up=611318s window=10s thermal=not_started imagery=not_started
[MONITOR] up=611328s window=10s thermal=not_started imagery=not_started
[MONITOR] up=611338s window=10s thermal=not_started imagery=not_started
[MONITOR] up=611348s window=10s thermal=not_started imagery=not_started
[MONITOR] up=611358s window=10s thermal=not_started imagery=not_started
[MONITOR] up=611368s window=10s thermal=not_started imagery=not_started
[MONITOR] up=611378s window=10s thermal=not_started imagery=not_started
[MONITOR] up=611388s window=10s thermal=not_started imagery=not_started
[MONITOR] up=611398s window=10s thermal=not_started imagery=not_started
[MONITOR] up=611408s window=10s thermal=not_started imagery=not_started
[MONITOR] up=611418s window=10s thermal=not_started imagery=not_started
[MONITOR] up=611428s window=10s thermal=not_started imagery=not_started
[MONITOR] up=611438s window=10s thermal=not_started imagery=not_started
[MONITOR] up=611448s window=10s thermal=not_started imagery=not_started
[MONITOR] up=611458s window=10s thermal=not_started imagery=not_started
[MONITOR] up=611468s window=10s thermal=not_started imagery=not_started
[MONITOR] up=611478s window=10s thermal=not_started imagery=not_started
[MONITOR] up=611488s window=10s thermal=not_started imagery=not_started
[MONITOR] up=611498s window=10s thermal=not_started imagery=not_started
[MONITOR] up=611508s window=10s thermal=not_started imagery=not_started
[MONITOR] up=611518s window=10s thermal=not_started imagery=not_started
[MONITOR] up=611528s window=10s thermal=not_started imagery=not_started
[MONITOR] up=611538s window=10s thermal=not_started imagery=not_started
[MONITOR] up=611548s window=10s thermal=not_started imagery=not_started
[MONITOR] up=611558s window=10s thermal=not_started imagery=not_started
[MONITOR] up=611568s window=10s thermal=not_started imagery=not_started
[MONITOR] up=611578s window=10s thermal=not_started imagery=not_started
[MONITOR] up=611588s window=10s thermal=not_started imagery=not_started
[MONITOR] up=611598s window=10s thermal=not_started imagery=not_started
[MONITOR] up=611608s window=10s thermal=not_started imagery=not_started
[MONITOR] up=611618s window=10s thermal=not_started imagery=not_started
[MONITOR] up=611628s window=10s thermal=not_started imagery=not_started
[MONITOR] up=611638s window=10s thermal=not_started imagery=not_started
[MONITOR] up=611648s window=10s thermal=not_started imagery=not_started
[MONITOR] up=611658s window=10s thermal=not_started imagery=not_started
[MONITOR] up=611668s window=10s thermal=not_started imagery=not_started
[MONITOR] up=611678s window=10s thermal=not_started imagery=not_started
[MONITOR] up=611688s window=10s thermal=not_started imagery=not_started
[MONITOR] up=611698s window=10s thermal=not_started imagery=not_started
[MONITOR] up=611708s window=10s thermal=not_started imagery=not_started
[MONITOR] up=611718s window=10s thermal=not_started imagery=not_started
[MONITOR] up=611728s window=10s thermal=not_started imagery=not_started
[MONITOR] up=611738s window=10s thermal=not_started imagery=not_started
[MONITOR] up=611748s window=10s thermal=not_started imagery=not_started
[MONITOR] up=611758s window=10s thermal=not_started imagery=not_started
[MONITOR] up=611768s window=10s thermal=not_started imagery=not_started
[MONITOR] up=611778s window=10s thermal=not_started imagery=not_started
[MONITOR] up=611788s window=10s thermal=not_started imagery=not_started
[MONITOR] up=611798s window=10s thermal=not_started imagery=not_started
[MONITOR] up=611808s window=10s thermal=not_started imagery=not_started
[MONITOR] up=611818s window=10s thermal=not_started imagery=not_started
[MONITOR] up=611828s window=10s thermal=not_started imagery=not_started
[MONITOR] up=611838s window=10s thermal=not_started imagery=not_started
[MONITOR] up=611848s window=10s thermal=not_started imagery=not_started
[MONITOR] up=611858s window=10s thermal=not_started imagery=not_started
[MONITOR] up=611868s window=10s thermal=not_started imagery=not_started
[MONITOR] up=611878s window=10s thermal=not_started imagery=not_started
[MONITOR] up=611888s window=10s thermal=not_started imagery=not_started
[MONITOR] up=611898s window=10s thermal=not_started imagery=not_started
[MONITOR] up=611908s window=10s thermal=not_started imagery=not_started
[MONITOR] up=611918s window=10s thermal=not_started imagery=not_started
[MONITOR] up=611928s window=10s thermal=not_started imagery=not_started
[MONITOR] up=613168s window=10s thermal=not_started imagery=not_started
[MONITOR] up=613178s window=10s thermal=not_started imagery=not_started
[MONITOR] up=613188s window=10s thermal=not_started imagery=not_started
[MONITOR] up=613198s window=10s thermal=not_started imagery=not_started
[MONITOR] up=613208s window=10s thermal=not_started imagery=not_started
[MONITOR] up=613218s window=10s thermal=not_started imagery=not_started
[MONITOR] up=613228s window=10s thermal=not_started imagery=not_started
[MONITOR] up=613238s window=10s thermal=not_started imagery=not_started
[MONITOR] up=613248s window=10s thermal=not_started imagery=not_started
[MONITOR] up=613258s window=10s thermal=not_started imagery=not_started
[MONITOR] up=613268s window=10s thermal=not_started imagery=not_started
[MONITOR] up=613278s window=10s thermal=not_started imagery=not_started
[MONITOR] up=613288s window=10s thermal=not_started imagery=not_started
[MONITOR] up=613298s window=10s thermal=not_started imagery=not_started
[MONITOR] up=613308s window=10s thermal=not_started imagery=not_started
[MONITOR] up=613318s window=10s thermal=not_started imagery=not_started
[MONITOR] up=613328s window=10s thermal=not_started imagery=not_started
[MONITOR] up=613338s window=10s thermal=not_started imagery=not_started
[MONITOR] up=613348s window=10s thermal=not_started imagery=not_started
[MONITOR] up=613358s window=10s thermal=not_started imagery=not_started
[MONITOR] up=613368s window=10s thermal=not_started imagery=not_started
[MONITOR] up=613378s window=10s thermal=not_started imagery=not_started
[MONITOR] up=613388s window=10s thermal=not_started imagery=not_started
[MONITOR] up=613398s window=10s thermal=not_started imagery=not_started
[MONITOR] up=613408s window=10s thermal=not_started imagery=not_started
[MONITOR] up=613418s window=10s thermal=not_started imagery=not_started
[MONITOR] up=613428s window=10s thermal=not_started imagery=not_started
[MONITOR] up=613438s window=10s thermal=not_started imagery=not_started
[MONITOR] up=613448s window=10s thermal=not_started imagery=not_started
[MONITOR] up=613458s window=10s thermal=not_started imagery=not_started
[MONITOR] up=613468s window=10s thermal=not_started imagery=not_started
[MONITOR] up=613478s window=10s thermal=not_started imagery=not_started
[MONITOR] up=613488s window=10s thermal=not_started imagery=not_started
[MONITOR] up=613498s window=10s thermal=not_started imagery=not_started
[MONITOR] up=613508s window=10s thermal=not_started imagery=not_started
[MONITOR] up=613518s window=10s thermal=not_started imagery=not_started
[MONITOR] up=613528s window=10s thermal=not_started imagery=not_started
[MONITOR] up=613538s window=10s thermal=not_started imagery=not_started
[MONITOR] up=613548s window=10s thermal=not_started imagery=not_started
[MONITOR] up=613558s window=10s thermal=not_started imagery=not_started
[MONITOR] up=613568s window=10s thermal=not_started imagery=not_started
[MONITOR] up=613578s window=10s thermal=not_started imagery=not_started
[MONITOR] up=613588s window=10s thermal=not_started imagery=not_started
[MONITOR] up=613598s window=10s thermal=not_started imagery=not_started
[MONITOR] up=613608s window=10s thermal=not_started imagery=not_started
[MONITOR] up=613618s window=10s thermal=not_started imagery=not_started
[MONITOR] up=613628s window=10s thermal=not_started imagery=not_started
[MONITOR] up=613638s window=10s thermal=not_started imagery=not_started
[MONITOR] up=613648s window=10s thermal=not_started imagery=not_started
[MONITOR] up=613658s window=10s thermal=not_started imagery=not_started
[MONITOR] up=613668s window=10s thermal=not_started imagery=not_started
[MONITOR] up=613678s window=10s thermal=not_started imagery=not_started
[MONITOR] up=613688s window=10s thermal=not_started imagery=not_started
[MONITOR] up=613698s window=10s thermal=not_started imagery=not_started
[MONITOR] up=613708s window=10s thermal=not_started imagery=not_started
[MONITOR] up=613718s window=10s thermal=not_started imagery=not_started
[MONITOR] up=613728s window=10s thermal=not_started imagery=not_started
[MONITOR] up=613738s window=10s thermal=not_started imagery=not_started
[MONITOR] up=613748s window=10s thermal=not_started imagery=not_started
[MONITOR] up=613758s window=10s thermal=not_started imagery=not_started
[MONITOR] up=613768s window=10s thermal=not_started imagery=not_started
[MONITOR] up=613778s window=10s thermal=not_started imagery=not_started
[MONITOR] up=613788s window=10s thermal=not_started imagery=not_started
[MONITOR] up=613798s window=10s thermal=not_started imagery=not_started
[MONITOR] up=613808s window=10s thermal=not_started imagery=not_started
[MONITOR] up=613818s window=10s thermal=not_started imagery=not_started
[MONITOR] up=613828s window=10s thermal=not_started imagery=not_started
[MONITOR] up=613838s window=10s thermal=not_started imagery=not_started
[MONITOR] up=613848s window=10s thermal=not_started imagery=not_started
[MONITOR] up=613858s window=10s thermal=not_started imagery=not_started
[MONITOR] up=613868s window=10s thermal=not_started imagery=not_started
[MONITOR] up=613878s window=10s thermal=not_started imagery=not_started
[MONITOR] up=613888s window=10s thermal=not_started imagery=not_started
[MONITOR] up=613898s window=10s thermal=not_started imagery=not_started
[MONITOR] up=613908s window=10s thermal=not_started imagery=not_started
[MONITOR] up=613918s window=10s thermal=not_started imagery=not_started
[MONITOR] up=613928s window=10s thermal=not_started imagery=not_started
[MONITOR] up=613938s window=10s thermal=not_started imagery=not_started
[MONITOR] up=613948s window=10s thermal=not_started imagery=not_started
[MONITOR] up=613958s window=10s thermal=not_started imagery=not_started
[MONITOR] up=613968s window=10s thermal=not_started imagery=not_started
[MONITOR] up=613978s window=10s thermal=not_started imagery=not_started
[MONITOR] up=613988s window=10s thermal=not_started imagery=not_started
[MONITOR] up=613998s window=10s thermal=not_started imagery=not_started
[MONITOR] up=614008s window=10s thermal=not_started imagery=not_started
[MONITOR] up=614018s window=10s thermal=not_started imagery=not_started
[MONITOR] up=614028s window=10s thermal=not_started imagery=not_started
[MONITOR] up=614038s window=10s thermal=not_started imagery=not_started
[MONITOR] up=614048s window=10s thermal=not_started imagery=not_started
[MONITOR] up=614058s window=10s thermal=not_started imagery=not_started
[MONITOR] up=614068s window=10s thermal=not_started imagery=not_started
[MONITOR] up=614078s window=10s thermal=not_started imagery=not_started
[MONITOR] up=614088s window=10s thermal=not_started imagery=not_started
[MONITOR] up=614098s window=10s thermal=not_started imagery=not_started
[MONITOR] up=614108s window=10s thermal=not_started imagery=not_started
[MONITOR] up=614118s window=10s thermal=not_started imagery=not_started
[MONITOR] up=614128s window=10s thermal=not_started imagery=not_started
[MONITOR] up=614138s window=10s thermal=not_started imagery=not_started
[MONITOR] up=614148s window=10s thermal=not_started imagery=not_started
[MONITOR] up=614158s window=10s thermal=not_started imagery=not_started
[MONITOR] up=614168s window=10s thermal=not_started imagery=not_started
[MONITOR] up=614178s window=10s thermal=not_started imagery=not_started
[MONITOR] up=614188s window=10s thermal=not_started imagery=not_started
[MONITOR] up=614198s window=10s thermal=not_started imagery=not_started
[MONITOR] up=614208s window=10s thermal=not_started imagery=not_started
[MONITOR] up=614218s window=10s thermal=not_started imagery=not_started
[MONITOR] up=614228s window=10s thermal=not_started imagery=not_started
[MONITOR] up=614238s window=10s thermal=not_started imagery=not_started
[MONITOR] up=614248s window=10s thermal=not_started imagery=not_started
[MONITOR] up=614258s window=10s thermal=not_started imagery=not_started
[MONITOR] up=614268s window=10s thermal=not_started imagery=not_started
[MONITOR] up=614278s window=10s thermal=not_started imagery=not_started
[MONITOR] up=614288s window=10s thermal=not_started imagery=not_started
[MONITOR] up=614298s window=10s thermal=not_started imagery=not_started
[MONITOR] up=614308s window=10s thermal=not_started imagery=not_started
[MONITOR] up=614318s window=10s thermal=not_started imagery=not_started
[MONITOR] up=614328s window=10s thermal=not_started imagery=not_started
[MONITOR] up=614338s window=10s thermal=not_started imagery=not_started
[MONITOR] up=614348s window=10s thermal=not_started imagery=not_started
[MONITOR] up=614358s window=10s thermal=not_started imagery=not_started
[MONITOR] up=614368s window=10s thermal=not_started imagery=not_started
[MONITOR] up=614378s window=10s thermal=not_started imagery=not_started
[MONITOR] up=614388s window=10s thermal=not_started imagery=not_started
[MONITOR] up=614398s window=10s thermal=not_started imagery=not_started
[MONITOR] up=614408s window=10s thermal=not_started imagery=not_started
[MONITOR] up=614418s window=10s thermal=not_started imagery=not_started
[MONITOR] up=614428s window=10s thermal=not_started imagery=not_started
[MONITOR] up=614438s window=10s thermal=not_started imagery=not_started
[MONITOR] up=614448s window=10s thermal=not_started imagery=not_started
[MONITOR] up=614458s window=10s thermal=not_started imagery=not_started
[MONITOR] up=614468s window=10s thermal=not_started imagery=not_started
[MONITOR] up=614478s window=10s thermal=not_started imagery=not_started
[MONITOR] up=614488s window=10s thermal=not_started imagery=not_started
[MONITOR] up=614498s window=10s thermal=not_started imagery=not_started
[MONITOR] up=614508s window=10s thermal=not_started imagery=not_started
[MONITOR] up=614518s window=10s thermal=not_started imagery=not_started
[MONITOR] up=614528s window=10s thermal=not_started imagery=not_started
[MONITOR] up=614538s window=10s thermal=not_started imagery=not_started
[MONITOR] up=614548s window=10s thermal=not_started imagery=not_started
[MONITOR] up=614558s window=10s thermal=not_started imagery=not_started
[MONITOR] up=614568s window=10s thermal=not_started imagery=not_started
[MONITOR] up=614578s window=10s thermal=not_started imagery=not_started
[MONITOR] up=614588s window=10s thermal=not_started imagery=not_started
[MONITOR] up=614598s window=10s thermal=not_started imagery=not_started
[MONITOR] up=614608s window=10s thermal=not_started imagery=not_started
[MONITOR] up=614618s window=10s thermal=not_started imagery=not_started
[MONITOR] up=614628s window=10s thermal=not_started imagery=not_started
[MONITOR] up=614638s window=10s thermal=not_started imagery=not_started
[MONITOR] up=614648s window=10s thermal=not_started imagery=not_started
[MONITOR] up=614658s window=10s thermal=not_started imagery=not_started
[MONITOR] up=614668s window=10s thermal=not_started imagery=not_started
[MONITOR] up=614678s window=10s thermal=not_started imagery=not_started
[MONITOR] up=614688s window=10s thermal=not_started imagery=not_started
[MONITOR] up=614698s window=10s thermal=not_started imagery=not_started
[MONITOR] up=614708s window=10s thermal=not_started imagery=not_started
[MONITOR] up=614718s window=10s thermal=not_started imagery=not_started
[MONITOR] up=614728s window=10s thermal=not_started imagery=not_started
[MONITOR] up=614738s window=10s thermal=not_started imagery=not_started
[MONITOR] up=614748s window=10s thermal=not_started imagery=not_started
[MONITOR] up=614758s window=10s thermal=not_started imagery=not_started
[MONITOR] up=614768s window=10s thermal=not_started imagery=not_started
[MONITOR] up=614778s window=10s thermal=not_started imagery=not_started
[MONITOR] up=614788s window=10s thermal=not_started imagery=not_started
[MONITOR] up=614798s window=10s thermal=not_started imagery=not_started
[MONITOR] up=614808s window=10s thermal=not_started imagery=not_started
[MONITOR] up=614818s window=10s thermal=not_started imagery=not_started
[MONITOR] up=614828s window=10s thermal=not_started imagery=not_started
[MONITOR] up=614838s window=10s thermal=not_started imagery=not_started
[MONITOR] up=614848s window=10s thermal=not_started imagery=not_started
[MONITOR] up=614858s window=10s thermal=not_started imagery=not_started
[MONITOR] up=614868s window=10s thermal=not_started imagery=not_started
[MONITOR] up=614878s window=10s thermal=not_started imagery=not_started
[MONITOR] up=614888s window=10s thermal=not_started imagery=not_started
[MONITOR] up=614898s window=10s thermal=not_started imagery=not_started
[MONITOR] up=614908s window=10s thermal=not_started imagery=not_started
[MONITOR] up=614918s window=10s thermal=not_started imagery=not_started
[MONITOR] up=614928s window=10s thermal=not_started imagery=not_started
[MONITOR] up=614938s window=10s thermal=not_started imagery=not_started
[MONITOR] up=614948s window=10s thermal=not_started imagery=not_started
[MONITOR] up=614958s window=10s thermal=not_started imagery=not_started
[MONITOR] up=614968s window=10s thermal=not_started imagery=not_started
[MONITOR] up=614978s window=10s thermal=not_started imagery=not_started
[MONITOR] up=614988s window=10s thermal=not_started imagery=not_started
[MONITOR] up=614998s window=10s thermal=not_started imagery=not_started
[MONITOR] up=615008s window=10s thermal=not_started imagery=not_started
[MONITOR] up=615018s window=10s thermal=not_started imagery=not_started
[MONITOR] up=615028s window=10s thermal=not_started imagery=not_started
[MONITOR] up=615038s window=10s thermal=not_started imagery=not_started
[MONITOR] up=615048s window=10s thermal=not_started imagery=not_started
[MONITOR] up=615058s window=10s thermal=not_started imagery=not_started
[MONITOR] up=615068s window=10s thermal=not_started imagery=not_started
[MONITOR] up=615078s window=10s thermal=not_started imagery=not_started
[MONITOR] up=615088s window=10s thermal=not_started imagery=not_started
[MONITOR] up=615098s window=10s thermal=not_started imagery=not_started
[MONITOR] up=615108s window=10s thermal=not_started imagery=not_started
[MONITOR] up=615118s window=10s thermal=not_started imagery=not_started
[MONITOR] up=615128s window=10s thermal=not_started imagery=not_started
[MONITOR] up=615138s window=10s thermal=not_started imagery=not_started
[MONITOR] up=615148s window=10s thermal=not_started imagery=not_started
[MONITOR] up=615158s window=10s thermal=not_started imagery=not_started
[MONITOR] up=615168s window=10s thermal=not_started imagery=not_started
[MONITOR] up=615178s window=10s thermal=not_started imagery=not_started
[MONITOR] up=615188s window=10s thermal=not_started imagery=not_started
[MONITOR] up=615198s window=10s thermal=not_started imagery=not_started
[MONITOR] up=615208s window=10s thermal=not_started imagery=not_started
[MONITOR] up=615218s window=10s thermal=not_started imagery=not_started
[MONITOR] up=615228s window=10s thermal=not_started imagery=not_started
[MONITOR] up=615238s window=10s thermal=not_started imagery=not_started
[MONITOR] up=615248s window=10s thermal=not_started imagery=not_started
[MONITOR] up=615258s window=10s thermal=not_started imagery=not_started
[MONITOR] up=615268s window=10s thermal=not_started imagery=not_started
[MONITOR] up=615278s window=10s thermal=not_started imagery=not_started
[MONITOR] up=615288s window=10s thermal=not_started imagery=not_started
[MONITOR] up=615298s window=10s thermal=not_started imagery=not_started
[MONITOR] up=615308s window=10s thermal=not_started imagery=not_started
[MONITOR] up=615318s window=10s thermal=not_started imagery=not_started
[MONITOR] up=615328s window=10s thermal=not_started imagery=not_started
[MONITOR] up=615338s window=10s thermal=not_started imagery=not_started
[MONITOR] up=615348s window=10s thermal=not_started imagery=not_started
[MONITOR] up=615358s window=10s thermal=not_started imagery=not_started
[MONITOR] up=615368s window=10s thermal=not_started imagery=not_started
[MONITOR] up=615378s window=10s thermal=not_started imagery=not_started
[MONITOR] up=615388s window=10s thermal=not_started imagery=not_started
[MONITOR] up=615398s window=10s thermal=not_started imagery=not_started
[MONITOR] up=615408s window=10s thermal=not_started imagery=not_started
[MONITOR] up=615418s window=10s thermal=not_started imagery=not_started
[MONITOR] up=615428s window=10s thermal=not_started imagery=not_started
[MONITOR] up=615438s window=10s thermal=not_started imagery=not_started
[MONITOR] up=615448s window=10s thermal=not_started imagery=not_started
[MONITOR] up=615458s window=10s thermal=not_started imagery=not_started
[MONITOR] up=615468s window=10s thermal=not_started imagery=not_started
[MONITOR] up=615478s window=10s thermal=not_started imagery=not_started
[MONITOR] up=615488s window=10s thermal=not_started imagery=not_started
[MONITOR] up=615498s window=10s thermal=not_started imagery=not_started
[MONITOR] up=615508s window=10s thermal=not_started imagery=not_started
[MONITOR] up=615518s window=10s thermal=not_started imagery=not_started
[MONITOR] up=615528s window=10s thermal=not_started imagery=not_started
[MONITOR] up=615538s window=10s thermal=not_started imagery=not_started
[MONITOR] up=615548s window=10s thermal=not_started imagery=not_started
[MONITOR] up=615558s window=10s thermal=not_started imagery=not_started
[MONITOR] up=615568s window=10s thermal=not_started imagery=not_started
[MONITOR] up=615578s window=10s thermal=not_started imagery=not_started
[MONITOR] up=615588s window=10s thermal=not_started imagery=not_started
[MONITOR] up=615598s window=10s thermal=not_started imagery=not_started
[MONITOR] up=615608s window=10s thermal=not_started imagery=not_started
[MONITOR] up=615618s window=10s thermal=not_started imagery=not_started
[MONITOR] up=615628s window=10s thermal=not_started imagery=not_started
[MONITOR] up=615638s window=10s thermal=not_started imagery=not_started
[MONITOR] up=615648s window=10s thermal=not_started imagery=not_started
[MONITOR] up=615658s window=10s thermal=not_started imagery=not_started
[MONITOR] up=615668s window=10s thermal=not_started imagery=not_started
[MONITOR] up=615678s window=10s thermal=not_started imagery=not_started
[MONITOR] up=615688s window=10s thermal=not_started imagery=not_started
[MONITOR] up=615698s window=10s thermal=not_started imagery=not_started
[MONITOR] up=615708s window=10s thermal=not_started imagery=not_started
[MONITOR] up=615718s window=10s thermal=not_started imagery=not_started
[MONITOR] up=615728s window=10s thermal=not_started imagery=not_started
[MONITOR] up=615738s window=10s thermal=not_started imagery=not_started
[MONITOR] up=615748s window=10s thermal=not_started imagery=not_started
[MONITOR] up=615758s window=10s thermal=not_started imagery=not_started
[MONITOR] up=615768s window=10s thermal=not_started imagery=not_started
[MONITOR] up=615778s window=10s thermal=not_started imagery=not_started
[MONITOR] up=615788s window=10s thermal=not_started imagery=not_started
[MONITOR] up=615798s window=10s thermal=not_started imagery=not_started
[MONITOR] up=615808s window=10s thermal=not_started imagery=not_started
[MONITOR] up=615818s window=10s thermal=not_started imagery=not_started
[MONITOR] up=615828s window=10s thermal=not_started imagery=not_started
[MONITOR] up=615838s window=10s thermal=not_started imagery=not_started
[MONITOR] up=615848s window=10s thermal=not_started imagery=not_started
[MONITOR] up=615858s window=10s thermal=not_started imagery=not_started
[MONITOR] up=615868s window=10s thermal=not_started imagery=not_started
[MONITOR] up=615878s window=10s thermal=not_started imagery=not_started
[MONITOR] up=615888s window=10s thermal=not_started imagery=not_started
[MONITOR] up=615898s window=10s thermal=not_started imagery=not_started
[MONITOR] up=615908s window=10s thermal=not_started imagery=not_started
[MONITOR] up=615918s window=10s thermal=not_started imagery=not_started
[MONITOR] up=615928s window=10s thermal=not_started imagery=not_started
[MONITOR] up=615938s window=10s thermal=not_started imagery=not_started
[MONITOR] up=615948s window=10s thermal=not_started imagery=not_started
[MONITOR] up=615958s window=10s thermal=not_started imagery=not_started
[MONITOR] up=615968s window=10s thermal=not_started imagery=not_started
[MONITOR] up=615978s window=10s thermal=not_started imagery=not_started
[MONITOR] up=615988s window=10s thermal=not_started imagery=not_started
[MONITOR] up=615998s window=10s thermal=not_started imagery=not_started
[MONITOR] up=616008s window=10s thermal=not_started imagery=not_started
[MONITOR] up=616018s window=10s thermal=not_started imagery=not_started
[MONITOR] up=616028s window=10s thermal=not_started imagery=not_started
[MONITOR] up=616038s window=10s thermal=not_started imagery=not_started
[MONITOR] up=616048s window=10s thermal=not_started imagery=not_started
[MONITOR] up=616058s window=10s thermal=not_started imagery=not_started
[MONITOR] up=616068s window=10s thermal=not_started imagery=not_started
[MONITOR] up=616078s window=10s thermal=not_started imagery=not_started
[MONITOR] up=616088s window=10s thermal=not_started imagery=not_started
[MONITOR] up=616098s window=10s thermal=not_started imagery=not_started
[MONITOR] up=616108s window=10s thermal=not_started imagery=not_started
[MONITOR] up=616118s window=10s thermal=not_started imagery=not_started
[MONITOR] up=616128s window=10s thermal=not_started imagery=not_started
[MONITOR] up=616138s window=10s thermal=not_started imagery=not_started
[MONITOR] up=616148s window=10s thermal=not_started imagery=not_started
[MONITOR] up=616158s window=10s thermal=not_started imagery=not_started
[MONITOR] up=616168s window=10s thermal=not_started imagery=not_started
[MONITOR] up=616178s window=10s thermal=not_started imagery=not_started
[MONITOR] up=616188s window=10s thermal=not_started imagery=not_started
[MONITOR] up=616198s window=10s thermal=not_started imagery=not_started
[MONITOR] up=616208s window=10s thermal=not_started imagery=not_started
[MONITOR] up=616218s window=10s thermal=not_started imagery=not_started
[MONITOR] up=616228s window=10s thermal=not_started imagery=not_started
[MONITOR] up=616238s window=10s thermal=not_started imagery=not_started
[MONITOR] up=616248s window=10s thermal=not_started imagery=not_started
[MONITOR] up=616258s window=10s thermal=not_started imagery=not_started
[MONITOR] up=616268s window=10s thermal=not_started imagery=not_started
[MONITOR] up=616278s window=10s thermal=not_started imagery=not_started
[MONITOR] up=616288s window=10s thermal=not_started imagery=not_started
[MONITOR] up=616298s window=10s thermal=not_started imagery=not_started
[MONITOR] up=616308s window=10s thermal=not_started imagery=not_started
[MONITOR] up=616318s window=10s thermal=not_started imagery=not_started
[MONITOR] up=616328s window=10s thermal=not_started imagery=not_started
[MONITOR] up=616338s window=10s thermal=not_started imagery=not_started
[MONITOR] up=616348s window=10s thermal=not_started imagery=not_started
[MONITOR] up=616358s window=10s thermal=not_started imagery=not_started
[MONITOR] up=616368s window=10s thermal=not_started imagery=not_started
[MONITOR] up=616378s window=10s thermal=not_started imagery=not_started
[MONITOR] up=616388s window=10s thermal=not_started imagery=not_started
[MONITOR] up=616398s window=10s thermal=not_started imagery=not_started
[MONITOR] up=616408s window=10s thermal=not_started imagery=not_started
[MONITOR] up=616418s window=10s thermal=not_started imagery=not_started
[MONITOR] up=616428s window=10s thermal=not_started imagery=not_started
[MONITOR] up=616438s window=10s thermal=not_started imagery=not_started
[MONITOR] up=616448s window=10s thermal=not_started imagery=not_started
[MONITOR] up=616458s window=10s thermal=not_started imagery=not_started
[MONITOR] up=616468s window=10s thermal=not_started imagery=not_started
[MONITOR] up=616478s window=10s thermal=not_started imagery=not_started
[MONITOR] up=616488s window=10s thermal=not_started imagery=not_started
[MONITOR] up=616498s window=10s thermal=not_started imagery=not_started
[MONITOR] up=616508s window=10s thermal=not_started imagery=not_started
[MONITOR] up=616518s window=10s thermal=not_started imagery=not_started
[MONITOR] up=616528s window=10s thermal=not_started imagery=not_started
[MONITOR] up=616538s window=10s thermal=not_started imagery=not_started
[MONITOR] up=616548s window=10s thermal=not_started imagery=not_started
[MONITOR] up=616558s window=10s thermal=not_started imagery=not_started
[MONITOR] up=616568s window=10s thermal=not_started imagery=not_started
[MONITOR] up=616578s window=10s thermal=not_started imagery=not_started
[MONITOR] up=616588s window=10s thermal=not_started imagery=not_started
[MONITOR] up=616598s window=10s thermal=not_started imagery=not_started
[MONITOR] up=616608s window=10s thermal=not_started imagery=not_started
[MONITOR] up=616618s window=10s thermal=not_started imagery=not_started
[MONITOR] up=616628s window=10s thermal=not_started imagery=not_started
[MONITOR] up=616638s window=10s thermal=not_started imagery=not_started
[MONITOR] up=616648s window=10s thermal=not_started imagery=not_started
[MONITOR] up=616658s window=10s thermal=not_started imagery=not_started
[MONITOR] up=616668s window=10s thermal=not_started imagery=not_started
[MONITOR] up=616678s window=10s thermal=not_started imagery=not_started
[MONITOR] up=616688s window=10s thermal=not_started imagery=not_started
[MONITOR] up=616698s window=10s thermal=not_started imagery=not_started
[MONITOR] up=616708s window=10s thermal=not_started imagery=not_started
[MONITOR] up=616718s window=10s thermal=not_started imagery=not_started
[MONITOR] up=616728s window=10s thermal=not_started imagery=not_started
[MONITOR] up=616738s window=10s thermal=not_started imagery=not_started
[MONITOR] up=616748s window=10s thermal=not_started imagery=not_started
[MONITOR] up=616758s window=10s thermal=not_started imagery=not_started
[MONITOR] up=616768s window=10s thermal=not_started imagery=not_started
[MONITOR] up=616778s window=10s thermal=not_started imagery=not_started
[MONITOR] up=616788s window=10s thermal=not_started imagery=not_started
[MONITOR] up=616798s window=10s thermal=not_started imagery=not_started
[MONITOR] up=616808s window=10s thermal=not_started imagery=not_started
[MONITOR] up=616818s window=10s thermal=not_started imagery=not_started
[MONITOR] up=616828s window=10s thermal=not_started imagery=not_started
[MONITOR] up=616838s window=10s thermal=not_started imagery=not_started
[MONITOR] up=616848s window=10s thermal=not_started imagery=not_started
[MONITOR] up=616858s window=10s thermal=not_started imagery=not_started
[MONITOR] up=616868s window=10s thermal=not_started imagery=not_started
[MONITOR] up=616878s window=10s thermal=not_started imagery=not_started
[MONITOR] up=616888s window=10s thermal=not_started imagery=not_started
[MONITOR] up=616898s window=10s thermal=not_started imagery=not_started
[MONITOR] up=616908s window=10s thermal=not_started imagery=not_started
[MONITOR] up=616918s window=10s thermal=not_started imagery=not_started
[MONITOR] up=616928s window=10s thermal=not_started imagery=not_started
[MONITOR] up=616938s window=10s thermal=not_started imagery=not_started
[MONITOR] up=616948s window=10s thermal=not_started imagery=not_started
[MONITOR] up=616958s window=10s thermal=not_started imagery=not_started
[MONITOR] up=616968s window=10s thermal=not_started imagery=not_started
[MONITOR] up=616978s window=10s thermal=not_started imagery=not_started
[MONITOR] up=616988s window=10s thermal=not_started imagery=not_started
[MONITOR] up=616998s window=10s thermal=not_started imagery=not_started
[MONITOR] up=617008s window=10s thermal=not_started imagery=not_started
[MONITOR] up=617018s window=10s thermal=not_started imagery=not_started
[MONITOR] up=617028s window=10s thermal=not_started imagery=not_started
[MONITOR] up=617038s window=10s thermal=not_started imagery=not_started
[MONITOR] up=617048s window=10s thermal=not_started imagery=not_started
[MONITOR] up=617058s window=10s thermal=not_started imagery=not_started
[MONITOR] up=617068s window=10s thermal=not_started imagery=not_started
[MONITOR] up=617078s window=10s thermal=not_started imagery=not_started
[MONITOR] up=617088s window=10s thermal=not_started imagery=not_started
[MONITOR] up=617098s window=10s thermal=not_started imagery=not_started
[MONITOR] up=617108s window=10s thermal=not_started imagery=not_started
[MONITOR] up=617118s window=10s thermal=not_started imagery=not_started
[MONITOR] up=617128s window=10s thermal=not_started imagery=not_started
[MONITOR] up=617138s window=10s thermal=not_started imagery=not_started
[MONITOR] up=617148s window=10s thermal=not_started imagery=not_started
[MONITOR] up=617158s window=10s thermal=not_started imagery=not_started
[MONITOR] up=617168s window=10s thermal=not_started imagery=not_started
[MONITOR] up=617178s window=10s thermal=not_started imagery=not_started
[MONITOR] up=617188s window=10s thermal=not_started imagery=not_started
[MONITOR] up=617198s window=10s thermal=not_started imagery=not_started
[MONITOR] up=617208s window=10s thermal=not_started imagery=not_started
[MONITOR] up=617218s window=10s thermal=not_started imagery=not_started
[MONITOR] up=617228s window=10s thermal=not_started imagery=not_started
[MONITOR] up=617238s window=10s thermal=not_started imagery=not_started
[MONITOR] up=617248s window=10s thermal=not_started imagery=not_started
[MONITOR] up=617258s window=10s thermal=not_started imagery=not_started
[MONITOR] up=617268s window=10s thermal=not_started imagery=not_started
[MONITOR] up=617278s window=10s thermal=not_started imagery=not_started
[MONITOR] up=617288s window=10s thermal=not_started imagery=not_started
[MONITOR] up=617298s window=10s thermal=not_started imagery=not_started
[MONITOR] up=617308s window=10s thermal=not_started imagery=not_started
[MONITOR] up=617318s window=10s thermal=not_started imagery=not_started
[MONITOR] up=617328s window=10s thermal=not_started imagery=not_started
[MONITOR] up=617338s window=10s thermal=not_started imagery=not_started
[MONITOR] up=617348s window=10s thermal=not_started imagery=not_started
[MONITOR] up=617358s window=10s thermal=not_started imagery=not_started
[MONITOR] up=617368s window=10s thermal=not_started imagery=not_started
[MONITOR] up=617378s window=10s thermal=not_started imagery=not_started
[MONITOR] up=617388s window=10s thermal=not_started imagery=not_started
[MONITOR] up=617398s window=10s thermal=not_started imagery=not_started
[MONITOR] up=617408s window=10s thermal=not_started imagery=not_started
[MONITOR] up=617418s window=10s thermal=not_started imagery=not_started
[MONITOR] up=617428s window=10s thermal=not_started imagery=not_started
[MONITOR] up=617438s window=10s thermal=not_started imagery=not_started
[MONITOR] up=617448s window=10s thermal=not_started imagery=not_started
[MONITOR] up=617458s window=10s thermal=not_started imagery=not_started
[MONITOR] up=617468s window=10s thermal=not_started imagery=not_started
[MONITOR] up=617478s window=10s thermal=not_started imagery=not_started
[MONITOR] up=617488s window=10s thermal=not_started imagery=not_started
[MONITOR] up=617498s window=10s thermal=not_started imagery=not_started
[MONITOR] up=617508s window=10s thermal=not_started imagery=not_started
[MONITOR] up=617518s window=10s thermal=not_started imagery=not_started
[MONITOR] up=617528s window=10s thermal=not_started imagery=not_started
[MONITOR] up=617538s window=10s thermal=not_started imagery=not_started
[MONITOR] up=617548s window=10s thermal=not_started imagery=not_started
[MONITOR] up=617558s window=10s thermal=not_started imagery=not_started
[MONITOR] up=617568s window=10s thermal=not_started imagery=not_started
[MONITOR] up=617578s window=10s thermal=not_started imagery=not_started
[MONITOR] up=617588s window=10s thermal=not_started imagery=not_started
[MONITOR] up=617598s window=10s thermal=not_started imagery=not_started
[MONITOR] up=617608s window=10s thermal=not_started imagery=not_started
[MONITOR] up=617618s window=10s thermal=not_started imagery=not_started
[MONITOR] up=617629s window=10s thermal=not_started imagery=not_started
[MONITOR] up=617639s window=10s thermal=not_started imagery=not_started
[MONITOR] up=617649s window=10s thermal=not_started imagery=not_started
[MONITOR] up=617659s window=10s thermal=not_started imagery=not_started
[MONITOR] up=617669s window=10s thermal=not_started imagery=not_started
[MONITOR] up=617679s window=10s thermal=not_started imagery=not_started
[MONITOR] up=617689s window=10s thermal=not_started imagery=not_started
[MONITOR] up=617699s window=10s thermal=not_started imagery=not_started
[MONITOR] up=617709s window=10s thermal=not_started imagery=not_started
[MONITOR] up=617719s window=10s thermal=not_started imagery=not_started
[MONITOR] up=617729s window=10s thermal=not_started imagery=not_started
[MONITOR] up=617739s window=10s thermal=not_started imagery=not_started
[MONITOR] up=617749s window=10s thermal=not_started imagery=not_started
[MONITOR] up=617759s window=10s thermal=not_started imagery=not_started
[MONITOR] up=617769s window=10s thermal=not_started imagery=not_started
[MONITOR] up=617779s window=10s thermal=not_started imagery=not_started
[MONITOR] up=617789s window=10s thermal=not_started imagery=not_started
[MONITOR] up=617799s window=10s thermal=not_started imagery=not_started
[MONITOR] up=617809s window=10s thermal=not_started imagery=not_started
[MONITOR] up=617819s window=10s thermal=not_started imagery=not_started
[MONITOR] up=617829s window=10s thermal=not_started imagery=not_started
[MONITOR] up=617839s window=10s thermal=not_started imagery=not_started
[MONITOR] up=617849s window=10s thermal=not_started imagery=not_started
[MONITOR] up=617859s window=10s thermal=not_started imagery=not_started
[MONITOR] up=617869s window=10s thermal=not_started imagery=not_started
[MONITOR] up=617879s window=10s thermal=not_started imagery=not_started
[MONITOR] up=617889s window=10s thermal=not_started imagery=not_started
[MONITOR] up=617899s window=10s thermal=not_started imagery=not_started
[MONITOR] up=617909s window=10s thermal=not_started imagery=not_started
[MONITOR] up=617919s window=10s thermal=not_started imagery=not_started
[MONITOR] up=617929s window=10s thermal=not_started imagery=not_started
[MONITOR] up=617939s window=10s thermal=not_started imagery=not_started
[MONITOR] up=617949s window=10s thermal=not_started imagery=not_started
[MONITOR] up=617959s window=10s thermal=not_started imagery=not_started
[MONITOR] up=617969s window=10s thermal=not_started imagery=not_started
[MONITOR] up=617979s window=10s thermal=not_started imagery=not_started
[MONITOR] up=617989s window=10s thermal=not_started imagery=not_started
[MONITOR] up=617999s window=10s thermal=not_started imagery=not_started
[MONITOR] up=618009s window=10s thermal=not_started imagery=not_started
[MONITOR] up=618019s window=10s thermal=not_started imagery=not_started
[MONITOR] up=618029s window=10s thermal=not_started imagery=not_started
[MONITOR] up=618039s window=10s thermal=not_started imagery=not_started
[MONITOR] up=618049s window=10s thermal=not_started imagery=not_started
[MONITOR] up=618059s window=10s thermal=not_started imagery=not_started
[MONITOR] up=618069s window=10s thermal=not_started imagery=not_started
[MONITOR] up=618079s window=10s thermal=not_started imagery=not_started
[MONITOR] up=618089s window=10s thermal=not_started imagery=not_started
[MONITOR] up=618099s window=10s thermal=not_started imagery=not_started
[MONITOR] up=618109s window=10s thermal=not_started imagery=not_started
[MONITOR] up=618119s window=10s thermal=not_started imagery=not_started
[MONITOR] up=618129s window=10s thermal=not_started imagery=not_started
[MONITOR] up=618139s window=10s thermal=not_started imagery=not_started
[MONITOR] up=618149s window=10s thermal=not_started imagery=not_started
[MONITOR] up=618159s window=10s thermal=not_started imagery=not_started
[MONITOR] up=618169s window=10s thermal=not_started imagery=not_started
[MONITOR] up=618179s window=10s thermal=not_started imagery=not_started
[MONITOR] up=618189s window=10s thermal=not_started imagery=not_started
[MONITOR] up=618199s window=10s thermal=not_started imagery=not_started
[MONITOR] up=618209s window=10s thermal=not_started imagery=not_started
[MONITOR] up=618219s window=10s thermal=not_started imagery=not_started
[MONITOR] up=618229s window=10s thermal=not_started imagery=not_started
[MONITOR] up=618239s window=10s thermal=not_started imagery=not_started
[MONITOR] up=618249s window=10s thermal=not_started imagery=not_started
[MONITOR] up=618259s window=10s thermal=not_started imagery=not_started
[MONITOR] up=618269s window=10s thermal=not_started imagery=not_started
[MONITOR] up=618279s window=10s thermal=not_started imagery=not_started
[MONITOR] up=618289s window=10s thermal=not_started imagery=not_started
[MONITOR] up=618299s window=10s thermal=not_started imagery=not_started
[MONITOR] up=618309s window=10s thermal=not_started imagery=not_started
[MONITOR] up=618319s window=10s thermal=not_started imagery=not_started
[MONITOR] up=618329s window=10s thermal=not_started imagery=not_started
[MONITOR] up=618339s window=10s thermal=not_started imagery=not_started
[MONITOR] up=618349s window=10s thermal=not_started imagery=not_started
[MONITOR] up=618359s window=10s thermal=not_started imagery=not_started
[MONITOR] up=618369s window=10s thermal=not_started imagery=not_started
[MONITOR] up=618379s window=10s thermal=not_started imagery=not_started
[MONITOR] up=618389s window=10s thermal=not_started imagery=not_started
[MONITOR] up=618399s window=10s thermal=not_started imagery=not_started
[MONITOR] up=618409s window=10s thermal=not_started imagery=not_started
[MONITOR] up=618419s window=10s thermal=not_started imagery=not_started
[MONITOR] up=618429s window=10s thermal=not_started imagery=not_started
[MONITOR] up=618439s window=10s thermal=not_started imagery=not_started
[MONITOR] up=618449s window=10s thermal=not_started imagery=not_started
[MONITOR] up=618459s window=10s thermal=not_started imagery=not_started
[MONITOR] up=618469s window=10s thermal=not_started imagery=not_started
[MONITOR] up=618479s window=10s thermal=not_started imagery=not_started
[MONITOR] up=618489s window=10s thermal=not_started imagery=not_started
[MONITOR] up=618499s window=10s thermal=not_started imagery=not_started
[MONITOR] up=618509s window=10s thermal=not_started imagery=not_started
[MONITOR] up=618519s window=10s thermal=not_started imagery=not_started
[MONITOR] up=618529s window=10s thermal=not_started imagery=not_started
[MONITOR] up=618539s window=10s thermal=not_started imagery=not_started
[MONITOR] up=618549s window=10s thermal=not_started imagery=not_started
[MONITOR] up=618559s window=10s thermal=not_started imagery=not_started
[MONITOR] up=618569s window=10s thermal=not_started imagery=not_started
[MONITOR] up=618579s window=10s thermal=not_started imagery=not_started
[MONITOR] up=618589s window=10s thermal=not_started imagery=not_started
[MONITOR] up=618599s window=10s thermal=not_started imagery=not_started
[MONITOR] up=618609s window=10s thermal=not_started imagery=not_started
[MONITOR] up=618619s window=10s thermal=not_started imagery=not_started
[MONITOR] up=618629s window=10s thermal=not_started imagery=not_started
[MONITOR] up=618639s window=10s thermal=not_started imagery=not_started
[MONITOR] up=618649s window=10s thermal=not_started imagery=not_started
[MONITOR] up=618659s window=10s thermal=not_started imagery=not_started
[MONITOR] up=618669s window=10s thermal=not_started imagery=not_started
[MONITOR] up=618679s window=10s thermal=not_started imagery=not_started
[MONITOR] up=618689s window=10s thermal=not_started imagery=not_started
[MONITOR] up=618699s window=10s thermal=not_started imagery=not_started
[MONITOR] up=618709s window=10s thermal=not_started imagery=not_started
[MONITOR] up=618719s window=10s thermal=not_started imagery=not_started
[MONITOR] up=618729s window=10s thermal=not_started imagery=not_started
[MONITOR] up=618739s window=10s thermal=not_started imagery=not_started
[MONITOR] up=618749s window=10s thermal=not_started imagery=not_started
[MONITOR] up=618759s window=10s thermal=not_started imagery=not_started
[MONITOR] up=618769s window=10s thermal=not_started imagery=not_started
[MONITOR] up=618779s window=10s thermal=not_started imagery=not_started
[MONITOR] up=618789s window=10s thermal=not_started imagery=not_started
[MONITOR] up=618799s window=10s thermal=not_started imagery=not_started
[MONITOR] up=618809s window=10s thermal=not_started imagery=not_started
[MONITOR] up=618819s window=10s thermal=not_started imagery=not_started
[MONITOR] up=618829s window=10s thermal=not_started imagery=not_started
[MONITOR] up=618839s window=10s thermal=not_started imagery=not_started
[MONITOR] up=618849s window=10s thermal=not_started imagery=not_started
[MONITOR] up=618859s window=10s thermal=not_started imagery=not_started
[MONITOR] up=618869s window=10s thermal=not_started imagery=not_started
[MONITOR] up=618879s window=10s thermal=not_started imagery=not_started
[MONITOR] up=618889s window=10s thermal=not_started imagery=not_started
[MONITOR] up=618899s window=10s thermal=not_started imagery=not_started
[MONITOR] up=618909s window=10s thermal=not_started imagery=not_started
[MONITOR] up=618919s window=10s thermal=not_started imagery=not_started
[MONITOR] up=618929s window=10s thermal=not_started imagery=not_started
[MONITOR] up=618939s window=10s thermal=not_started imagery=not_started
[MONITOR] up=618949s window=10s thermal=not_started imagery=not_started
[MONITOR] up=618959s window=10s thermal=not_started imagery=not_started
[MONITOR] up=618969s window=10s thermal=not_started imagery=not_started
[MONITOR] up=618979s window=10s thermal=not_started imagery=not_started
[MONITOR] up=618989s window=10s thermal=not_started imagery=not_started
[MONITOR] up=618999s window=10s thermal=not_started imagery=not_started
[MONITOR] up=619009s window=10s thermal=not_started imagery=not_started
[MONITOR] up=619019s window=10s thermal=not_started imagery=not_started
[MONITOR] up=619029s window=10s thermal=not_started imagery=not_started
[MONITOR] up=619039s window=10s thermal=not_started imagery=not_started
[MONITOR] up=619049s window=10s thermal=not_started imagery=not_started
[MONITOR] up=619059s window=10s thermal=not_started imagery=not_started
[MONITOR] up=619069s window=10s thermal=not_started imagery=not_started
[MONITOR] up=619079s window=10s thermal=not_started imagery=not_started
[MONITOR] up=619089s window=10s thermal=not_started imagery=not_started
[MONITOR] up=619099s window=10s thermal=not_started imagery=not_started
[MONITOR] up=619109s window=10s thermal=not_started imagery=not_started
[MONITOR] up=619119s window=10s thermal=not_started imagery=not_started
[MONITOR] up=619129s window=10s thermal=not_started imagery=not_started
[MONITOR] up=619139s window=10s thermal=not_started imagery=not_started
[MONITOR] up=619149s window=10s thermal=not_started imagery=not_started
[MONITOR] up=619159s window=10s thermal=not_started imagery=not_started
[MONITOR] up=619169s window=10s thermal=not_started imagery=not_started
[MONITOR] up=619179s window=10s thermal=not_started imagery=not_started
[MONITOR] up=619189s window=10s thermal=not_started imagery=not_started
[MONITOR] up=619199s window=10s thermal=not_started imagery=not_started
[MONITOR] up=619209s window=10s thermal=not_started imagery=not_started
[MONITOR] up=619219s window=10s thermal=not_started imagery=not_started
[MONITOR] up=619229s window=10s thermal=not_started imagery=not_started
[MONITOR] up=619239s window=10s thermal=not_started imagery=not_started
[MONITOR] up=619249s window=10s thermal=not_started imagery=not_started
[MONITOR] up=619259s window=10s thermal=not_started imagery=not_started
[MONITOR] up=619269s window=10s thermal=not_started imagery=not_started
[MONITOR] up=619279s window=10s thermal=not_started imagery=not_started
[MONITOR] up=619289s window=10s thermal=not_started imagery=not_started
[MONITOR] up=619299s window=10s thermal=not_started imagery=not_started
[MONITOR] up=619309s window=10s thermal=not_started imagery=not_started
[MONITOR] up=619319s window=10s thermal=not_started imagery=not_started
[MONITOR] up=619329s window=10s thermal=not_started imagery=not_started
[MONITOR] up=619339s window=10s thermal=not_started imagery=not_started
[MONITOR] up=619349s window=10s thermal=not_started imagery=not_started
[MONITOR] up=619359s window=10s thermal=not_started imagery=not_started
[MONITOR] up=619369s window=10s thermal=not_started imagery=not_started
[MONITOR] up=619379s window=10s thermal=not_started imagery=not_started
[MONITOR] up=619389s window=10s thermal=not_started imagery=not_started
[MONITOR] up=619399s window=10s thermal=not_started imagery=not_started
[MONITOR] up=619409s window=10s thermal=not_started imagery=not_started
[MONITOR] up=619419s window=10s thermal=not_started imagery=not_started
[MONITOR] up=619429s window=10s thermal=not_started imagery=not_started
[MONITOR] up=619439s window=10s thermal=not_started imagery=not_started
[MONITOR] up=619449s window=10s thermal=not_started imagery=not_started
[MONITOR] up=619459s window=10s thermal=not_started imagery=not_started
[MONITOR] up=619469s window=10s thermal=not_started imagery=not_started
[MONITOR] up=619479s window=10s thermal=not_started imagery=not_started
[MONITOR] up=619489s window=10s thermal=not_started imagery=not_started
[MONITOR] up=619499s window=10s thermal=not_started imagery=not_started
[MONITOR] up=619509s window=10s thermal=not_started imagery=not_started
[MONITOR] up=619519s window=10s thermal=not_started imagery=not_started
[MONITOR] up=619529s window=10s thermal=not_started imagery=not_started
[MONITOR] up=619539s window=10s thermal=not_started imagery=not_started
[MONITOR] up=619549s window=10s thermal=not_started imagery=not_started
[MONITOR] up=619559s window=10s thermal=not_started imagery=not_started
[MONITOR] up=619569s window=10s thermal=not_started imagery=not_started
[MONITOR] up=619579s window=10s thermal=not_started imagery=not_started
[MONITOR] up=619589s window=10s thermal=not_started imagery=not_started
[MONITOR] up=619599s window=10s thermal=not_started imagery=not_started
[MONITOR] up=619609s window=10s thermal=not_started imagery=not_started
[MONITOR] up=619619s window=10s thermal=not_started imagery=not_started
[MONITOR] up=619629s window=10s thermal=not_started imagery=not_started
[MONITOR] up=619639s window=10s thermal=not_started imagery=not_started
[MONITOR] up=619649s window=10s thermal=not_started imagery=not_started
[MONITOR] up=619659s window=10s thermal=not_started imagery=not_started
[MONITOR] up=619669s window=10s thermal=not_started imagery=not_started
[MONITOR] up=619679s window=10s thermal=not_started imagery=not_started
[MONITOR] up=619689s window=10s thermal=not_started imagery=not_started
[MONITOR] up=619699s window=10s thermal=not_started imagery=not_started
[MONITOR] up=619709s window=10s thermal=not_started imagery=not_started
[MONITOR] up=619719s window=10s thermal=not_started imagery=not_started
[MONITOR] up=619729s window=10s thermal=not_started imagery=not_started
[MONITOR] up=619739s window=10s thermal=not_started imagery=not_started
[MONITOR] up=619749s window=10s thermal=not_started imagery=not_started
[MONITOR] up=619759s window=10s thermal=not_started imagery=not_started
[MONITOR] up=619769s window=10s thermal=not_started imagery=not_started
[MONITOR] up=619779s window=10s thermal=not_started imagery=not_started
[MONITOR] up=619789s window=10s thermal=not_started imagery=not_started
[MONITOR] up=619799s window=10s thermal=not_started imagery=not_started
[MONITOR] up=619809s window=10s thermal=not_started imagery=not_started
[MONITOR] up=619819s window=10s thermal=not_started imagery=not_started
[MONITOR] up=619829s window=10s thermal=not_started imagery=not_started
[MONITOR] up=619839s window=10s thermal=not_started imagery=not_started
[MONITOR] up=619849s window=10s thermal=not_started imagery=not_started
[MONITOR] up=619859s window=10s thermal=not_started imagery=not_started
[MONITOR] up=619869s window=10s thermal=not_started imagery=not_started
[MONITOR] up=619879s window=10s thermal=not_started imagery=not_started
[MONITOR] up=619889s window=10s thermal=not_started imagery=not_started
[MONITOR] up=619899s window=10s thermal=not_started imagery=not_started
[MONITOR] up=619909s window=10s thermal=not_started imagery=not_started
[MONITOR] up=619919s window=10s thermal=not_started imagery=not_started
[MONITOR] up=619929s window=10s thermal=not_started imagery=not_started
[MONITOR] up=619939s window=10s thermal=not_started imagery=not_started
[MONITOR] up=619949s window=10s thermal=not_started imagery=not_started
[MONITOR] up=619959s window=10s thermal=not_started imagery=not_started
[MONITOR] up=619969s window=10s thermal=not_started imagery=not_started
[MONITOR] up=619979s window=10s thermal=not_started imagery=not_started
[MONITOR] up=619989s window=10s thermal=not_started imagery=not_started
[MONITOR] up=619999s window=10s thermal=not_started imagery=not_started
[MONITOR] up=620009s window=10s thermal=not_started imagery=not_started
[MONITOR] up=620019s window=10s thermal=not_started imagery=not_started
[MONITOR] up=620029s window=10s thermal=not_started imagery=not_started
[MONITOR] up=620039s window=10s thermal=not_started imagery=not_started
[MONITOR] up=620049s window=10s thermal=not_started imagery=not_started
[MONITOR] up=620877s window=10s thermal=not_started imagery=not_started
[MONITOR] up=620887s window=10s thermal=not_started imagery=not_started
[MONITOR] up=620897s window=10s thermal=not_started imagery=not_started
[MONITOR] up=620907s window=10s thermal=not_started imagery=not_started
[MONITOR] up=620917s window=10s thermal=not_started imagery=not_started
[MONITOR] up=620927s window=10s thermal=not_started imagery=not_started
[MONITOR] up=620937s window=10s thermal=not_started imagery=not_started
[MONITOR] up=620947s window=10s thermal=not_started imagery=not_started
[MONITOR] up=620957s window=10s thermal=not_started imagery=not_started
[MONITOR] up=620967s window=10s thermal=not_started imagery=not_started
[MONITOR] up=620977s window=10s thermal=not_started imagery=not_started
[MONITOR] up=620987s window=10s thermal=not_started imagery=not_started
[MONITOR] up=620997s window=10s thermal=not_started imagery=not_started
[MONITOR] up=621007s window=10s thermal=not_started imagery=not_started
[MONITOR] up=621017s window=10s thermal=not_started imagery=not_started
[MONITOR] up=621027s window=10s thermal=not_started imagery=not_started
[MONITOR] up=621037s window=10s thermal=not_started imagery=not_started
[MONITOR] up=621047s window=10s thermal=not_started imagery=not_started
[MONITOR] up=621057s window=10s thermal=not_started imagery=not_started
[MONITOR] up=621067s window=10s thermal=not_started imagery=not_started
[MONITOR] up=621077s window=10s thermal=not_started imagery=not_started
[MONITOR] up=621087s window=10s thermal=not_started imagery=not_started
[MONITOR] up=621097s window=10s thermal=not_started imagery=not_started
[MONITOR] up=621107s window=10s thermal=not_started imagery=not_started
[MONITOR] up=621117s window=10s thermal=not_started imagery=not_started
[MONITOR] up=621127s window=10s thermal=not_started imagery=not_started
[MONITOR] up=621137s window=10s thermal=not_started imagery=not_started
[MONITOR] up=621147s window=10s thermal=not_started imagery=not_started
[MONITOR] up=621157s window=10s thermal=not_started imagery=not_started
[MONITOR] up=621167s window=10s thermal=not_started imagery=not_started
[MONITOR] up=621177s window=10s thermal=not_started imagery=not_started
[MONITOR] up=621187s window=10s thermal=not_started imagery=not_started
[MONITOR] up=621197s window=10s thermal=not_started imagery=not_started
[MONITOR] up=621207s window=10s thermal=not_started imagery=not_started
[MONITOR] up=621217s window=10s thermal=not_started imagery=not_started
[MONITOR] up=621227s window=10s thermal=not_started imagery=not_started
[MONITOR] up=621237s window=10s thermal=not_started imagery=not_started
[MONITOR] up=621247s window=10s thermal=not_started imagery=not_started
[MONITOR] up=621257s window=10s thermal=not_started imagery=not_started
[MONITOR] up=621267s window=10s thermal=not_started imagery=not_started
[MONITOR] up=621277s window=10s thermal=not_started imagery=not_started
[MONITOR] up=621287s window=10s thermal=not_started imagery=not_started
[MONITOR] up=621297s window=10s thermal=not_started imagery=not_started
[MONITOR] up=621307s window=10s thermal=not_started imagery=not_started
[MONITOR] up=621317s window=10s thermal=not_started imagery=not_started
[MONITOR] up=621327s window=10s thermal=not_started imagery=not_started
[MONITOR] up=621337s window=10s thermal=not_started imagery=not_started
[MONITOR] up=621347s window=10s thermal=not_started imagery=not_started
[MONITOR] up=621357s window=10s thermal=not_started imagery=not_started
[MONITOR] up=621367s window=10s thermal=not_started imagery=not_started
[MONITOR] up=621377s window=10s thermal=not_started imagery=not_started
[MONITOR] up=621387s window=10s thermal=not_started imagery=not_started
[MONITOR] up=621397s window=10s thermal=not_started imagery=not_started
[MONITOR] up=621407s window=10s thermal=not_started imagery=not_started
[MONITOR] up=621417s window=10s thermal=not_started imagery=not_started
[MONITOR] up=621427s window=10s thermal=not_started imagery=not_started
[MONITOR] up=621437s window=10s thermal=not_started imagery=not_started
[MONITOR] up=621447s window=10s thermal=not_started imagery=not_started
[MONITOR] up=621457s window=10s thermal=not_started imagery=not_started
[MONITOR] up=621467s window=10s thermal=not_started imagery=not_started
[MONITOR] up=621477s window=10s thermal=not_started imagery=not_started
[MONITOR] up=621487s window=10s thermal=not_started imagery=not_started
[MONITOR] up=621497s window=10s thermal=not_started imagery=not_started
[MONITOR] up=621507s window=10s thermal=not_started imagery=not_started
[MONITOR] up=621517s window=10s thermal=not_started imagery=not_started
[MONITOR] up=621527s window=10s thermal=not_started imagery=not_started
[MONITOR] up=621537s window=10s thermal=not_started imagery=not_started
[MONITOR] up=621547s window=10s thermal=not_started imagery=not_started
[MONITOR] up=621557s window=10s thermal=not_started imagery=not_started
[MONITOR] up=621567s window=10s thermal=not_started imagery=not_started
[MONITOR] up=621577s window=10s thermal=not_started imagery=not_started
[MONITOR] up=621587s window=10s thermal=not_started imagery=not_started
[MONITOR] up=621597s window=10s thermal=not_started imagery=not_started
[MONITOR] up=621607s window=10s thermal=not_started imagery=not_started
[MONITOR] up=621617s window=10s thermal=not_started imagery=not_started
[MONITOR] up=621627s window=10s thermal=not_started imagery=not_started
[MONITOR] up=621637s window=10s thermal=not_started imagery=not_started
[MONITOR] up=621647s window=10s thermal=not_started imagery=not_started
[MONITOR] up=621657s window=10s thermal=not_started imagery=not_started
[MONITOR] up=621667s window=10s thermal=not_started imagery=not_started
[MONITOR] up=621677s window=10s thermal=not_started imagery=not_started
[MONITOR] up=621687s window=10s thermal=not_started imagery=not_started
[MONITOR] up=621697s window=10s thermal=not_started imagery=not_started
[MONITOR] up=621707s window=10s thermal=not_started imagery=not_started
[MONITOR] up=621717s window=10s thermal=not_started imagery=not_started
[MONITOR] up=621727s window=10s thermal=not_started imagery=not_started
[MONITOR] up=621737s window=10s thermal=not_started imagery=not_started
[MONITOR] up=621747s window=10s thermal=not_started imagery=not_started
[MONITOR] up=621757s window=10s thermal=not_started imagery=not_started
[MONITOR] up=621767s window=10s thermal=not_started imagery=not_started
[MONITOR] up=621777s window=10s thermal=not_started imagery=not_started
[MONITOR] up=621787s window=10s thermal=not_started imagery=not_started
[MONITOR] up=621797s window=10s thermal=not_started imagery=not_started
[MONITOR] up=621807s window=10s thermal=not_started imagery=not_started
[MONITOR] up=621817s window=10s thermal=not_started imagery=not_started
[MONITOR] up=621827s window=10s thermal=not_started imagery=not_started
[MONITOR] up=621837s window=10s thermal=not_started imagery=not_started
[MONITOR] up=621847s window=10s thermal=not_started imagery=not_started
[MONITOR] up=621857s window=10s thermal=not_started imagery=not_started
[MONITOR] up=621867s window=10s thermal=not_started imagery=not_started
[MONITOR] up=621877s window=10s thermal=not_started imagery=not_started
[MONITOR] up=621887s window=10s thermal=not_started imagery=not_started
[MONITOR] up=621897s window=10s thermal=not_started imagery=not_started
[MONITOR] up=621907s window=10s thermal=not_started imagery=not_started
[MONITOR] up=621917s window=10s thermal=not_started imagery=not_started
[MONITOR] up=621927s window=10s thermal=not_started imagery=not_started
[MONITOR] up=621937s window=10s thermal=not_started imagery=not_started
[MONITOR] up=621947s window=10s thermal=not_started imagery=not_started
[MONITOR] up=621957s window=10s thermal=not_started imagery=not_started
[MONITOR] up=621967s window=10s thermal=not_started imagery=not_started
[MONITOR] up=621977s window=10s thermal=not_started imagery=not_started
[MONITOR] up=621987s window=10s thermal=not_started imagery=not_started
[MONITOR] up=621997s window=10s thermal=not_started imagery=not_started
[MONITOR] up=622007s window=10s thermal=not_started imagery=not_started
[MONITOR] up=622017s window=10s thermal=not_started imagery=not_started
[MONITOR] up=622027s window=10s thermal=not_started imagery=not_started
[MONITOR] up=622037s window=10s thermal=not_started imagery=not_started
[MONITOR] up=622047s window=10s thermal=not_started imagery=not_started
[MONITOR] up=622057s window=10s thermal=not_started imagery=not_started
[MONITOR] up=622067s window=10s thermal=not_started imagery=not_started
[MONITOR] up=622077s window=10s thermal=not_started imagery=not_started
[MONITOR] up=622087s window=10s thermal=not_started imagery=not_started
[MONITOR] up=622097s window=10s thermal=not_started imagery=not_started
[MONITOR] up=622107s window=10s thermal=not_started imagery=not_started
[MONITOR] up=622117s window=10s thermal=not_started imagery=not_started
[MONITOR] up=622127s window=10s thermal=not_started imagery=not_started
[MONITOR] up=622137s window=10s thermal=not_started imagery=not_started
[MONITOR] up=622147s window=10s thermal=not_started imagery=not_started
[MONITOR] up=622157s window=10s thermal=not_started imagery=not_started
[MONITOR] up=622167s window=10s thermal=not_started imagery=not_started
[MONITOR] up=622177s window=10s thermal=not_started imagery=not_started
[MONITOR] up=622187s window=10s thermal=not_started imagery=not_started
[MONITOR] up=622197s window=10s thermal=not_started imagery=not_started
[MONITOR] up=622207s window=10s thermal=not_started imagery=not_started
[MONITOR] up=622217s window=10s thermal=not_started imagery=not_started
[MONITOR] up=622227s window=10s thermal=not_started imagery=not_started
[MONITOR] up=622237s window=10s thermal=not_started imagery=not_started
[MONITOR] up=622247s window=10s thermal=not_started imagery=not_started
[MONITOR] up=622257s window=10s thermal=not_started imagery=not_started
[MONITOR] up=622267s window=10s thermal=not_started imagery=not_started
[MONITOR] up=622277s window=10s thermal=not_started imagery=not_started
[MONITOR] up=622287s window=10s thermal=not_started imagery=not_started
[MONITOR] up=622297s window=10s thermal=not_started imagery=not_started
[MONITOR] up=622307s window=10s thermal=not_started imagery=not_started
[MONITOR] up=622317s window=10s thermal=not_started imagery=not_started
[MONITOR] up=622327s window=10s thermal=not_started imagery=not_started
[MONITOR] up=622337s window=10s thermal=not_started imagery=not_started
[MONITOR] up=622347s window=10s thermal=not_started imagery=not_started
[MONITOR] up=622357s window=10s thermal=not_started imagery=not_started
[MONITOR] up=622367s window=10s thermal=not_started imagery=not_started
[MONITOR] up=622377s window=10s thermal=not_started imagery=not_started
[MONITOR] up=622387s window=10s thermal=not_started imagery=not_started
[MONITOR] up=622397s window=10s thermal=not_started imagery=not_started
[MONITOR] up=622407s window=10s thermal=not_started imagery=not_started
[MONITOR] up=622417s window=10s thermal=not_started imagery=not_started
[MONITOR] up=622427s window=10s thermal=not_started imagery=not_started
[MONITOR] up=622437s window=10s thermal=not_started imagery=not_started
[MONITOR] up=622447s window=10s thermal=not_started imagery=not_started
[MONITOR] up=622457s window=10s thermal=not_started imagery=not_started
[MONITOR] up=622467s window=10s thermal=not_started imagery=not_started
[MONITOR] up=622477s window=10s thermal=not_started imagery=not_started
[MONITOR] up=622487s window=10s thermal=not_started imagery=not_started
[MONITOR] up=622497s window=10s thermal=not_started imagery=not_started
[MONITOR] up=622507s window=10s thermal=not_started imagery=not_started
[MONITOR] up=622517s window=10s thermal=not_started imagery=not_started
[MONITOR] up=622527s window=10s thermal=not_started imagery=not_started
[MONITOR] up=622537s window=10s thermal=not_started imagery=not_started
[MONITOR] up=622547s window=10s thermal=not_started imagery=not_started
[MONITOR] up=622557s window=10s thermal=not_started imagery=not_started
[MONITOR] up=622567s window=10s thermal=not_started imagery=not_started
[MONITOR] up=622577s window=10s thermal=not_started imagery=not_started
[MONITOR] up=622587s window=10s thermal=not_started imagery=not_started
[MONITOR] up=622597s window=10s thermal=not_started imagery=not_started
[MONITOR] up=622607s window=10s thermal=not_started imagery=not_started
[MONITOR] up=622617s window=10s thermal=not_started imagery=not_started
[MONITOR] up=622627s window=10s thermal=not_started imagery=not_started
[MONITOR] up=622637s window=10s thermal=not_started imagery=not_started
[MONITOR] up=622647s window=10s thermal=not_started imagery=not_started
[MONITOR] up=622657s window=10s thermal=not_started imagery=not_started
[MONITOR] up=622667s window=10s thermal=not_started imagery=not_started
[MONITOR] up=622677s window=10s thermal=not_started imagery=not_started
[MONITOR] up=622687s window=10s thermal=not_started imagery=not_started
[MONITOR] up=622697s window=10s thermal=not_started imagery=not_started
[MONITOR] up=622707s window=10s thermal=not_started imagery=not_started
[MONITOR] up=622717s window=10s thermal=not_started imagery=not_started
[MONITOR] up=622727s window=10s thermal=not_started imagery=not_started
[MONITOR] up=622737s window=10s thermal=not_started imagery=not_started
[MONITOR] up=622747s window=10s thermal=not_started imagery=not_started
[MONITOR] up=622757s window=10s thermal=not_started imagery=not_started
[MONITOR] up=622767s window=10s thermal=not_started imagery=not_started
[MONITOR] up=622777s window=10s thermal=not_started imagery=not_started
[MONITOR] up=622787s window=10s thermal=not_started imagery=not_started
[MONITOR] up=622797s window=10s thermal=not_started imagery=not_started
[MONITOR] up=622807s window=10s thermal=not_started imagery=not_started
[MONITOR] up=622817s window=10s thermal=not_started imagery=not_started
[MONITOR] up=622827s window=10s thermal=not_started imagery=not_started
[MONITOR] up=622837s window=10s thermal=not_started imagery=not_started
[MONITOR] up=622847s window=10s thermal=not_started imagery=not_started
[MONITOR] up=622857s window=10s thermal=not_started imagery=not_started
[MONITOR] up=622867s window=10s thermal=not_started imagery=not_started
[MONITOR] up=622877s window=10s thermal=not_started imagery=not_started
[MONITOR] up=622887s window=10s thermal=not_started imagery=not_started
[MONITOR] up=622897s window=10s thermal=not_started imagery=not_started
[MONITOR] up=622907s window=10s thermal=not_started imagery=not_started
[MONITOR] up=622917s window=10s thermal=not_started imagery=not_started
[MONITOR] up=622927s window=10s thermal=not_started imagery=not_started
[MONITOR] up=622937s window=10s thermal=not_started imagery=not_started
[MONITOR] up=622947s window=10s thermal=not_started imagery=not_started
[MONITOR] up=622957s window=10s thermal=not_started imagery=not_started
[MONITOR] up=622967s window=10s thermal=not_started imagery=not_started
[MONITOR] up=622977s window=10s thermal=not_started imagery=not_started
[MONITOR] up=622987s window=10s thermal=not_started imagery=not_started
[MONITOR] up=622997s window=10s thermal=not_started imagery=not_started
[MONITOR] up=623007s window=10s thermal=not_started imagery=not_started
[MONITOR] up=623017s window=10s thermal=not_started imagery=not_started
[MONITOR] up=623027s window=10s thermal=not_started imagery=not_started
[MONITOR] up=623037s window=10s thermal=not_started imagery=not_started
[MONITOR] up=623047s window=10s thermal=not_started imagery=not_started
[MONITOR] up=623057s window=10s thermal=not_started imagery=not_started
[MONITOR] up=623067s window=10s thermal=not_started imagery=not_started
[MONITOR] up=623077s window=10s thermal=not_started imagery=not_started
[MONITOR] up=623087s window=10s thermal=not_started imagery=not_started
[MONITOR] up=623097s window=10s thermal=not_started imagery=not_started
[MONITOR] up=623107s window=10s thermal=not_started imagery=not_started
[MONITOR] up=623117s window=10s thermal=not_started imagery=not_started
[MONITOR] up=623127s window=10s thermal=not_started imagery=not_started
[MONITOR] up=623137s window=10s thermal=not_started imagery=not_started
[MONITOR] up=623147s window=10s thermal=not_started imagery=not_started
[MONITOR] up=623157s window=10s thermal=not_started imagery=not_started
[MONITOR] up=623167s window=10s thermal=not_started imagery=not_started
[MONITOR] up=623177s window=10s thermal=not_started imagery=not_started
[MONITOR] up=623187s window=10s thermal=not_started imagery=not_started
[MONITOR] up=623197s window=10s thermal=not_started imagery=not_started
[MONITOR] up=623207s window=10s thermal=not_started imagery=not_started
[MONITOR] up=623217s window=10s thermal=not_started imagery=not_started
[MONITOR] up=623227s window=10s thermal=not_started imagery=not_started
[MONITOR] up=623237s window=10s thermal=not_started imagery=not_started
[MONITOR] up=623247s window=10s thermal=not_started imagery=not_started
[MONITOR] up=623257s window=10s thermal=not_started imagery=not_started
[MONITOR] up=623267s window=10s thermal=not_started imagery=not_started
[MONITOR] up=623277s window=10s thermal=not_started imagery=not_started
[MONITOR] up=623287s window=10s thermal=not_started imagery=not_started
[MONITOR] up=623297s window=10s thermal=not_started imagery=not_started
[MONITOR] up=623307s window=10s thermal=not_started imagery=not_started
[MONITOR] up=623317s window=10s thermal=not_started imagery=not_started
[MONITOR] up=623327s window=10s thermal=not_started imagery=not_started
[MONITOR] up=623337s window=10s thermal=not_started imagery=not_started
[MONITOR] up=623347s window=10s thermal=not_started imagery=not_started
[MONITOR] up=623357s window=10s thermal=not_started imagery=not_started
[MONITOR] up=623367s window=10s thermal=not_started imagery=not_started
[MONITOR] up=623377s window=10s thermal=not_started imagery=not_started
[MONITOR] up=623387s window=10s thermal=not_started imagery=not_started
[MONITOR] up=623397s window=10s thermal=not_started imagery=not_started
[MONITOR] up=623407s window=10s thermal=not_started imagery=not_started
[MONITOR] up=623417s window=10s thermal=not_started imagery=not_started
[MONITOR] up=623427s window=10s thermal=not_started imagery=not_started
[MONITOR] up=623437s window=10s thermal=not_started imagery=not_started
[MONITOR] up=623447s window=10s thermal=not_started imagery=not_started
[MONITOR] up=623457s window=10s thermal=not_started imagery=not_started
[MONITOR] up=623467s window=10s thermal=not_started imagery=not_started
[MONITOR] up=623477s window=10s thermal=not_started imagery=not_started
[MONITOR] up=623487s window=10s thermal=not_started imagery=not_started
[MONITOR] up=623497s window=10s thermal=not_started imagery=not_started
[MONITOR] up=623507s window=10s thermal=not_started imagery=not_started
[MONITOR] up=623517s window=10s thermal=not_started imagery=not_started
[MONITOR] up=623527s window=10s thermal=not_started imagery=not_started
[MONITOR] up=623537s window=10s thermal=not_started imagery=not_started
[MONITOR] up=623547s window=10s thermal=not_started imagery=not_started
[MONITOR] up=623557s window=10s thermal=not_started imagery=not_started
[MONITOR] up=623567s window=10s thermal=not_started imagery=not_started
[MONITOR] up=623577s window=10s thermal=not_started imagery=not_started
[MONITOR] up=623587s window=10s thermal=not_started imagery=not_started
[MONITOR] up=623597s window=10s thermal=not_started imagery=not_started
[MONITOR] up=623607s window=10s thermal=not_started imagery=not_started
[MONITOR] up=623617s window=10s thermal=not_started imagery=not_started
[MONITOR] up=623627s window=10s thermal=not_started imagery=not_started
[MONITOR] up=623637s window=10s thermal=not_started imagery=not_started
[MONITOR] up=623647s window=10s thermal=not_started imagery=not_started
[MONITOR] up=623657s window=10s thermal=not_started imagery=not_started
[MONITOR] up=623667s window=10s thermal=not_started imagery=not_started
[MONITOR] up=623677s window=10s thermal=not_started imagery=not_started
[MONITOR] up=623687s window=10s thermal=not_started imagery=not_started
[MONITOR] up=623697s window=10s thermal=not_started imagery=not_started
[MONITOR] up=623707s window=10s thermal=not_started imagery=not_started
[MONITOR] up=623717s window=10s thermal=not_started imagery=not_started
[MONITOR] up=623727s window=10s thermal=not_started imagery=not_started
[MONITOR] up=623737s window=10s thermal=not_started imagery=not_started
[MONITOR] up=623747s window=10s thermal=not_started imagery=not_started
[MONITOR] up=623757s window=10s thermal=not_started imagery=not_started
[MONITOR] up=623767s window=10s thermal=not_started imagery=not_started
[MONITOR] up=623777s window=10s thermal=not_started imagery=not_started
[MONITOR] up=623787s window=10s thermal=not_started imagery=not_started
[MONITOR] up=623797s window=10s thermal=not_started imagery=not_started
[MONITOR] up=623807s window=10s thermal=not_started imagery=not_started
[MONITOR] up=623817s window=10s thermal=not_started imagery=not_started
[MONITOR] up=623827s window=10s thermal=not_started imagery=not_started
[MONITOR] up=623837s window=10s thermal=not_started imagery=not_started
[MONITOR] up=623847s window=10s thermal=not_started imagery=not_started
[MONITOR] up=623857s window=10s thermal=not_started imagery=not_started
[MONITOR] up=623867s window=10s thermal=not_started imagery=not_started
[MONITOR] up=623877s window=10s thermal=not_started imagery=not_started
[MONITOR] up=623887s window=10s thermal=not_started imagery=not_started
[MONITOR] up=623897s window=10s thermal=not_started imagery=not_started
[MONITOR] up=623907s window=10s thermal=not_started imagery=not_started
[MONITOR] up=623917s window=10s thermal=not_started imagery=not_started
[MONITOR] up=623927s window=10s thermal=not_started imagery=not_started
[MONITOR] up=623937s window=10s thermal=not_started imagery=not_started
[MONITOR] up=623947s window=10s thermal=not_started imagery=not_started
[MONITOR] up=623957s window=10s thermal=not_started imagery=not_started
[MONITOR] up=623967s window=10s thermal=not_started imagery=not_started
[MONITOR] up=623977s window=10s thermal=not_started imagery=not_started
[MONITOR] up=623987s window=10s thermal=not_started imagery=not_started
[MONITOR] up=623997s window=10s thermal=not_started imagery=not_started
[MONITOR] up=624007s window=10s thermal=not_started imagery=not_started
[MONITOR] up=624017s window=10s thermal=not_started imagery=not_started
[MONITOR] up=624028s window=10s thermal=not_started imagery=not_started
[MONITOR] up=624038s window=10s thermal=not_started imagery=not_started
[MONITOR] up=624048s window=10s thermal=not_started imagery=not_started
[MONITOR] up=624058s window=10s thermal=not_started imagery=not_started
[MONITOR] up=624068s window=10s thermal=not_started imagery=not_started
[MONITOR] up=624078s window=10s thermal=not_started imagery=not_started
[MONITOR] up=624088s window=10s thermal=not_started imagery=not_started
[MONITOR] up=624098s window=10s thermal=not_started imagery=not_started
[MONITOR] up=624108s window=10s thermal=not_started imagery=not_started
[MONITOR] up=624118s window=10s thermal=not_started imagery=not_started
[MONITOR] up=624128s window=10s thermal=not_started imagery=not_started
[MONITOR] up=624138s window=10s thermal=not_started imagery=not_started
[MONITOR] up=624148s window=10s thermal=not_started imagery=not_started
[MONITOR] up=624158s window=10s thermal=not_started imagery=not_started
[MONITOR] up=624168s window=10s thermal=not_started imagery=not_started
[MONITOR] up=624178s window=10s thermal=not_started imagery=not_started
[MONITOR] up=624188s window=10s thermal=not_started imagery=not_started
[MONITOR] up=624198s window=10s thermal=not_started imagery=not_started
[MONITOR] up=624208s window=10s thermal=not_started imagery=not_started
[MONITOR] up=624218s window=10s thermal=not_started imagery=not_started
[MONITOR] up=624228s window=10s thermal=not_started imagery=not_started
[MONITOR] up=624238s window=10s thermal=not_started imagery=not_started
[MONITOR] up=624248s window=10s thermal=not_started imagery=not_started
[MONITOR] up=624258s window=10s thermal=not_started imagery=not_started
[MONITOR] up=624268s window=10s thermal=not_started imagery=not_started
[MONITOR] up=624278s window=10s thermal=not_started imagery=not_started
[MONITOR] up=624288s window=10s thermal=not_started imagery=not_started
[MONITOR] up=624298s window=10s thermal=not_started imagery=not_started
[MONITOR] up=624308s window=10s thermal=not_started imagery=not_started
[MONITOR] up=624318s window=10s thermal=not_started imagery=not_started
[MONITOR] up=624328s window=10s thermal=not_started imagery=not_started
[MONITOR] up=624338s window=10s thermal=not_started imagery=not_started
[MONITOR] up=624348s window=10s thermal=not_started imagery=not_started
[MONITOR] up=624358s window=10s thermal=not_started imagery=not_started
[MONITOR] up=624368s window=10s thermal=not_started imagery=not_started
[MONITOR] up=624378s window=10s thermal=not_started imagery=not_started
[MONITOR] up=624388s window=10s thermal=not_started imagery=not_started
[MONITOR] up=624398s window=10s thermal=not_started imagery=not_started
[MONITOR] up=624408s window=10s thermal=not_started imagery=not_started
[MONITOR] up=624418s window=10s thermal=not_started imagery=not_started
[MONITOR] up=624428s window=10s thermal=not_started imagery=not_started
[MONITOR] up=624438s window=10s thermal=not_started imagery=not_started
[MONITOR] up=624448s window=10s thermal=not_started imagery=not_started
[MONITOR] up=624458s window=10s thermal=not_started imagery=not_started
[MONITOR] up=624468s window=10s thermal=not_started imagery=not_started
[MONITOR] up=624478s window=10s thermal=not_started imagery=not_started
[MONITOR] up=624488s window=10s thermal=not_started imagery=not_started
[MONITOR] up=624498s window=10s thermal=not_started imagery=not_started
[MONITOR] up=624508s window=10s thermal=not_started imagery=not_started
[MONITOR] up=624518s window=10s thermal=not_started imagery=not_started
[MONITOR] up=624528s window=10s thermal=not_started imagery=not_started
[MONITOR] up=624538s window=10s thermal=not_started imagery=not_started
[MONITOR] up=624548s window=10s thermal=not_started imagery=not_started
[MONITOR] up=624558s window=10s thermal=not_started imagery=not_started
[MONITOR] up=624568s window=10s thermal=not_started imagery=not_started
[MONITOR] up=624578s window=10s thermal=not_started imagery=not_started
[MONITOR] up=624588s window=10s thermal=not_started imagery=not_started
[MONITOR] up=624598s window=10s thermal=not_started imagery=not_started
[MONITOR] up=624608s window=10s thermal=not_started imagery=not_started
[MONITOR] up=624618s window=10s thermal=not_started imagery=not_started
[MONITOR] up=624628s window=10s thermal=not_started imagery=not_started
[MONITOR] up=624638s window=10s thermal=not_started imagery=not_started
[MONITOR] up=624648s window=10s thermal=not_started imagery=not_started
[MONITOR] up=624658s window=10s thermal=not_started imagery=not_started
[MONITOR] up=624668s window=10s thermal=not_started imagery=not_started
[MONITOR] up=624678s window=10s thermal=not_started imagery=not_started
[MONITOR] up=624688s window=10s thermal=not_started imagery=not_started
[MONITOR] up=624698s window=10s thermal=not_started imagery=not_started
[MONITOR] up=624708s window=10s thermal=not_started imagery=not_started
[MONITOR] up=624718s window=10s thermal=not_started imagery=not_started
[MONITOR] up=624728s window=10s thermal=not_started imagery=not_started
[MONITOR] up=624738s window=10s thermal=not_started imagery=not_started
[MONITOR] up=624748s window=10s thermal=not_started imagery=not_started
[MONITOR] up=624758s window=10s thermal=not_started imagery=not_started
[MONITOR] up=624768s window=10s thermal=not_started imagery=not_started
[MONITOR] up=624778s window=10s thermal=not_started imagery=not_started
[MONITOR] up=624788s window=10s thermal=not_started imagery=not_started
[MONITOR] up=624798s window=10s thermal=not_started imagery=not_started
[MONITOR] up=624808s window=10s thermal=not_started imagery=not_started
[MONITOR] up=624818s window=10s thermal=not_started imagery=not_started
[MONITOR] up=624828s window=10s thermal=not_started imagery=not_started
[MONITOR] up=624838s window=10s thermal=not_started imagery=not_started
[MONITOR] up=624848s window=10s thermal=not_started imagery=not_started
[MONITOR] up=624858s window=10s thermal=not_started imagery=not_started
[MONITOR] up=624868s window=10s thermal=not_started imagery=not_started
[MONITOR] up=624878s window=10s thermal=not_started imagery=not_started
[MONITOR] up=624888s window=10s thermal=not_started imagery=not_started
[MONITOR] up=624898s window=10s thermal=not_started imagery=not_started
[MONITOR] up=624908s window=10s thermal=not_started imagery=not_started
[MONITOR] up=624918s window=10s thermal=not_started imagery=not_started
[MONITOR] up=624928s window=10s thermal=not_started imagery=not_started
[MONITOR] up=624938s window=10s thermal=not_started imagery=not_started
[MONITOR] up=624948s window=10s thermal=not_started imagery=not_started
[MONITOR] up=624958s window=10s thermal=not_started imagery=not_started
[MONITOR] up=624968s window=10s thermal=not_started imagery=not_started
[MONITOR] up=624978s window=10s thermal=not_started imagery=not_started
[MONITOR] up=624988s window=10s thermal=not_started imagery=not_started
[MONITOR] up=624998s window=10s thermal=not_started imagery=not_started
[MONITOR] up=625008s window=10s thermal=not_started imagery=not_started
[MONITOR] up=625018s window=10s thermal=not_started imagery=not_started
[MONITOR] up=625028s window=10s thermal=not_started imagery=not_started
[MONITOR] up=625038s window=10s thermal=not_started imagery=not_started
[MONITOR] up=625048s window=10s thermal=not_started imagery=not_started
[MONITOR] up=625058s window=10s thermal=not_started imagery=not_started
[MONITOR] up=625068s window=10s thermal=not_started imagery=not_started
[MONITOR] up=625078s window=10s thermal=not_started imagery=not_started
[MONITOR] up=625088s window=10s thermal=not_started imagery=not_started
[MONITOR] up=625098s window=10s thermal=not_started imagery=not_started
[MONITOR] up=625108s window=10s thermal=not_started imagery=not_started
[MONITOR] up=625118s window=10s thermal=not_started imagery=not_started
[MONITOR] up=625128s window=10s thermal=not_started imagery=not_started
[MONITOR] up=625138s window=10s thermal=not_started imagery=not_started
[MONITOR] up=625148s window=10s thermal=not_started imagery=not_started
[MONITOR] up=625158s window=10s thermal=not_started imagery=not_started
[MONITOR] up=625168s window=10s thermal=not_started imagery=not_started
[MONITOR] up=625178s window=10s thermal=not_started imagery=not_started
[MONITOR] up=625188s window=10s thermal=not_started imagery=not_started
[MONITOR] up=625198s window=10s thermal=not_started imagery=not_started
[MONITOR] up=625208s window=10s thermal=not_started imagery=not_started
[MONITOR] up=625218s window=10s thermal=not_started imagery=not_started
[MONITOR] up=625228s window=10s thermal=not_started imagery=not_started
[MONITOR] up=625238s window=10s thermal=not_started imagery=not_started
[MONITOR] up=625248s window=10s thermal=not_started imagery=not_started
[MONITOR] up=625258s window=10s thermal=not_started imagery=not_started
[MONITOR] up=625268s window=10s thermal=not_started imagery=not_started
[MONITOR] up=625278s window=10s thermal=not_started imagery=not_started
[MONITOR] up=625288s window=10s thermal=not_started imagery=not_started
[MONITOR] up=625298s window=10s thermal=not_started imagery=not_started
[MONITOR] up=625308s window=10s thermal=not_started imagery=not_started
[MONITOR] up=625318s window=10s thermal=not_started imagery=not_started
[MONITOR] up=625328s window=10s thermal=not_started imagery=not_started
[MONITOR] up=625338s window=10s thermal=not_started imagery=not_started
[MONITOR] up=625348s window=10s thermal=not_started imagery=not_started
[MONITOR] up=625358s window=10s thermal=not_started imagery=not_started
[MONITOR] up=625368s window=10s thermal=not_started imagery=not_started
[MONITOR] up=625378s window=10s thermal=not_started imagery=not_started
[MONITOR] up=625388s window=10s thermal=not_started imagery=not_started
[MONITOR] up=625398s window=10s thermal=not_started imagery=not_started
[MONITOR] up=625408s window=10s thermal=not_started imagery=not_started
[MONITOR] up=625418s window=10s thermal=not_started imagery=not_started
[MONITOR] up=625428s window=10s thermal=not_started imagery=not_started
[MONITOR] up=625438s window=10s thermal=not_started imagery=not_started
[MONITOR] up=625448s window=10s thermal=not_started imagery=not_started
[MONITOR] up=625458s window=10s thermal=not_started imagery=not_started
[MONITOR] up=625468s window=10s thermal=not_started imagery=not_started
[MONITOR] up=625478s window=10s thermal=not_started imagery=not_started
[MONITOR] up=625488s window=10s thermal=not_started imagery=not_started
[MONITOR] up=625498s window=10s thermal=not_started imagery=not_started
[MONITOR] up=625508s window=10s thermal=not_started imagery=not_started
[MONITOR] up=625518s window=10s thermal=not_started imagery=not_started
[MONITOR] up=625528s window=10s thermal=not_started imagery=not_started
[MONITOR] up=625538s window=10s thermal=not_started imagery=not_started
[MONITOR] up=625548s window=10s thermal=not_started imagery=not_started
[MONITOR] up=625558s window=10s thermal=not_started imagery=not_started
[MONITOR] up=625568s window=10s thermal=not_started imagery=not_started
[MONITOR] up=625578s window=10s thermal=not_started imagery=not_started
[MONITOR] up=625588s window=10s thermal=not_started imagery=not_started
[MONITOR] up=625598s window=10s thermal=not_started imagery=not_started
[MONITOR] up=625608s window=10s thermal=not_started imagery=not_started
[MONITOR] up=625618s window=10s thermal=not_started imagery=not_started
[MONITOR] up=625628s window=10s thermal=not_started imagery=not_started
[MONITOR] up=625638s window=10s thermal=not_started imagery=not_started
[MONITOR] up=625648s window=10s thermal=not_started imagery=not_started
[MONITOR] up=625658s window=10s thermal=not_started imagery=not_started
[MONITOR] up=625668s window=10s thermal=not_started imagery=not_started
[MONITOR] up=625678s window=10s thermal=not_started imagery=not_started
[MONITOR] up=625688s window=10s thermal=not_started imagery=not_started
[MONITOR] up=625698s window=10s thermal=not_started imagery=not_started
[MONITOR] up=625708s window=10s thermal=not_started imagery=not_started
[MONITOR] up=625718s window=10s thermal=not_started imagery=not_started
[MONITOR] up=625728s window=10s thermal=not_started imagery=not_started
[MONITOR] up=625738s window=10s thermal=not_started imagery=not_started
[MONITOR] up=625748s window=10s thermal=not_started imagery=not_started
[MONITOR] up=625758s window=10s thermal=not_started imagery=not_started
[MONITOR] up=625768s window=10s thermal=not_started imagery=not_started
[MONITOR] up=625778s window=10s thermal=not_started imagery=not_started
[MONITOR] up=625788s window=10s thermal=not_started imagery=not_started
[MONITOR] up=625798s window=10s thermal=not_started imagery=not_started
[MONITOR] up=625808s window=10s thermal=not_started imagery=not_started
[MONITOR] up=625818s window=10s thermal=not_started imagery=not_started
[MONITOR] up=625828s window=10s thermal=not_started imagery=not_started
[MONITOR] up=625838s window=10s thermal=not_started imagery=not_started
[MONITOR] up=625848s window=10s thermal=not_started imagery=not_started
[MONITOR] up=625858s window=10s thermal=not_started imagery=not_started
[MONITOR] up=625868s window=10s thermal=not_started imagery=not_started
[MONITOR] up=625878s window=10s thermal=not_started imagery=not_started
[MONITOR] up=625888s window=10s thermal=not_started imagery=not_started
[MONITOR] up=625898s window=10s thermal=not_started imagery=not_started
[MONITOR] up=625908s window=10s thermal=not_started imagery=not_started
[MONITOR] up=625918s window=10s thermal=not_started imagery=not_started
[MONITOR] up=625928s window=10s thermal=not_started imagery=not_started
[MONITOR] up=625938s window=10s thermal=not_started imagery=not_started
[MONITOR] up=625948s window=10s thermal=not_started imagery=not_started
[MONITOR] up=625958s window=10s thermal=not_started imagery=not_started
[MONITOR] up=625968s window=10s thermal=not_started imagery=not_started
[MONITOR] up=625978s window=10s thermal=not_started imagery=not_started
[MONITOR] up=625988s window=10s thermal=not_started imagery=not_started
[MONITOR] up=625998s window=10s thermal=not_started imagery=not_started
[MONITOR] up=626008s window=10s thermal=not_started imagery=not_started
[MONITOR] up=626018s window=10s thermal=not_started imagery=not_started
[MONITOR] up=626028s window=10s thermal=not_started imagery=not_started
[MONITOR] up=626038s window=10s thermal=not_started imagery=not_started
[MONITOR] up=626048s window=10s thermal=not_started imagery=not_started
[MONITOR] up=626058s window=10s thermal=not_started imagery=not_started
[MONITOR] up=626068s window=10s thermal=not_started imagery=not_started
[MONITOR] up=626078s window=10s thermal=not_started imagery=not_started
[MONITOR] up=626088s window=10s thermal=not_started imagery=not_started
[MONITOR] up=626098s window=10s thermal=not_started imagery=not_started
[MONITOR] up=626108s window=10s thermal=not_started imagery=not_started
[MONITOR] up=626118s window=10s thermal=not_started imagery=not_started
[MONITOR] up=626128s window=10s thermal=not_started imagery=not_started
[MONITOR] up=626138s window=10s thermal=not_started imagery=not_started
[MONITOR] up=626148s window=10s thermal=not_started imagery=not_started
[MONITOR] up=626158s window=10s thermal=not_started imagery=not_started
[MONITOR] up=626168s window=10s thermal=not_started imagery=not_started
[MONITOR] up=626178s window=10s thermal=not_started imagery=not_started
[MONITOR] up=626188s window=10s thermal=not_started imagery=not_started
[MONITOR] up=626198s window=10s thermal=not_started imagery=not_started
[MONITOR] up=626208s window=10s thermal=not_started imagery=not_started
[MONITOR] up=626218s window=10s thermal=not_started imagery=not_started
[MONITOR] up=626228s window=10s thermal=not_started imagery=not_started
[MONITOR] up=626238s window=10s thermal=not_started imagery=not_started
[MONITOR] up=626248s window=10s thermal=not_started imagery=not_started
[MONITOR] up=626258s window=10s thermal=not_started imagery=not_started
[MONITOR] up=626268s window=10s thermal=not_started imagery=not_started
[MONITOR] up=626278s window=10s thermal=not_started imagery=not_started
[MONITOR] up=626288s window=10s thermal=not_started imagery=not_started
[MONITOR] up=626298s window=10s thermal=not_started imagery=not_started
[MONITOR] up=626308s window=10s thermal=not_started imagery=not_started
[MONITOR] up=626318s window=10s thermal=not_started imagery=not_started
[MONITOR] up=626328s window=10s thermal=not_started imagery=not_started
[MONITOR] up=626338s window=10s thermal=not_started imagery=not_started
[MONITOR] up=626348s window=10s thermal=not_started imagery=not_started
[MONITOR] up=626358s window=10s thermal=not_started imagery=not_started
[MONITOR] up=626368s window=10s thermal=not_started imagery=not_started
[MONITOR] up=626378s window=10s thermal=not_started imagery=not_started
[MONITOR] up=626388s window=10s thermal=not_started imagery=not_started
[MONITOR] up=626398s window=10s thermal=not_started imagery=not_started
[MONITOR] up=626408s window=10s thermal=not_started imagery=not_started
[MONITOR] up=626418s window=10s thermal=not_started imagery=not_started
[MONITOR] up=626428s window=10s thermal=not_started imagery=not_started
[MONITOR] up=626438s window=10s thermal=not_started imagery=not_started
[MONITOR] up=626448s window=10s thermal=not_started imagery=not_started
[MONITOR] up=626458s window=10s thermal=not_started imagery=not_started
[MONITOR] up=626468s window=10s thermal=not_started imagery=not_started
[MONITOR] up=626478s window=10s thermal=not_started imagery=not_started
[MONITOR] up=626488s window=10s thermal=not_started imagery=not_started
[MONITOR] up=626498s window=10s thermal=not_started imagery=not_started
[MONITOR] up=626508s window=10s thermal=not_started imagery=not_started
[MONITOR] up=626518s window=10s thermal=not_started imagery=not_started
[MONITOR] up=626528s window=10s thermal=not_started imagery=not_started
[MONITOR] up=626538s window=10s thermal=not_started imagery=not_started
[MONITOR] up=626548s window=10s thermal=not_started imagery=not_started
[MONITOR] up=626558s window=10s thermal=not_started imagery=not_started
[MONITOR] up=626568s window=10s thermal=not_started imagery=not_started
[MONITOR] up=626578s window=10s thermal=not_started imagery=not_started
[MONITOR] up=626588s window=10s thermal=not_started imagery=not_started
[MONITOR] up=626598s window=10s thermal=not_started imagery=not_started
[MONITOR] up=627004s window=10s thermal=not_started imagery=not_started
[MONITOR] up=627014s window=10s thermal=not_started imagery=not_started
[MONITOR] up=627024s window=10s thermal=not_started imagery=not_started
[MONITOR] up=627034s window=10s thermal=not_started imagery=not_started
[MONITOR] up=627044s window=10s thermal=not_started imagery=not_started
[MONITOR] up=627054s window=10s thermal=not_started imagery=not_started
[MONITOR] up=627064s window=10s thermal=not_started imagery=not_started
[MONITOR] up=627074s window=10s thermal=not_started imagery=not_started
[MONITOR] up=627084s window=10s thermal=not_started imagery=not_started
[MONITOR] up=627094s window=10s thermal=not_started imagery=not_started
[MONITOR] up=627104s window=10s thermal=not_started imagery=not_started
[MONITOR] up=627114s window=10s thermal=not_started imagery=not_started
[MONITOR] up=627124s window=10s thermal=not_started imagery=not_started
[MONITOR] up=627134s window=10s thermal=not_started imagery=not_started
[MONITOR] up=627144s window=10s thermal=not_started imagery=not_started
[MONITOR] up=627154s window=10s thermal=not_started imagery=not_started
[MONITOR] up=627164s window=10s thermal=not_started imagery=not_started
[MONITOR] up=627174s window=10s thermal=not_started imagery=not_started
[MONITOR] up=627184s window=10s thermal=not_started imagery=not_started
[MONITOR] up=627194s window=10s thermal=not_started imagery=not_started
[MONITOR] up=627204s window=10s thermal=not_started imagery=not_started
[MONITOR] up=627214s window=10s thermal=not_started imagery=not_started
[MONITOR] up=627224s window=10s thermal=not_started imagery=not_started
[MONITOR] up=627234s window=10s thermal=not_started imagery=not_started
[MONITOR] up=627244s window=10s thermal=not_started imagery=not_started
[MONITOR] up=627254s window=10s thermal=not_started imagery=not_started
[MONITOR] up=627264s window=10s thermal=not_started imagery=not_started
[MONITOR] up=627274s window=10s thermal=not_started imagery=not_started
[MONITOR] up=627284s window=10s thermal=not_started imagery=not_started
[MONITOR] up=627294s window=10s thermal=not_started imagery=not_started
[MONITOR] up=627304s window=10s thermal=not_started imagery=not_started
[MONITOR] up=627314s window=10s thermal=not_started imagery=not_started
[MONITOR] up=627324s window=10s thermal=not_started imagery=not_started
[MONITOR] up=627334s window=10s thermal=not_started imagery=not_started
[MONITOR] up=627344s window=10s thermal=not_started imagery=not_started
[MONITOR] up=627354s window=10s thermal=not_started imagery=not_started
[MONITOR] up=627364s window=10s thermal=not_started imagery=not_started
[MONITOR] up=627374s window=10s thermal=not_started imagery=not_started
[MONITOR] up=627384s window=10s thermal=not_started imagery=not_started
[MONITOR] up=627394s window=10s thermal=not_started imagery=not_started
[MONITOR] up=627404s window=10s thermal=not_started imagery=not_started
[MONITOR] up=627414s window=10s thermal=not_started imagery=not_started
[MONITOR] up=627424s window=10s thermal=not_started imagery=not_started
[MONITOR] up=627434s window=10s thermal=not_started imagery=not_started
[MONITOR] up=627444s window=10s thermal=not_started imagery=not_started
[MONITOR] up=627454s window=10s thermal=not_started imagery=not_started
[MONITOR] up=627464s window=10s thermal=not_started imagery=not_started
[MONITOR] up=627474s window=10s thermal=not_started imagery=not_started
[MONITOR] up=627484s window=10s thermal=not_started imagery=not_started
[MONITOR] up=627494s window=10s thermal=not_started imagery=not_started
[MONITOR] up=627504s window=10s thermal=not_started imagery=not_started
[MONITOR] up=627514s window=10s thermal=not_started imagery=not_started
[MONITOR] up=627524s window=10s thermal=not_started imagery=not_started
[MONITOR] up=627534s window=10s thermal=not_started imagery=not_started
[MONITOR] up=627544s window=10s thermal=not_started imagery=not_started
[MONITOR] up=627554s window=10s thermal=not_started imagery=not_started
[MONITOR] up=627564s window=10s thermal=not_started imagery=not_started
[MONITOR] up=627574s window=10s thermal=not_started imagery=not_started
[MONITOR] up=627584s window=10s thermal=not_started imagery=not_started
[MONITOR] up=627594s window=10s thermal=not_started imagery=not_started
[MONITOR] up=627604s window=10s thermal=not_started imagery=not_started
[MONITOR] up=627614s window=10s thermal=not_started imagery=not_started
[MONITOR] up=627624s window=10s thermal=not_started imagery=not_started
[MONITOR] up=627634s window=10s thermal=not_started imagery=not_started
[MONITOR] up=627644s window=10s thermal=not_started imagery=not_started
[MONITOR] up=627654s window=10s thermal=not_started imagery=not_started
[MONITOR] up=627664s window=10s thermal=not_started imagery=not_started
[MONITOR] up=627674s window=10s thermal=not_started imagery=not_started
[MONITOR] up=627684s window=10s thermal=not_started imagery=not_started
[MONITOR] up=627694s window=10s thermal=not_started imagery=not_started
[MONITOR] up=627704s window=10s thermal=not_started imagery=not_started
[MONITOR] up=627714s window=10s thermal=not_started imagery=not_started
[MONITOR] up=627724s window=10s thermal=not_started imagery=not_started
[MONITOR] up=627734s window=10s thermal=not_started imagery=not_started
[MONITOR] up=627744s window=10s thermal=not_started imagery=not_started
[MONITOR] up=627754s window=10s thermal=not_started imagery=not_started
[MONITOR] up=627764s window=10s thermal=not_started imagery=not_started
[MONITOR] up=627774s window=10s thermal=not_started imagery=not_started
[MONITOR] up=627784s window=10s thermal=not_started imagery=not_started
[MONITOR] up=627794s window=10s thermal=not_started imagery=not_started
[MONITOR] up=627804s window=10s thermal=not_started imagery=not_started
[MONITOR] up=627814s window=10s thermal=not_started imagery=not_started
[MONITOR] up=627824s window=10s thermal=not_started imagery=not_started
[MONITOR] up=627834s window=10s thermal=not_started imagery=not_started
[MONITOR] up=627844s window=10s thermal=not_started imagery=not_started
[MONITOR] up=627854s window=10s thermal=not_started imagery=not_started
[MONITOR] up=627864s window=10s thermal=not_started imagery=not_started
[MONITOR] up=627874s window=10s thermal=not_started imagery=not_started
[MONITOR] up=627884s window=10s thermal=not_started imagery=not_started
[MONITOR] up=627894s window=10s thermal=not_started imagery=not_started
[MONITOR] up=627904s window=10s thermal=not_started imagery=not_started
[MONITOR] up=627914s window=10s thermal=not_started imagery=not_started
[MONITOR] up=627924s window=10s thermal=not_started imagery=not_started
[MONITOR] up=627934s window=10s thermal=not_started imagery=not_started
[MONITOR] up=627944s window=10s thermal=not_started imagery=not_started
[MONITOR] up=627954s window=10s thermal=not_started imagery=not_started
[MONITOR] up=627964s window=10s thermal=not_started imagery=not_started
[MONITOR] up=627974s window=10s thermal=not_started imagery=not_started
[MONITOR] up=627984s window=10s thermal=not_started imagery=not_started
[MONITOR] up=627994s window=10s thermal=not_started imagery=not_started
[MONITOR] up=628004s window=10s thermal=not_started imagery=not_started
[MONITOR] up=628014s window=10s thermal=not_started imagery=not_started
[MONITOR] up=628024s window=10s thermal=not_started imagery=not_started
[MONITOR] up=628034s window=10s thermal=not_started imagery=not_started
[MONITOR] up=628044s window=10s thermal=not_started imagery=not_started
[MONITOR] up=628054s window=10s thermal=not_started imagery=not_started
[MONITOR] up=628064s window=10s thermal=not_started imagery=not_started
[MONITOR] up=628074s window=10s thermal=not_started imagery=not_started
[MONITOR] up=628084s window=10s thermal=not_started imagery=not_started
[MONITOR] up=628094s window=10s thermal=not_started imagery=not_started
[MONITOR] up=628104s window=10s thermal=not_started imagery=not_started
[MONITOR] up=628114s window=10s thermal=not_started imagery=not_started
[MONITOR] up=628124s window=10s thermal=not_started imagery=not_started
[MONITOR] up=628134s window=10s thermal=not_started imagery=not_started
[MONITOR] up=628144s window=10s thermal=not_started imagery=not_started
[MONITOR] up=628154s window=10s thermal=not_started imagery=not_started
[MONITOR] up=628164s window=10s thermal=not_started imagery=not_started
[MONITOR] up=628174s window=10s thermal=not_started imagery=not_started
[MONITOR] up=628184s window=10s thermal=not_started imagery=not_started
[MONITOR] up=628194s window=10s thermal=not_started imagery=not_started
[MONITOR] up=628204s window=10s thermal=not_started imagery=not_started
[MONITOR] up=628214s window=10s thermal=not_started imagery=not_started
[MONITOR] up=628224s window=10s thermal=not_started imagery=not_started
[MONITOR] up=628234s window=10s thermal=not_started imagery=not_started
[MONITOR] up=628244s window=10s thermal=not_started imagery=not_started
[MONITOR] up=628254s window=10s thermal=not_started imagery=not_started
[MONITOR] up=628264s window=10s thermal=not_started imagery=not_started
[MONITOR] up=628274s window=10s thermal=not_started imagery=not_started
[MONITOR] up=628284s window=10s thermal=not_started imagery=not_started
[MONITOR] up=628294s window=10s thermal=not_started imagery=not_started
[MONITOR] up=628304s window=10s thermal=not_started imagery=not_started
[MONITOR] up=628314s window=10s thermal=not_started imagery=not_started
[MONITOR] up=628324s window=10s thermal=not_started imagery=not_started
[MONITOR] up=628334s window=10s thermal=not_started imagery=not_started
[MONITOR] up=628344s window=10s thermal=not_started imagery=not_started
[MONITOR] up=628354s window=10s thermal=not_started imagery=not_started
[MONITOR] up=628364s window=10s thermal=not_started imagery=not_started
[MONITOR] up=628374s window=10s thermal=not_started imagery=not_started
[MONITOR] up=628384s window=10s thermal=not_started imagery=not_started
[MONITOR] up=628394s window=10s thermal=not_started imagery=not_started
[MONITOR] up=628404s window=10s thermal=not_started imagery=not_started
[MONITOR] up=628414s window=10s thermal=not_started imagery=not_started
[MONITOR] up=628424s window=10s thermal=not_started imagery=not_started
[MONITOR] up=628434s window=10s thermal=not_started imagery=not_started
[MONITOR] up=628444s window=10s thermal=not_started imagery=not_started
[MONITOR] up=628454s window=10s thermal=not_started imagery=not_started
[MONITOR] up=628464s window=10s thermal=not_started imagery=not_started
[MONITOR] up=628474s window=10s thermal=not_started imagery=not_started
[MONITOR] up=628484s window=10s thermal=not_started imagery=not_started
[MONITOR] up=628494s window=10s thermal=not_started imagery=not_started
[MONITOR] up=628504s window=10s thermal=not_started imagery=not_started
[MONITOR] up=628514s window=10s thermal=not_started imagery=not_started
[MONITOR] up=628524s window=10s thermal=not_started imagery=not_started
[MONITOR] up=628534s window=10s thermal=not_started imagery=not_started
[MONITOR] up=628544s window=10s thermal=not_started imagery=not_started
[MONITOR] up=628554s window=10s thermal=not_started imagery=not_started
[MONITOR] up=628564s window=10s thermal=not_started imagery=not_started
[MONITOR] up=628574s window=10s thermal=not_started imagery=not_started
[MONITOR] up=628584s window=10s thermal=not_started imagery=not_started
[MONITOR] up=628594s window=10s thermal=not_started imagery=not_started
[MONITOR] up=628604s window=10s thermal=not_started imagery=not_started
[MONITOR] up=628614s window=10s thermal=not_started imagery=not_started
[MONITOR] up=628624s window=10s thermal=not_started imagery=not_started
[MONITOR] up=628634s window=10s thermal=not_started imagery=not_started
[MONITOR] up=628644s window=10s thermal=not_started imagery=not_started
[MONITOR] up=628654s window=10s thermal=not_started imagery=not_started
[MONITOR] up=628664s window=10s thermal=not_started imagery=not_started
[MONITOR] up=628674s window=10s thermal=not_started imagery=not_started
[MONITOR] up=628684s window=10s thermal=not_started imagery=not_started
[MONITOR] up=628694s window=10s thermal=not_started imagery=not_started
[MONITOR] up=628704s window=10s thermal=not_started imagery=not_started
[MONITOR] up=628714s window=10s thermal=not_started imagery=not_started
[MONITOR] up=628724s window=10s thermal=not_started imagery=not_started
[MONITOR] up=628734s window=10s thermal=not_started imagery=not_started
[MONITOR] up=628744s window=10s thermal=not_started imagery=not_started
[MONITOR] up=628754s window=10s thermal=not_started imagery=not_started
[MONITOR] up=628764s window=10s thermal=not_started imagery=not_started
[MONITOR] up=628774s window=10s thermal=not_started imagery=not_started
[MONITOR] up=628784s window=10s thermal=not_started imagery=not_started
[MONITOR] up=628794s window=10s thermal=not_started imagery=not_started
[MONITOR] up=628804s window=10s thermal=not_started imagery=not_started
[MONITOR] up=628814s window=10s thermal=not_started imagery=not_started
[MONITOR] up=628824s window=10s thermal=not_started imagery=not_started
[MONITOR] up=628834s window=10s thermal=not_started imagery=not_started
[MONITOR] up=628844s window=10s thermal=not_started imagery=not_started
[MONITOR] up=628854s window=10s thermal=not_started imagery=not_started
[MONITOR] up=628864s window=10s thermal=not_started imagery=not_started
[MONITOR] up=628874s window=10s thermal=not_started imagery=not_started
[MONITOR] up=628884s window=10s thermal=not_started imagery=not_started
[MONITOR] up=628894s window=10s thermal=not_started imagery=not_started
[MONITOR] up=628904s window=10s thermal=not_started imagery=not_started
[MONITOR] up=628914s window=10s thermal=not_started imagery=not_started
[MONITOR] up=628924s window=10s thermal=not_started imagery=not_started
[MONITOR] up=628934s window=10s thermal=not_started imagery=not_started
[MONITOR] up=628944s window=10s thermal=not_started imagery=not_started
[MONITOR] up=628954s window=10s thermal=not_started imagery=not_started
[MONITOR] up=628964s window=10s thermal=not_started imagery=not_started
[MONITOR] up=628974s window=10s thermal=not_started imagery=not_started
[MONITOR] up=628984s window=10s thermal=not_started imagery=not_started
[MONITOR] up=628994s window=10s thermal=not_started imagery=not_started
[MONITOR] up=629004s window=10s thermal=not_started imagery=not_started
[MONITOR] up=629014s window=10s thermal=not_started imagery=not_started
[MONITOR] up=629024s window=10s thermal=not_started imagery=not_started
[MONITOR] up=629034s window=10s thermal=not_started imagery=not_started
[MONITOR] up=629044s window=10s thermal=not_started imagery=not_started
[MONITOR] up=629054s window=10s thermal=not_started imagery=not_started
[MONITOR] up=629064s window=10s thermal=not_started imagery=not_started
[MONITOR] up=629074s window=10s thermal=not_started imagery=not_started
[MONITOR] up=629084s window=10s thermal=not_started imagery=not_started
[MONITOR] up=629094s window=10s thermal=not_started imagery=not_started
[MONITOR] up=629104s window=10s thermal=not_started imagery=not_started
[MONITOR] up=629114s window=10s thermal=not_started imagery=not_started
[MONITOR] up=629124s window=10s thermal=not_started imagery=not_started
[MONITOR] up=629134s window=10s thermal=not_started imagery=not_started
[MONITOR] up=629144s window=10s thermal=not_started imagery=not_started
[MONITOR] up=629154s window=10s thermal=not_started imagery=not_started
[MONITOR] up=629164s window=10s thermal=not_started imagery=not_started
[MONITOR] up=629174s window=10s thermal=not_started imagery=not_started
[MONITOR] up=629184s window=10s thermal=not_started imagery=not_started
[MONITOR] up=629194s window=10s thermal=not_started imagery=not_started
[MONITOR] up=629204s window=10s thermal=not_started imagery=not_started
[MONITOR] up=629214s window=10s thermal=not_started imagery=not_started
[MONITOR] up=629224s window=10s thermal=not_started imagery=not_started
[MONITOR] up=629234s window=10s thermal=not_started imagery=not_started
[MONITOR] up=629244s window=10s thermal=not_started imagery=not_started
[MONITOR] up=629254s window=10s thermal=not_started imagery=not_started
[MONITOR] up=629264s window=10s thermal=not_started imagery=not_started
[MONITOR] up=629274s window=10s thermal=not_started imagery=not_started
[MONITOR] up=629284s window=10s thermal=not_started imagery=not_started
[MONITOR] up=629294s window=10s thermal=not_started imagery=not_started
[MONITOR] up=629304s window=10s thermal=not_started imagery=not_started
[MONITOR] up=629314s window=10s thermal=not_started imagery=not_started
[MONITOR] up=629324s window=10s thermal=not_started imagery=not_started
[MONITOR] up=629334s window=10s thermal=not_started imagery=not_started
[MONITOR] up=629344s window=10s thermal=not_started imagery=not_started
[MONITOR] up=629354s window=10s thermal=not_started imagery=not_started
[MONITOR] up=629364s window=10s thermal=not_started imagery=not_started
[MONITOR] up=629374s window=10s thermal=not_started imagery=not_started
[MONITOR] up=629384s window=10s thermal=not_started imagery=not_started
[MONITOR] up=629394s window=10s thermal=not_started imagery=not_started
[MONITOR] up=629404s window=10s thermal=not_started imagery=not_started
[MONITOR] up=629414s window=10s thermal=not_started imagery=not_started
[MONITOR] up=629424s window=10s thermal=not_started imagery=not_started
[MONITOR] up=629434s window=10s thermal=not_started imagery=not_started
[MONITOR] up=629444s window=10s thermal=not_started imagery=not_started
[MONITOR] up=629454s window=10s thermal=not_started imagery=not_started
[MONITOR] up=629464s window=10s thermal=not_started imagery=not_started
[MONITOR] up=629474s window=10s thermal=not_started imagery=not_started
[MONITOR] up=629484s window=10s thermal=not_started imagery=not_started
[MONITOR] up=629494s window=10s thermal=not_started imagery=not_started
[MONITOR] up=629504s window=10s thermal=not_started imagery=not_started
[MONITOR] up=629514s window=10s thermal=not_started imagery=not_started
[MONITOR] up=629524s window=10s thermal=not_started imagery=not_started
[MONITOR] up=629534s window=10s thermal=not_started imagery=not_started
[MONITOR] up=629544s window=10s thermal=not_started imagery=not_started
[MONITOR] up=629554s window=10s thermal=not_started imagery=not_started
[MONITOR] up=629564s window=10s thermal=not_started imagery=not_started
[MONITOR] up=629574s window=10s thermal=not_started imagery=not_started
[MONITOR] up=629584s window=10s thermal=not_started imagery=not_started
[MONITOR] up=629594s window=10s thermal=not_started imagery=not_started
[MONITOR] up=629604s window=10s thermal=not_started imagery=not_started
[MONITOR] up=629614s window=10s thermal=not_started imagery=not_started
[MONITOR] up=629624s window=10s thermal=not_started imagery=not_started
[MONITOR] up=629634s window=10s thermal=not_started imagery=not_started
[MONITOR] up=629644s window=10s thermal=not_started imagery=not_started
[MONITOR] up=629654s window=10s thermal=not_started imagery=not_started
[MONITOR] up=629664s window=10s thermal=not_started imagery=not_started
[MONITOR] up=629674s window=10s thermal=not_started imagery=not_started
[MONITOR] up=629684s window=10s thermal=not_started imagery=not_started
[MONITOR] up=629694s window=10s thermal=not_started imagery=not_started
[MONITOR] up=629704s window=10s thermal=not_started imagery=not_started
[MONITOR] up=629714s window=10s thermal=not_started imagery=not_started
[MONITOR] up=629724s window=10s thermal=not_started imagery=not_started
[MONITOR] up=629734s window=10s thermal=not_started imagery=not_started
[MONITOR] up=629744s window=10s thermal=not_started imagery=not_started
[MONITOR] up=629754s window=10s thermal=not_started imagery=not_started
[MONITOR] up=629764s window=10s thermal=not_started imagery=not_started
[MONITOR] up=629774s window=10s thermal=not_started imagery=not_started
[MONITOR] up=629784s window=10s thermal=not_started imagery=not_started
[MONITOR] up=629794s window=10s thermal=not_started imagery=not_started
[MONITOR] up=629804s window=10s thermal=not_started imagery=not_started
[MONITOR] up=629814s window=10s thermal=not_started imagery=not_started
[MONITOR] up=629824s window=10s thermal=not_started imagery=not_started
[MONITOR] up=629834s window=10s thermal=not_started imagery=not_started
[MONITOR] up=629844s window=10s thermal=not_started imagery=not_started
[MONITOR] up=629854s window=10s thermal=not_started imagery=not_started
[MONITOR] up=629864s window=10s thermal=not_started imagery=not_started
[MONITOR] up=629874s window=10s thermal=not_started imagery=not_started
[MONITOR] up=629884s window=10s thermal=not_started imagery=not_started
[MONITOR] up=629894s window=10s thermal=not_started imagery=not_started
[MONITOR] up=629904s window=10s thermal=not_started imagery=not_started
[MONITOR] up=629914s window=10s thermal=not_started imagery=not_started
[MONITOR] up=629924s window=10s thermal=not_started imagery=not_started
[MONITOR] up=629934s window=10s thermal=not_started imagery=not_started
[MONITOR] up=629944s window=10s thermal=not_started imagery=not_started
[MONITOR] up=629954s window=10s thermal=not_started imagery=not_started
[MONITOR] up=629964s window=10s thermal=not_started imagery=not_started
[MONITOR] up=629974s window=10s thermal=not_started imagery=not_started
[MONITOR] up=629984s window=10s thermal=not_started imagery=not_started
[MONITOR] up=629994s window=10s thermal=not_started imagery=not_started
[MONITOR] up=630004s window=10s thermal=not_started imagery=not_started
[MONITOR] up=630014s window=10s thermal=not_started imagery=not_started
[MONITOR] up=630024s window=10s thermal=not_started imagery=not_started
[MONITOR] up=630034s window=10s thermal=not_started imagery=not_started
[MONITOR] up=630044s window=10s thermal=not_started imagery=not_started
[MONITOR] up=630054s window=10s thermal=not_started imagery=not_started
[MONITOR] up=630064s window=10s thermal=not_started imagery=not_started
[MONITOR] up=630074s window=10s thermal=not_started imagery=not_started
[MONITOR] up=630084s window=10s thermal=not_started imagery=not_started
[MONITOR] up=630094s window=10s thermal=not_started imagery=not_started
[MONITOR] up=630104s window=10s thermal=not_started imagery=not_started
[MONITOR] up=630114s window=10s thermal=not_started imagery=not_started
[MONITOR] up=630124s window=10s thermal=not_started imagery=not_started
[MONITOR] up=630134s window=10s thermal=not_started imagery=not_started
[MONITOR] up=630144s window=10s thermal=not_started imagery=not_started
[MONITOR] up=630154s window=10s thermal=not_started imagery=not_started
[MONITOR] up=630164s window=10s thermal=not_started imagery=not_started
[MONITOR] up=630174s window=10s thermal=not_started imagery=not_started
[MONITOR] up=630184s window=10s thermal=not_started imagery=not_started
[MONITOR] up=630194s window=10s thermal=not_started imagery=not_started
[MONITOR] up=630204s window=10s thermal=not_started imagery=not_started
[MONITOR] up=630214s window=10s thermal=not_started imagery=not_started
[MONITOR] up=630224s window=10s thermal=not_started imagery=not_started
[MONITOR] up=630234s window=10s thermal=not_started imagery=not_started
[MONITOR] up=630244s window=10s thermal=not_started imagery=not_started
[MONITOR] up=630254s window=10s thermal=not_started imagery=not_started
[MONITOR] up=630264s window=10s thermal=not_started imagery=not_started
[MONITOR] up=630274s window=10s thermal=not_started imagery=not_started
[MONITOR] up=630284s window=10s thermal=not_started imagery=not_started
[MONITOR] up=630294s window=10s thermal=not_started imagery=not_started
[MONITOR] up=630304s window=10s thermal=not_started imagery=not_started
[MONITOR] up=630314s window=10s thermal=not_started imagery=not_started
[MONITOR] up=630324s window=10s thermal=not_started imagery=not_started
[MONITOR] up=630334s window=10s thermal=not_started imagery=not_started
[MONITOR] up=630344s window=10s thermal=not_started imagery=not_started
[MONITOR] up=630354s window=10s thermal=not_started imagery=not_started
[MONITOR] up=630364s window=10s thermal=not_started imagery=not_started
[MONITOR] up=630374s window=10s thermal=not_started imagery=not_started
[MONITOR] up=630384s window=10s thermal=not_started imagery=not_started
[MONITOR] up=630394s window=10s thermal=not_started imagery=not_started
[MONITOR] up=630404s window=10s thermal=not_started imagery=not_started
[MONITOR] up=630414s window=10s thermal=not_started imagery=not_started
[MONITOR] up=630424s window=10s thermal=not_started imagery=not_started
[MONITOR] up=630434s window=10s thermal=not_started imagery=not_started
[MONITOR] up=630444s window=10s thermal=not_started imagery=not_started
[MONITOR] up=630454s window=10s thermal=not_started imagery=not_started
[MONITOR] up=630464s window=10s thermal=not_started imagery=not_started
[MONITOR] up=630474s window=10s thermal=not_started imagery=not_started
[MONITOR] up=630484s window=10s thermal=not_started imagery=not_started
[MONITOR] up=630494s window=10s thermal=not_started imagery=not_started
[MONITOR] up=630504s window=10s thermal=not_started imagery=not_started
[MONITOR] up=630514s window=10s thermal=not_started imagery=not_started
[MONITOR] up=630524s window=10s thermal=not_started imagery=not_started
[MONITOR] up=630534s window=10s thermal=not_started imagery=not_started
[MONITOR] up=630544s window=10s thermal=not_started imagery=not_started
[MONITOR] up=630554s window=10s thermal=not_started imagery=not_started
[MONITOR] up=630564s window=10s thermal=not_started imagery=not_started
[MONITOR] up=630574s window=10s thermal=not_started imagery=not_started
[MONITOR] up=630584s window=10s thermal=not_started imagery=not_started
[MONITOR] up=630594s window=10s thermal=not_started imagery=not_started
[MONITOR] up=630604s window=10s thermal=not_started imagery=not_started
[MONITOR] up=630614s window=10s thermal=not_started imagery=not_started
[MONITOR] up=630624s window=10s thermal=not_started imagery=not_started
[MONITOR] up=630634s window=10s thermal=not_started imagery=not_started
[MONITOR] up=630644s window=10s thermal=not_started imagery=not_started
[MONITOR] up=630654s window=10s thermal=not_started imagery=not_started
[MONITOR] up=630664s window=10s thermal=not_started imagery=not_started
[MONITOR] up=630674s window=10s thermal=not_started imagery=not_started
[MONITOR] up=630684s window=10s thermal=not_started imagery=not_started
[MONITOR] up=630694s window=10s thermal=not_started imagery=not_started
[MONITOR] up=630704s window=10s thermal=not_started imagery=not_started
[MONITOR] up=630714s window=10s thermal=not_started imagery=not_started
[MONITOR] up=630724s window=10s thermal=not_started imagery=not_started
[MONITOR] up=630734s window=10s thermal=not_started imagery=not_started
[MONITOR] up=630744s window=10s thermal=not_started imagery=not_started
[MONITOR] up=630754s window=10s thermal=not_started imagery=not_started
[MONITOR] up=630764s window=10s thermal=not_started imagery=not_started
[MONITOR] up=630774s window=10s thermal=not_started imagery=not_started
[MONITOR] up=630784s window=10s thermal=not_started imagery=not_started
[MONITOR] up=630794s window=10s thermal=not_started imagery=not_started
[MONITOR] up=630804s window=10s thermal=not_started imagery=not_started
[MONITOR] up=630814s window=10s thermal=not_started imagery=not_started
[MONITOR] up=630824s window=10s thermal=not_started imagery=not_started
[MONITOR] up=630834s window=10s thermal=not_started imagery=not_started
[MONITOR] up=630844s window=10s thermal=not_started imagery=not_started
[MONITOR] up=630854s window=10s thermal=not_started imagery=not_started
[MONITOR] up=630864s window=10s thermal=not_started imagery=not_started
[MONITOR] up=630874s window=10s thermal=not_started imagery=not_started
[MONITOR] up=630884s window=10s thermal=not_started imagery=not_started
[MONITOR] up=630894s window=10s thermal=not_started imagery=not_started
[MONITOR] up=630904s window=10s thermal=not_started imagery=not_started
[MONITOR] up=630914s window=10s thermal=not_started imagery=not_started
[MONITOR] up=630924s window=10s thermal=not_started imagery=not_started
[MONITOR] up=630934s window=10s thermal=not_started imagery=not_started
[MONITOR] up=630944s window=10s thermal=not_started imagery=not_started
[MONITOR] up=630954s window=10s thermal=not_started imagery=not_started
[MONITOR] up=630964s window=10s thermal=not_started imagery=not_started
[MONITOR] up=630974s window=10s thermal=not_started imagery=not_started
[MONITOR] up=630984s window=10s thermal=not_started imagery=not_started
[MONITOR] up=630994s window=10s thermal=not_started imagery=not_started
[MONITOR] up=631004s window=10s thermal=not_started imagery=not_started
[MONITOR] up=631014s window=10s thermal=not_started imagery=not_started
[MONITOR] up=631024s window=10s thermal=not_started imagery=not_started
[MONITOR] up=631034s window=10s thermal=not_started imagery=not_started
[MONITOR] up=631044s window=10s thermal=not_started imagery=not_started
[MONITOR] up=631054s window=10s thermal=not_started imagery=not_started
[MONITOR] up=631064s window=10s thermal=not_started imagery=not_started
[MONITOR] up=631074s window=10s thermal=not_started imagery=not_started
[MONITOR] up=631084s window=10s thermal=not_started imagery=not_started
[MONITOR] up=631094s window=10s thermal=not_started imagery=not_started
[MONITOR] up=631104s window=10s thermal=not_started imagery=not_started
[MONITOR] up=631114s window=10s thermal=not_started imagery=not_started
[MONITOR] up=631124s window=10s thermal=not_started imagery=not_started
[MONITOR] up=631134s window=10s thermal=not_started imagery=not_started
[MONITOR] up=631144s window=10s thermal=not_started imagery=not_started
[MONITOR] up=631154s window=10s thermal=not_started imagery=not_started
[MONITOR] up=631164s window=10s thermal=not_started imagery=not_started
[MONITOR] up=631174s window=10s thermal=not_started imagery=not_started
[MONITOR] up=631184s window=10s thermal=not_started imagery=not_started
[MONITOR] up=631194s window=10s thermal=not_started imagery=not_started
[MONITOR] up=631204s window=10s thermal=not_started imagery=not_started
[MONITOR] up=631214s window=10s thermal=not_started imagery=not_started
[MONITOR] up=631224s window=10s thermal=not_started imagery=not_started
[MONITOR] up=631234s window=10s thermal=not_started imagery=not_started
[MONITOR] up=631244s window=10s thermal=not_started imagery=not_started
[MONITOR] up=631254s window=10s thermal=not_started imagery=not_started
[MONITOR] up=631264s window=10s thermal=not_started imagery=not_started
[MONITOR] up=631274s window=10s thermal=not_started imagery=not_started
[MONITOR] up=631284s window=10s thermal=not_started imagery=not_started
[MONITOR] up=631294s window=10s thermal=not_started imagery=not_started
[MONITOR] up=631304s window=10s thermal=not_started imagery=not_started
[MONITOR] up=631314s window=10s thermal=not_started imagery=not_started
[MONITOR] up=631324s window=10s thermal=not_started imagery=not_started
[MONITOR] up=631334s window=10s thermal=not_started imagery=not_started
[MONITOR] up=631344s window=10s thermal=not_started imagery=not_started
[MONITOR] up=631354s window=10s thermal=not_started imagery=not_started
[MONITOR] up=631364s window=10s thermal=not_started imagery=not_started
[MONITOR] up=631374s window=10s thermal=not_started imagery=not_started
[MONITOR] up=631384s window=10s thermal=not_started imagery=not_started
[MONITOR] up=631394s window=10s thermal=not_started imagery=not_started
[MONITOR] up=631404s window=10s thermal=not_started imagery=not_started
[MONITOR] up=631414s window=10s thermal=not_started imagery=not_started
[MONITOR] up=631424s window=10s thermal=not_started imagery=not_started
[MONITOR] up=631434s window=10s thermal=not_started imagery=not_started
[MONITOR] up=631444s window=10s thermal=not_started imagery=not_started
[MONITOR] up=631454s window=10s thermal=not_started imagery=not_started
[MONITOR] up=631464s window=10s thermal=not_started imagery=not_started
[MONITOR] up=631474s window=10s thermal=not_started imagery=not_started
[MONITOR] up=631484s window=10s thermal=not_started imagery=not_started
[MONITOR] up=631494s window=10s thermal=not_started imagery=not_started
[MONITOR] up=631504s window=10s thermal=not_started imagery=not_started
[MONITOR] up=631514s window=10s thermal=not_started imagery=not_started
[MONITOR] up=631524s window=10s thermal=not_started imagery=not_started
[MONITOR] up=631534s window=10s thermal=not_started imagery=not_started
[MONITOR] up=631544s window=10s thermal=not_started imagery=not_started
[MONITOR] up=631554s window=10s thermal=not_started imagery=not_started
[MONITOR] up=631564s window=10s thermal=not_started imagery=not_started
[MONITOR] up=631574s window=10s thermal=not_started imagery=not_started
[MONITOR] up=631584s window=10s thermal=not_started imagery=not_started
[MONITOR] up=631594s window=10s thermal=not_started imagery=not_started
[MONITOR] up=631604s window=10s thermal=not_started imagery=not_started
[MONITOR] up=631614s window=10s thermal=not_started imagery=not_started
[MONITOR] up=631624s window=10s thermal=not_started imagery=not_started
[MONITOR] up=631634s window=10s thermal=not_started imagery=not_started
[MONITOR] up=631644s window=10s thermal=not_started imagery=not_started
[MONITOR] up=631654s window=10s thermal=not_started imagery=not_started
[MONITOR] up=631664s window=10s thermal=not_started imagery=not_started
[MONITOR] up=631674s window=10s thermal=not_started imagery=not_started
[MONITOR] up=631684s window=10s thermal=not_started imagery=not_started
[MONITOR] up=631694s window=10s thermal=not_started imagery=not_started
[MONITOR] up=631704s window=10s thermal=not_started imagery=not_started
[MONITOR] up=631714s window=10s thermal=not_started imagery=not_started
[MONITOR] up=631724s window=10s thermal=not_started imagery=not_started
[MONITOR] up=631734s window=10s thermal=not_started imagery=not_started
[MONITOR] up=631744s window=10s thermal=not_started imagery=not_started
[MONITOR] up=631754s window=10s thermal=not_started imagery=not_started
[MONITOR] up=631764s window=10s thermal=not_started imagery=not_started
[MONITOR] up=631774s window=10s thermal=not_started imagery=not_started
[MONITOR] up=631784s window=10s thermal=not_started imagery=not_started
[MONITOR] up=631794s window=10s thermal=not_started imagery=not_started
[MONITOR] up=631804s window=10s thermal=not_started imagery=not_started
[MONITOR] up=631814s window=10s thermal=not_started imagery=not_started
[MONITOR] up=631824s window=10s thermal=not_started imagery=not_started
[MONITOR] up=631834s window=10s thermal=not_started imagery=not_started
[MONITOR] up=631844s window=10s thermal=not_started imagery=not_started
[MONITOR] up=631854s window=10s thermal=not_started imagery=not_started
[MONITOR] up=631864s window=10s thermal=not_started imagery=not_started
[MONITOR] up=631874s window=10s thermal=not_started imagery=not_started
[MONITOR] up=631885s window=10s thermal=not_started imagery=not_started
[MONITOR] up=631895s window=10s thermal=not_started imagery=not_started
[MONITOR] up=631905s window=10s thermal=not_started imagery=not_started
[MONITOR] up=631915s window=10s thermal=not_started imagery=not_started
[MONITOR] up=631925s window=10s thermal=not_started imagery=not_started
[MONITOR] up=631935s window=10s thermal=not_started imagery=not_started
[MONITOR] up=631945s window=10s thermal=not_started imagery=not_started
[MONITOR] up=631955s window=10s thermal=not_started imagery=not_started
[MONITOR] up=631965s window=10s thermal=not_started imagery=not_started
[MONITOR] up=631975s window=10s thermal=not_started imagery=not_started
[MONITOR] up=631985s window=10s thermal=not_started imagery=not_started
[MONITOR] up=631995s window=10s thermal=not_started imagery=not_started
[MONITOR] up=632005s window=10s thermal=not_started imagery=not_started
[MONITOR] up=632015s window=10s thermal=not_started imagery=not_started
[MONITOR] up=632025s window=10s thermal=not_started imagery=not_started
[MONITOR] up=632035s window=10s thermal=not_started imagery=not_started
[MONITOR] up=632045s window=10s thermal=not_started imagery=not_started
[MONITOR] up=632055s window=10s thermal=not_started imagery=not_started
[MONITOR] up=632065s window=10s thermal=not_started imagery=not_started
[MONITOR] up=632075s window=10s thermal=not_started imagery=not_started
[MONITOR] up=632085s window=10s thermal=not_started imagery=not_started
[MONITOR] up=632095s window=10s thermal=not_started imagery=not_started
[MONITOR] up=632105s window=10s thermal=not_started imagery=not_started
[MONITOR] up=632115s window=10s thermal=not_started imagery=not_started
[MONITOR] up=632125s window=10s thermal=not_started imagery=not_started
[MONITOR] up=632135s window=10s thermal=not_started imagery=not_started
[MONITOR] up=632145s window=10s thermal=not_started imagery=not_started
[MONITOR] up=632155s window=10s thermal=not_started imagery=not_started
[MONITOR] up=632165s window=10s thermal=not_started imagery=not_started
[MONITOR] up=632175s window=10s thermal=not_started imagery=not_started
[MONITOR] up=632185s window=10s thermal=not_started imagery=not_started
[MONITOR] up=632195s window=10s thermal=not_started imagery=not_started
[MONITOR] up=632205s window=10s thermal=not_started imagery=not_started
[MONITOR] up=632215s window=10s thermal=not_started imagery=not_started
[MONITOR] up=632225s window=10s thermal=not_started imagery=not_started
[MONITOR] up=632235s window=10s thermal=not_started imagery=not_started
[MONITOR] up=632245s window=10s thermal=not_started imagery=not_started
[MONITOR] up=632255s window=10s thermal=not_started imagery=not_started
[MONITOR] up=632265s window=10s thermal=not_started imagery=not_started
[MONITOR] up=632275s window=10s thermal=not_started imagery=not_started
[MONITOR] up=632285s window=10s thermal=not_started imagery=not_started
[MONITOR] up=632295s window=10s thermal=not_started imagery=not_started
[MONITOR] up=632305s window=10s thermal=not_started imagery=not_started
[MONITOR] up=632315s window=10s thermal=not_started imagery=not_started
[MONITOR] up=632325s window=10s thermal=not_started imagery=not_started
[MONITOR] up=632335s window=10s thermal=not_started imagery=not_started
[MONITOR] up=632345s window=10s thermal=not_started imagery=not_started
[MONITOR] up=632355s window=10s thermal=not_started imagery=not_started
[MONITOR] up=632365s window=10s thermal=not_started imagery=not_started
[MONITOR] up=632375s window=10s thermal=not_started imagery=not_started
[MONITOR] up=632385s window=10s thermal=not_started imagery=not_started
[MONITOR] up=632395s window=10s thermal=not_started imagery=not_started
[MONITOR] up=632405s window=10s thermal=not_started imagery=not_started
[MONITOR] up=632415s window=10s thermal=not_started imagery=not_started
[MONITOR] up=632425s window=10s thermal=not_started imagery=not_started
[MONITOR] up=632435s window=10s thermal=not_started imagery=not_started
[MONITOR] up=632445s window=10s thermal=not_started imagery=not_started
[MONITOR] up=632455s window=10s thermal=not_started imagery=not_started
[MONITOR] up=632465s window=10s thermal=not_started imagery=not_started
[MONITOR] up=632475s window=10s thermal=not_started imagery=not_started
[MONITOR] up=632485s window=10s thermal=not_started imagery=not_started
[MONITOR] up=632495s window=10s thermal=not_started imagery=not_started
[MONITOR] up=632505s window=10s thermal=not_started imagery=not_started
[MONITOR] up=632515s window=10s thermal=not_started imagery=not_started
[MONITOR] up=632525s window=10s thermal=not_started imagery=not_started
[MONITOR] up=632535s window=10s thermal=not_started imagery=not_started
[MONITOR] up=632545s window=10s thermal=not_started imagery=not_started
[MONITOR] up=632555s window=10s thermal=not_started imagery=not_started
[MONITOR] up=632565s window=10s thermal=not_started imagery=not_started
[MONITOR] up=632575s window=10s thermal=not_started imagery=not_started
[MONITOR] up=632585s window=10s thermal=not_started imagery=not_started
[MONITOR] up=632595s window=10s thermal=not_started imagery=not_started
[MONITOR] up=632605s window=10s thermal=not_started imagery=not_started
[MONITOR] up=632615s window=10s thermal=not_started imagery=not_started
[MONITOR] up=632625s window=10s thermal=not_started imagery=not_started
[MONITOR] up=632635s window=10s thermal=not_started imagery=not_started
[MONITOR] up=632645s window=10s thermal=not_started imagery=not_started
[MONITOR] up=632655s window=10s thermal=not_started imagery=not_started
[MONITOR] up=632665s window=10s thermal=not_started imagery=not_started
[MONITOR] up=632675s window=10s thermal=not_started imagery=not_started
[MONITOR] up=632685s window=10s thermal=not_started imagery=not_started
[MONITOR] up=632695s window=10s thermal=not_started imagery=not_started
[MONITOR] up=632705s window=10s thermal=not_started imagery=not_started
[MONITOR] up=632715s window=10s thermal=not_started imagery=not_started
[MONITOR] up=632725s window=10s thermal=not_started imagery=not_started
[MONITOR] up=632735s window=10s thermal=not_started imagery=not_started
[MONITOR] up=632745s window=10s thermal=not_started imagery=not_started
[MONITOR] up=632755s window=10s thermal=not_started imagery=not_started
[MONITOR] up=632765s window=10s thermal=not_started imagery=not_started
[MONITOR] up=632775s window=10s thermal=not_started imagery=not_started
[MONITOR] up=632785s window=10s thermal=not_started imagery=not_started
[MONITOR] up=632795s window=10s thermal=not_started imagery=not_started
[MONITOR] up=632805s window=10s thermal=not_started imagery=not_started
[MONITOR] up=632815s window=10s thermal=not_started imagery=not_started
[MONITOR] up=632825s window=10s thermal=not_started imagery=not_started
[MONITOR] up=632835s window=10s thermal=not_started imagery=not_started
[MONITOR] up=632845s window=10s thermal=not_started imagery=not_started
[MONITOR] up=632855s window=10s thermal=not_started imagery=not_started
[MONITOR] up=632865s window=10s thermal=not_started imagery=not_started
[MONITOR] up=632875s window=10s thermal=not_started imagery=not_started
[MONITOR] up=632885s window=10s thermal=not_started imagery=not_started
[MONITOR] up=632895s window=10s thermal=not_started imagery=not_started
[MONITOR] up=632905s window=10s thermal=not_started imagery=not_started
[MONITOR] up=632915s window=10s thermal=not_started imagery=not_started
[MONITOR] up=632925s window=10s thermal=not_started imagery=not_started
[MONITOR] up=632935s window=10s thermal=not_started imagery=not_started
[MONITOR] up=632945s window=10s thermal=not_started imagery=not_started
[MONITOR] up=632955s window=10s thermal=not_started imagery=not_started
[MONITOR] up=632965s window=10s thermal=not_started imagery=not_started
[MONITOR] up=632975s window=10s thermal=not_started imagery=not_started
[MONITOR] up=632985s window=10s thermal=not_started imagery=not_started
[MONITOR] up=632995s window=10s thermal=not_started imagery=not_started
[MONITOR] up=633005s window=10s thermal=not_started imagery=not_started
[MONITOR] up=633015s window=10s thermal=not_started imagery=not_started
[MONITOR] up=633025s window=10s thermal=not_started imagery=not_started
[MONITOR] up=633035s window=10s thermal=not_started imagery=not_started
[MONITOR] up=633045s window=10s thermal=not_started imagery=not_started
[MONITOR] up=633055s window=10s thermal=not_started imagery=not_started
[MONITOR] up=633065s window=10s thermal=not_started imagery=not_started
[MONITOR] up=633075s window=10s thermal=not_started imagery=not_started
[MONITOR] up=633085s window=10s thermal=not_started imagery=not_started
[MONITOR] up=633095s window=10s thermal=not_started imagery=not_started
[MONITOR] up=633105s window=10s thermal=not_started imagery=not_started
[MONITOR] up=633115s window=10s thermal=not_started imagery=not_started
[MONITOR] up=633125s window=10s thermal=not_started imagery=not_started
[MONITOR] up=633135s window=10s thermal=not_started imagery=not_started
[MONITOR] up=633145s window=10s thermal=not_started imagery=not_started
[MONITOR] up=633155s window=10s thermal=not_started imagery=not_started
[MONITOR] up=633165s window=10s thermal=not_started imagery=not_started
[MONITOR] up=633175s window=10s thermal=not_started imagery=not_started
[MONITOR] up=633185s window=10s thermal=not_started imagery=not_started
[MONITOR] up=633195s window=10s thermal=not_started imagery=not_started
[MONITOR] up=633205s window=10s thermal=not_started imagery=not_started
[MONITOR] up=633215s window=10s thermal=not_started imagery=not_started
[MONITOR] up=633225s window=10s thermal=not_started imagery=not_started
[MONITOR] up=633235s window=10s thermal=not_started imagery=not_started
[MONITOR] up=633245s window=10s thermal=not_started imagery=not_started
[MONITOR] up=633255s window=10s thermal=not_started imagery=not_started
[MONITOR] up=633265s window=10s thermal=not_started imagery=not_started
[MONITOR] up=633275s window=10s thermal=not_started imagery=not_started
[MONITOR] up=633285s window=10s thermal=not_started imagery=not_started
[MONITOR] up=633295s window=10s thermal=not_started imagery=not_started
[MONITOR] up=633305s window=10s thermal=not_started imagery=not_started
[MONITOR] up=633315s window=10s thermal=not_started imagery=not_started
[MONITOR] up=633325s window=10s thermal=not_started imagery=not_started
[MONITOR] up=633335s window=10s thermal=not_started imagery=not_started
[MONITOR] up=633345s window=10s thermal=not_started imagery=not_started
[MONITOR] up=633355s window=10s thermal=not_started imagery=not_started
[MONITOR] up=633365s window=10s thermal=not_started imagery=not_started
[MONITOR] up=633375s window=10s thermal=not_started imagery=not_started
[MONITOR] up=633385s window=10s thermal=not_started imagery=not_started
[MONITOR] up=633395s window=10s thermal=not_started imagery=not_started
[MONITOR] up=633405s window=10s thermal=not_started imagery=not_started
[MONITOR] up=633415s window=10s thermal=not_started imagery=not_started
[MONITOR] up=633425s window=10s thermal=not_started imagery=not_started
[MONITOR] up=633435s window=10s thermal=not_started imagery=not_started
[MONITOR] up=633445s window=10s thermal=not_started imagery=not_started
[MONITOR] up=633455s window=10s thermal=not_started imagery=not_started
[MONITOR] up=633465s window=10s thermal=not_started imagery=not_started
[MONITOR] up=633475s window=10s thermal=not_started imagery=not_started
[MONITOR] up=633485s window=10s thermal=not_started imagery=not_started
[MONITOR] up=633495s window=10s thermal=not_started imagery=not_started
[MONITOR] up=633505s window=10s thermal=not_started imagery=not_started
[MONITOR] up=633515s window=10s thermal=not_started imagery=not_started
[MONITOR] up=633525s window=10s thermal=not_started imagery=not_started
[MONITOR] up=633535s window=10s thermal=not_started imagery=not_started
[MONITOR] up=633545s window=10s thermal=not_started imagery=not_started
[MONITOR] up=633555s window=10s thermal=not_started imagery=not_started
[MONITOR] up=633565s window=10s thermal=not_started imagery=not_started
[MONITOR] up=633575s window=10s thermal=not_started imagery=not_started
[MONITOR] up=633585s window=10s thermal=not_started imagery=not_started
[MONITOR] up=633595s window=10s thermal=not_started imagery=not_started
[MONITOR] up=633605s window=10s thermal=not_started imagery=not_started
[MONITOR] up=633615s window=10s thermal=not_started imagery=not_started
[MONITOR] up=633625s window=10s thermal=not_started imagery=not_started
[MONITOR] up=633635s window=10s thermal=not_started imagery=not_started
[MONITOR] up=633645s window=10s thermal=not_started imagery=not_started
[MONITOR] up=633655s window=10s thermal=not_started imagery=not_started
[MONITOR] up=633665s window=10s thermal=not_started imagery=not_started
[MONITOR] up=633675s window=10s thermal=not_started imagery=not_started
[MONITOR] up=633685s window=10s thermal=not_started imagery=not_started
[MONITOR] up=633695s window=10s thermal=not_started imagery=not_started
[MONITOR] up=633705s window=10s thermal=not_started imagery=not_started
[MONITOR] up=633715s window=10s thermal=not_started imagery=not_started
[MONITOR] up=633725s window=10s thermal=not_started imagery=not_started
[MONITOR] up=633735s window=10s thermal=not_started imagery=not_started
[MONITOR] up=633745s window=10s thermal=not_started imagery=not_started
[MONITOR] up=633755s window=10s thermal=not_started imagery=not_started
[MONITOR] up=633765s window=10s thermal=not_started imagery=not_started
[MONITOR] up=633775s window=10s thermal=not_started imagery=not_started
[MONITOR] up=633785s window=10s thermal=not_started imagery=not_started
[MONITOR] up=633795s window=10s thermal=not_started imagery=not_started
[MONITOR] up=633805s window=10s thermal=not_started imagery=not_started
[MONITOR] up=633815s window=10s thermal=not_started imagery=not_started
[MONITOR] up=633825s window=10s thermal=not_started imagery=not_started
[MONITOR] up=633835s window=10s thermal=not_started imagery=not_started
[MONITOR] up=633845s window=10s thermal=not_started imagery=not_started
[MONITOR] up=633855s window=10s thermal=not_started imagery=not_started
[MONITOR] up=633865s window=10s thermal=not_started imagery=not_started
[MONITOR] up=633875s window=10s thermal=not_started imagery=not_started
[MONITOR] up=633885s window=10s thermal=not_started imagery=not_started
[MONITOR] up=633895s window=10s thermal=not_started imagery=not_started
[MONITOR] up=633905s window=10s thermal=not_started imagery=not_started
[MONITOR] up=633915s window=10s thermal=not_started imagery=not_started
[MONITOR] up=633925s window=10s thermal=not_started imagery=not_started
[MONITOR] up=633935s window=10s thermal=not_started imagery=not_started
[MONITOR] up=633945s window=10s thermal=not_started imagery=not_started
[MONITOR] up=633955s window=10s thermal=not_started imagery=not_started
[MONITOR] up=633965s window=10s thermal=not_started imagery=not_started
[MONITOR] up=633975s window=10s thermal=not_started imagery=not_started
[MONITOR] up=633985s window=10s thermal=not_started imagery=not_started
[MONITOR] up=633995s window=10s thermal=not_started imagery=not_started
[MONITOR] up=634005s window=10s thermal=not_started imagery=not_started
[MONITOR] up=634015s window=10s thermal=not_started imagery=not_started
[MONITOR] up=634025s window=10s thermal=not_started imagery=not_started
[MONITOR] up=634035s window=10s thermal=not_started imagery=not_started
[MONITOR] up=634045s window=10s thermal=not_started imagery=not_started
[MONITOR] up=634055s window=10s thermal=not_started imagery=not_started
[MONITOR] up=634065s window=10s thermal=not_started imagery=not_started
[MONITOR] up=634075s window=10s thermal=not_started imagery=not_started
[MONITOR] up=634085s window=10s thermal=not_started imagery=not_started
[MONITOR] up=634095s window=10s thermal=not_started imagery=not_started
[MONITOR] up=634105s window=10s thermal=not_started imagery=not_started
[MONITOR] up=634115s window=10s thermal=not_started imagery=not_started
[MONITOR] up=634125s window=10s thermal=not_started imagery=not_started
[MONITOR] up=634135s window=10s thermal=not_started imagery=not_started
[MONITOR] up=634145s window=10s thermal=not_started imagery=not_started
[MONITOR] up=634155s window=10s thermal=not_started imagery=not_started
[MONITOR] up=634165s window=10s thermal=not_started imagery=not_started
[MONITOR] up=634175s window=10s thermal=not_started imagery=not_started
[MONITOR] up=634185s window=10s thermal=not_started imagery=not_started
[MONITOR] up=634195s window=10s thermal=not_started imagery=not_started
[MONITOR] up=634205s window=10s thermal=not_started imagery=not_started
[MONITOR] up=634215s window=10s thermal=not_started imagery=not_started
[MONITOR] up=634225s window=10s thermal=not_started imagery=not_started
[MONITOR] up=634235s window=10s thermal=not_started imagery=not_started
[MONITOR] up=634245s window=10s thermal=not_started imagery=not_started
[MONITOR] up=634255s window=10s thermal=not_started imagery=not_started
[MONITOR] up=634265s window=10s thermal=not_started imagery=not_started
[MONITOR] up=634275s window=10s thermal=not_started imagery=not_started
[MONITOR] up=634285s window=10s thermal=not_started imagery=not_started
[MONITOR] up=634295s window=10s thermal=not_started imagery=not_started
[MONITOR] up=634305s window=10s thermal=not_started imagery=not_started
[MONITOR] up=634315s window=10s thermal=not_started imagery=not_started
[MONITOR] up=634325s window=10s thermal=not_started imagery=not_started
[MONITOR] up=634335s window=10s thermal=not_started imagery=not_started
[MONITOR] up=634345s window=10s thermal=not_started imagery=not_started
[MONITOR] up=634355s window=10s thermal=not_started imagery=not_started
[MONITOR] up=634365s window=10s thermal=not_started imagery=not_started
[MONITOR] up=634375s window=10s thermal=not_started imagery=not_started
[MONITOR] up=634385s window=10s thermal=not_started imagery=not_started
[MONITOR] up=634395s window=10s thermal=not_started imagery=not_started
[MONITOR] up=634405s window=10s thermal=not_started imagery=not_started
[MONITOR] up=634415s window=10s thermal=not_started imagery=not_started
[MONITOR] up=634425s window=10s thermal=not_started imagery=not_started
[MONITOR] up=634435s window=10s thermal=not_started imagery=not_started
[MONITOR] up=634445s window=10s thermal=not_started imagery=not_started
[MONITOR] up=634455s window=10s thermal=not_started imagery=not_started
[MONITOR] up=634465s window=10s thermal=not_started imagery=not_started
[MONITOR] up=634475s window=10s thermal=not_started imagery=not_started
[MONITOR] up=634485s window=10s thermal=not_started imagery=not_started
[MONITOR] up=634495s window=10s thermal=not_started imagery=not_started
[MONITOR] up=634505s window=10s thermal=not_started imagery=not_started
[MONITOR] up=634515s window=10s thermal=not_started imagery=not_started
[MONITOR] up=634525s window=10s thermal=not_started imagery=not_started
[MONITOR] up=634535s window=10s thermal=not_started imagery=not_started
[MONITOR] up=634545s window=10s thermal=not_started imagery=not_started
[MONITOR] up=634555s window=10s thermal=not_started imagery=not_started
[MONITOR] up=634565s window=10s thermal=not_started imagery=not_started
[MONITOR] up=634575s window=10s thermal=not_started imagery=not_started
[MONITOR] up=634585s window=10s thermal=not_started imagery=not_started
[MONITOR] up=634595s window=10s thermal=not_started imagery=not_started
[MONITOR] up=634605s window=10s thermal=not_started imagery=not_started
[MONITOR] up=634615s window=10s thermal=not_started imagery=not_started
[MONITOR] up=634625s window=10s thermal=not_started imagery=not_started
[MONITOR] up=634635s window=10s thermal=not_started imagery=not_started
[MONITOR] up=634645s window=10s thermal=not_started imagery=not_started
[MONITOR] up=634655s window=10s thermal=not_started imagery=not_started
[MONITOR] up=634665s window=10s thermal=not_started imagery=not_started
[MONITOR] up=634675s window=10s thermal=not_started imagery=not_started
[MONITOR] up=634685s window=10s thermal=not_started imagery=not_started
[MONITOR] up=634695s window=10s thermal=not_started imagery=not_started
[MONITOR] up=634705s window=10s thermal=not_started imagery=not_started
[MONITOR] up=634715s window=10s thermal=not_started imagery=not_started
[MONITOR] up=634725s window=10s thermal=not_started imagery=not_started
[MONITOR] up=634735s window=10s thermal=not_started imagery=not_started
[MONITOR] up=634745s window=10s thermal=not_started imagery=not_started
[MONITOR] up=634755s window=10s thermal=not_started imagery=not_started
[MONITOR] up=634765s window=10s thermal=not_started imagery=not_started
[MONITOR] up=634775s window=10s thermal=not_started imagery=not_started
[MONITOR] up=634785s window=10s thermal=not_started imagery=not_started
[MONITOR] up=634795s window=10s thermal=not_started imagery=not_started
[MONITOR] up=634805s window=10s thermal=not_started imagery=not_started
[MONITOR] up=634815s window=10s thermal=not_started imagery=not_started
[MONITOR] up=634825s window=10s thermal=not_started imagery=not_started
[MONITOR] up=634835s window=10s thermal=not_started imagery=not_started
[MONITOR] up=634845s window=10s thermal=not_started imagery=not_started
[MONITOR] up=634855s window=10s thermal=not_started imagery=not_started
[MONITOR] up=634865s window=10s thermal=not_started imagery=not_started
[MONITOR] up=634875s window=10s thermal=not_started imagery=not_started
[MONITOR] up=634885s window=10s thermal=not_started imagery=not_started
[MONITOR] up=634895s window=10s thermal=not_started imagery=not_started
[MONITOR] up=634905s window=10s thermal=not_started imagery=not_started
[MONITOR] up=634915s window=10s thermal=not_started imagery=not_started
[MONITOR] up=634925s window=10s thermal=not_started imagery=not_started
[MONITOR] up=634935s window=10s thermal=not_started imagery=not_started
[MONITOR] up=634945s window=10s thermal=not_started imagery=not_started
[MONITOR] up=634955s window=10s thermal=not_started imagery=not_started
[MONITOR] up=634965s window=10s thermal=not_started imagery=not_started
[MONITOR] up=634975s window=10s thermal=not_started imagery=not_started
[MONITOR] up=634985s window=10s thermal=not_started imagery=not_started
[MONITOR] up=634995s window=10s thermal=not_started imagery=not_started
[MONITOR] up=635005s window=10s thermal=not_started imagery=not_started
[MONITOR] up=635015s window=10s thermal=not_started imagery=not_started
[MONITOR] up=635025s window=10s thermal=not_started imagery=not_started
[MONITOR] up=635035s window=10s thermal=not_started imagery=not_started
[MONITOR] up=635045s window=10s thermal=not_started imagery=not_started
[MONITOR] up=635055s window=10s thermal=not_started imagery=not_started
[MONITOR] up=635065s window=10s thermal=not_started imagery=not_started
[MONITOR] up=635075s window=10s thermal=not_started imagery=not_started
[MONITOR] up=635085s window=10s thermal=not_started imagery=not_started
[MONITOR] up=635095s window=10s thermal=not_started imagery=not_started
[MONITOR] up=635105s window=10s thermal=not_started imagery=not_started
[MONITOR] up=635115s window=10s thermal=not_started imagery=not_started
[MONITOR] up=635125s window=10s thermal=not_started imagery=not_started
[MONITOR] up=635135s window=10s thermal=not_started imagery=not_started
[MONITOR] up=635145s window=10s thermal=not_started imagery=not_started
[MONITOR] up=635155s window=10s thermal=not_started imagery=not_started
[MONITOR] up=635165s window=10s thermal=not_started imagery=not_started
[MONITOR] up=635175s window=10s thermal=not_started imagery=not_started
[MONITOR] up=635185s window=10s thermal=not_started imagery=not_started
[MONITOR] up=635195s window=10s thermal=not_started imagery=not_started
[MONITOR] up=635205s window=10s thermal=not_started imagery=not_started
[MONITOR] up=635215s window=10s thermal=not_started imagery=not_started
[MONITOR] up=635225s window=10s thermal=not_started imagery=not_started
[MONITOR] up=635235s window=10s thermal=not_started imagery=not_started
[MONITOR] up=635245s window=10s thermal=not_started imagery=not_started
[MONITOR] up=635255s window=10s thermal=not_started imagery=not_started
[MONITOR] up=635265s window=10s thermal=not_started imagery=not_started
[MONITOR] up=635275s window=10s thermal=not_started imagery=not_started
[MONITOR] up=635285s window=10s thermal=not_started imagery=not_started
[MONITOR] up=635295s window=10s thermal=not_started imagery=not_started
[MONITOR] up=635305s window=10s thermal=not_started imagery=not_started
[MONITOR] up=635316s window=10s thermal=not_started imagery=not_started
[MONITOR] up=635326s window=10s thermal=not_started imagery=not_started
[MONITOR] up=635336s window=10s thermal=not_started imagery=not_started
[MONITOR] up=635346s window=10s thermal=not_started imagery=not_started
[MONITOR] up=635356s window=10s thermal=not_started imagery=not_started
[MONITOR] up=635366s window=10s thermal=not_started imagery=not_started
[MONITOR] up=635376s window=10s thermal=not_started imagery=not_started
[MONITOR] up=635386s window=10s thermal=not_started imagery=not_started
[MONITOR] up=635396s window=10s thermal=not_started imagery=not_started
[MONITOR] up=635406s window=10s thermal=not_started imagery=not_started
[MONITOR] up=635416s window=10s thermal=not_started imagery=not_started
[MONITOR] up=635426s window=10s thermal=not_started imagery=not_started
[MONITOR] up=635436s window=10s thermal=not_started imagery=not_started
[MONITOR] up=635446s window=10s thermal=not_started imagery=not_started
[MONITOR] up=635456s window=10s thermal=not_started imagery=not_started
[MONITOR] up=635466s window=10s thermal=not_started imagery=not_started
[MONITOR] up=635476s window=10s thermal=not_started imagery=not_started
[MONITOR] up=635486s window=10s thermal=not_started imagery=not_started
[MONITOR] up=635496s window=10s thermal=not_started imagery=not_started
[MONITOR] up=635506s window=10s thermal=not_started imagery=not_started
[MONITOR] up=635516s window=10s thermal=not_started imagery=not_started
[MONITOR] up=635526s window=10s thermal=not_started imagery=not_started
[MONITOR] up=635536s window=10s thermal=not_started imagery=not_started
[MONITOR] up=635546s window=10s thermal=not_started imagery=not_started
[MONITOR] up=635556s window=10s thermal=not_started imagery=not_started
[MONITOR] up=635566s window=10s thermal=not_started imagery=not_started
[MONITOR] up=635576s window=10s thermal=not_started imagery=not_started
[MONITOR] up=635586s window=10s thermal=not_started imagery=not_started
[MONITOR] up=635596s window=10s thermal=not_started imagery=not_started
[MONITOR] up=635606s window=10s thermal=not_started imagery=not_started
[MONITOR] up=635616s window=10s thermal=not_started imagery=not_started
[MONITOR] up=635626s window=10s thermal=not_started imagery=not_started
[MONITOR] up=635636s window=10s thermal=not_started imagery=not_started
[MONITOR] up=635646s window=10s thermal=not_started imagery=not_started
[MONITOR] up=635656s window=10s thermal=not_started imagery=not_started
[MONITOR] up=635666s window=10s thermal=not_started imagery=not_started
[MONITOR] up=635676s window=10s thermal=not_started imagery=not_started
[MONITOR] up=635686s window=10s thermal=not_started imagery=not_started
[MONITOR] up=635696s window=10s thermal=not_started imagery=not_started
[MONITOR] up=635706s window=10s thermal=not_started imagery=not_started
[MONITOR] up=635716s window=10s thermal=not_started imagery=not_started
[MONITOR] up=635726s window=10s thermal=not_started imagery=not_started
[MONITOR] up=635736s window=10s thermal=not_started imagery=not_started
[MONITOR] up=635746s window=10s thermal=not_started imagery=not_started
[MONITOR] up=635756s window=10s thermal=not_started imagery=not_started
[MONITOR] up=635766s window=10s thermal=not_started imagery=not_started
[MONITOR] up=635776s window=10s thermal=not_started imagery=not_started
[MONITOR] up=635786s window=10s thermal=not_started imagery=not_started
[MONITOR] up=635796s window=10s thermal=not_started imagery=not_started
[MONITOR] up=635806s window=10s thermal=not_started imagery=not_started
[MONITOR] up=635816s window=10s thermal=not_started imagery=not_started
[MONITOR] up=635826s window=10s thermal=not_started imagery=not_started
[MONITOR] up=635836s window=10s thermal=not_started imagery=not_started
[MONITOR] up=635846s window=10s thermal=not_started imagery=not_started
[MONITOR] up=635856s window=10s thermal=not_started imagery=not_started
[MONITOR] up=635866s window=10s thermal=not_started imagery=not_started
[MONITOR] up=635876s window=10s thermal=not_started imagery=not_started
[MONITOR] up=635886s window=10s thermal=not_started imagery=not_started
[MONITOR] up=635896s window=10s thermal=not_started imagery=not_started
[MONITOR] up=635906s window=10s thermal=not_started imagery=not_started
[MONITOR] up=635916s window=10s thermal=not_started imagery=not_started
[MONITOR] up=635926s window=10s thermal=not_started imagery=not_started
[MONITOR] up=635936s window=10s thermal=not_started imagery=not_started
[MONITOR] up=635946s window=10s thermal=not_started imagery=not_started
[MONITOR] up=635956s window=10s thermal=not_started imagery=not_started
[MONITOR] up=635966s window=10s thermal=not_started imagery=not_started
[MONITOR] up=635976s window=10s thermal=not_started imagery=not_started
[MONITOR] up=635986s window=10s thermal=not_started imagery=not_started
[MONITOR] up=635996s window=10s thermal=not_started imagery=not_started
[MONITOR] up=636006s window=10s thermal=not_started imagery=not_started
[MONITOR] up=636016s window=10s thermal=not_started imagery=not_started
[MONITOR] up=636026s window=10s thermal=not_started imagery=not_started
[MONITOR] up=636036s window=10s thermal=not_started imagery=not_started
[MONITOR] up=636046s window=10s thermal=not_started imagery=not_started
[MONITOR] up=636056s window=10s thermal=not_started imagery=not_started
[MONITOR] up=636066s window=10s thermal=not_started imagery=not_started
[MONITOR] up=636076s window=10s thermal=not_started imagery=not_started
[MONITOR] up=636086s window=10s thermal=not_started imagery=not_started
[MONITOR] up=636096s window=10s thermal=not_started imagery=not_started
[MONITOR] up=636106s window=10s thermal=not_started imagery=not_started
[MONITOR] up=636116s window=10s thermal=not_started imagery=not_started
[MONITOR] up=636126s window=10s thermal=not_started imagery=not_started
[MONITOR] up=636136s window=10s thermal=not_started imagery=not_started
[MONITOR] up=636146s window=10s thermal=not_started imagery=not_started
[MONITOR] up=636156s window=10s thermal=not_started imagery=not_started
[MONITOR] up=636166s window=10s thermal=not_started imagery=not_started
[MONITOR] up=636176s window=10s thermal=not_started imagery=not_started
[MONITOR] up=636186s window=10s thermal=not_started imagery=not_started
[MONITOR] up=636196s window=10s thermal=not_started imagery=not_started
[MONITOR] up=636206s window=10s thermal=not_started imagery=not_started
[MONITOR] up=636216s window=10s thermal=not_started imagery=not_started
[MONITOR] up=636226s window=10s thermal=not_started imagery=not_started
[MONITOR] up=636236s window=10s thermal=not_started imagery=not_started
[MONITOR] up=636246s window=10s thermal=not_started imagery=not_started
[MONITOR] up=636256s window=10s thermal=not_started imagery=not_started
[MONITOR] up=636266s window=10s thermal=not_started imagery=not_started
[MONITOR] up=636276s window=10s thermal=not_started imagery=not_started
[MONITOR] up=636286s window=10s thermal=not_started imagery=not_started
[MONITOR] up=636296s window=10s thermal=not_started imagery=not_started
[MONITOR] up=636306s window=10s thermal=not_started imagery=not_started
[MONITOR] up=636316s window=10s thermal=not_started imagery=not_started
[MONITOR] up=636326s window=10s thermal=not_started imagery=not_started
[MONITOR] up=636336s window=10s thermal=not_started imagery=not_started
[MONITOR] up=636346s window=10s thermal=not_started imagery=not_started
[MONITOR] up=636356s window=10s thermal=not_started imagery=not_started
[MONITOR] up=636366s window=10s thermal=not_started imagery=not_started
[MONITOR] up=636376s window=10s thermal=not_started imagery=not_started
[MONITOR] up=636386s window=10s thermal=not_started imagery=not_started
[MONITOR] up=636396s window=10s thermal=not_started imagery=not_started
[MONITOR] up=636406s window=10s thermal=not_started imagery=not_started
[MONITOR] up=636416s window=10s thermal=not_started imagery=not_started
[MONITOR] up=636426s window=10s thermal=not_started imagery=not_started
[MONITOR] up=636436s window=10s thermal=not_started imagery=not_started
[MONITOR] up=636446s window=10s thermal=not_started imagery=not_started
[MONITOR] up=636456s window=10s thermal=not_started imagery=not_started
[MONITOR] up=636466s window=10s thermal=not_started imagery=not_started
[MONITOR] up=636476s window=10s thermal=not_started imagery=not_started
[MONITOR] up=636486s window=10s thermal=not_started imagery=not_started
[MONITOR] up=636496s window=10s thermal=not_started imagery=not_started
[MONITOR] up=636506s window=10s thermal=not_started imagery=not_started
[MONITOR] up=636516s window=10s thermal=not_started imagery=not_started
[MONITOR] up=636526s window=10s thermal=not_started imagery=not_started
[MONITOR] up=636536s window=10s thermal=not_started imagery=not_started
[MONITOR] up=636546s window=10s thermal=not_started imagery=not_started
[MONITOR] up=636556s window=10s thermal=not_started imagery=not_started
[MONITOR] up=636566s window=10s thermal=not_started imagery=not_started
[MONITOR] up=636576s window=10s thermal=not_started imagery=not_started
[MONITOR] up=636586s window=10s thermal=not_started imagery=not_started
[MONITOR] up=636596s window=10s thermal=not_started imagery=not_started
[MONITOR] up=636606s window=10s thermal=not_started imagery=not_started
[MONITOR] up=636616s window=10s thermal=not_started imagery=not_started
[MONITOR] up=636626s window=10s thermal=not_started imagery=not_started
[MONITOR] up=636636s window=10s thermal=not_started imagery=not_started
[MONITOR] up=636646s window=10s thermal=not_started imagery=not_started
[MONITOR] up=636656s window=10s thermal=not_started imagery=not_started
[MONITOR] up=636666s window=10s thermal=not_started imagery=not_started
[MONITOR] up=636676s window=10s thermal=not_started imagery=not_started
[MONITOR] up=636686s window=10s thermal=not_started imagery=not_started
[MONITOR] up=636696s window=10s thermal=not_started imagery=not_started
[MONITOR] up=636706s window=10s thermal=not_started imagery=not_started
[MONITOR] up=636716s window=10s thermal=not_started imagery=not_started
[MONITOR] up=636726s window=10s thermal=not_started imagery=not_started
[MONITOR] up=636736s window=10s thermal=not_started imagery=not_started
[MONITOR] up=636746s window=10s thermal=not_started imagery=not_started
[MONITOR] up=636756s window=10s thermal=not_started imagery=not_started
[MONITOR] up=636766s window=10s thermal=not_started imagery=not_started
[MONITOR] up=636776s window=10s thermal=not_started imagery=not_started
[MONITOR] up=636786s window=10s thermal=not_started imagery=not_started
[MONITOR] up=636796s window=10s thermal=not_started imagery=not_started
[MONITOR] up=636806s window=10s thermal=not_started imagery=not_started
[MONITOR] up=636816s window=10s thermal=not_started imagery=not_started
[MONITOR] up=636826s window=10s thermal=not_started imagery=not_started
[MONITOR] up=636836s window=10s thermal=not_started imagery=not_started
[MONITOR] up=636846s window=10s thermal=not_started imagery=not_started
[MONITOR] up=636856s window=10s thermal=not_started imagery=not_started
[MONITOR] up=636866s window=10s thermal=not_started imagery=not_started
[MONITOR] up=636876s window=10s thermal=not_started imagery=not_started
[MONITOR] up=636886s window=10s thermal=not_started imagery=not_started
[MONITOR] up=636896s window=10s thermal=not_started imagery=not_started
[MONITOR] up=636906s window=10s thermal=not_started imagery=not_started
[MONITOR] up=636916s window=10s thermal=not_started imagery=not_started
[MONITOR] up=636926s window=10s thermal=not_started imagery=not_started
[MONITOR] up=636936s window=10s thermal=not_started imagery=not_started
[MONITOR] up=636946s window=10s thermal=not_started imagery=not_started
[MONITOR] up=636956s window=10s thermal=not_started imagery=not_started
[MONITOR] up=636966s window=10s thermal=not_started imagery=not_started
[MONITOR] up=636976s window=10s thermal=not_started imagery=not_started
[MONITOR] up=636986s window=10s thermal=not_started imagery=not_started
[MONITOR] up=636996s window=10s thermal=not_started imagery=not_started
[MONITOR] up=637006s window=10s thermal=not_started imagery=not_started
[MONITOR] up=637016s window=10s thermal=not_started imagery=not_started
[MONITOR] up=637026s window=10s thermal=not_started imagery=not_started
[MONITOR] up=637036s window=10s thermal=not_started imagery=not_started
[MONITOR] up=637046s window=10s thermal=not_started imagery=not_started
[MONITOR] up=637056s window=10s thermal=not_started imagery=not_started
[MONITOR] up=637066s window=10s thermal=not_started imagery=not_started
[MONITOR] up=637076s window=10s thermal=not_started imagery=not_started
[MONITOR] up=637086s window=10s thermal=not_started imagery=not_started
[MONITOR] up=637096s window=10s thermal=not_started imagery=not_started
[MONITOR] up=637106s window=10s thermal=not_started imagery=not_started
[MONITOR] up=637116s window=10s thermal=not_started imagery=not_started
[MONITOR] up=637126s window=10s thermal=not_started imagery=not_started
[MONITOR] up=637136s window=10s thermal=not_started imagery=not_started
[MONITOR] up=637146s window=10s thermal=not_started imagery=not_started
[MONITOR] up=637156s window=10s thermal=not_started imagery=not_started
[MONITOR] up=637166s window=10s thermal=not_started imagery=not_started
[MONITOR] up=637176s window=10s thermal=not_started imagery=not_started
[MONITOR] up=637186s window=10s thermal=not_started imagery=not_started
[MONITOR] up=637196s window=10s thermal=not_started imagery=not_started
[MONITOR] up=637206s window=10s thermal=not_started imagery=not_started
[MONITOR] up=637216s window=10s thermal=not_started imagery=not_started
[MONITOR] up=637226s window=10s thermal=not_started imagery=not_started
[MONITOR] up=637236s window=10s thermal=not_started imagery=not_started
[MONITOR] up=637246s window=10s thermal=not_started imagery=not_started
[MONITOR] up=637256s window=10s thermal=not_started imagery=not_started
[MONITOR] up=637266s window=10s thermal=not_started imagery=not_started
[MONITOR] up=637276s window=10s thermal=not_started imagery=not_started
[MONITOR] up=637286s window=10s thermal=not_started imagery=not_started
[MONITOR] up=637296s window=10s thermal=not_started imagery=not_started
[MONITOR] up=637306s window=10s thermal=not_started imagery=not_started
[MONITOR] up=637316s window=10s thermal=not_started imagery=not_started
[MONITOR] up=637326s window=10s thermal=not_started imagery=not_started
[MONITOR] up=637336s window=10s thermal=not_started imagery=not_started
[MONITOR] up=637346s window=10s thermal=not_started imagery=not_started
[MONITOR] up=637356s window=10s thermal=not_started imagery=not_started
[MONITOR] up=637366s window=10s thermal=not_started imagery=not_started
[MONITOR] up=637376s window=10s thermal=not_started imagery=not_started
[MONITOR] up=637386s window=10s thermal=not_started imagery=not_started
[MONITOR] up=637396s window=10s thermal=not_started imagery=not_started
[MONITOR] up=637406s window=10s thermal=not_started imagery=not_started
[MONITOR] up=637416s window=10s thermal=not_started imagery=not_started
[MONITOR] up=637426s window=10s thermal=not_started imagery=not_started
[MONITOR] up=637436s window=10s thermal=not_started imagery=not_started
[MONITOR] up=637446s window=10s thermal=not_started imagery=not_started
[MONITOR] up=637456s window=10s thermal=not_started imagery=not_started
[MONITOR] up=637466s window=10s thermal=not_started imagery=not_started
[MONITOR] up=637476s window=10s thermal=not_started imagery=not_started
[MONITOR] up=637486s window=10s thermal=not_started imagery=not_started
[MONITOR] up=637496s window=10s thermal=not_started imagery=not_started
[MONITOR] up=637506s window=10s thermal=not_started imagery=not_started
[MONITOR] up=637516s window=10s thermal=not_started imagery=not_started
[MONITOR] up=637526s window=10s thermal=not_started imagery=not_started
[MONITOR] up=637536s window=10s thermal=not_started imagery=not_started
[MONITOR] up=637546s window=10s thermal=not_started imagery=not_started
[MONITOR] up=637556s window=10s thermal=not_started imagery=not_started
[MONITOR] up=637566s window=10s thermal=not_started imagery=not_started
[MONITOR] up=637576s window=10s thermal=not_started imagery=not_started
[MONITOR] up=637586s window=10s thermal=not_started imagery=not_started
[MONITOR] up=637596s window=10s thermal=not_started imagery=not_started
[MONITOR] up=637606s window=10s thermal=not_started imagery=not_started
[MONITOR] up=637616s window=10s thermal=not_started imagery=not_started
[MONITOR] up=637626s window=10s thermal=not_started imagery=not_started
[MONITOR] up=637636s window=10s thermal=not_started imagery=not_started
[MONITOR] up=637646s window=10s thermal=not_started imagery=not_started
[MONITOR] up=637656s window=10s thermal=not_started imagery=not_started
[MONITOR] up=637666s window=10s thermal=not_started imagery=not_started
[MONITOR] up=637676s window=10s thermal=not_started imagery=not_started
[MONITOR] up=637686s window=10s thermal=not_started imagery=not_started
[MONITOR] up=637696s window=10s thermal=not_started imagery=not_started
[MONITOR] up=637706s window=10s thermal=not_started imagery=not_started
[MONITOR] up=637716s window=10s thermal=not_started imagery=not_started
[MONITOR] up=637726s window=10s thermal=not_started imagery=not_started
[MONITOR] up=637736s window=10s thermal=not_started imagery=not_started
[MONITOR] up=637746s window=10s thermal=not_started imagery=not_started
[MONITOR] up=637756s window=10s thermal=not_started imagery=not_started
[MONITOR] up=637766s window=10s thermal=not_started imagery=not_started
[MONITOR] up=637776s window=10s thermal=not_started imagery=not_started
[MONITOR] up=637786s window=10s thermal=not_started imagery=not_started
[MONITOR] up=637796s window=10s thermal=not_started imagery=not_started
[MONITOR] up=637806s window=10s thermal=not_started imagery=not_started
[MONITOR] up=637816s window=10s thermal=not_started imagery=not_started
[MONITOR] up=637826s window=10s thermal=not_started imagery=not_started
[MONITOR] up=637836s window=10s thermal=not_started imagery=not_started
[MONITOR] up=637846s window=10s thermal=not_started imagery=not_started
[MONITOR] up=637856s window=10s thermal=not_started imagery=not_started
[MONITOR] up=637866s window=10s thermal=not_started imagery=not_started
[MONITOR] up=637876s window=10s thermal=not_started imagery=not_started
[MONITOR] up=637886s window=10s thermal=not_started imagery=not_started
[MONITOR] up=637896s window=10s thermal=not_started imagery=not_started
[MONITOR] up=637906s window=10s thermal=not_started imagery=not_started
[MONITOR] up=637916s window=10s thermal=not_started imagery=not_started
[MONITOR] up=637926s window=10s thermal=not_started imagery=not_started
[MONITOR] up=637936s window=10s thermal=not_started imagery=not_started
[MONITOR] up=637946s window=10s thermal=not_started imagery=not_started
[MONITOR] up=637956s window=10s thermal=not_started imagery=not_started
[MONITOR] up=637966s window=10s thermal=not_started imagery=not_started
[MONITOR] up=637976s window=10s thermal=not_started imagery=not_started
[MONITOR] up=637986s window=10s thermal=not_started imagery=not_started
[MONITOR] up=637996s window=10s thermal=not_started imagery=not_started
[MONITOR] up=638006s window=10s thermal=not_started imagery=not_started
[MONITOR] up=638016s window=10s thermal=not_started imagery=not_started
[MONITOR] up=638026s window=10s thermal=not_started imagery=not_started
[MONITOR] up=638036s window=10s thermal=not_started imagery=not_started
[MONITOR] up=638046s window=10s thermal=not_started imagery=not_started
[MONITOR] up=638056s window=10s thermal=not_started imagery=not_started
[MONITOR] up=638066s window=10s thermal=not_started imagery=not_started
[MONITOR] up=638076s window=10s thermal=not_started imagery=not_started
[MONITOR] up=638086s window=10s thermal=not_started imagery=not_started
[MONITOR] up=638096s window=10s thermal=not_started imagery=not_started
[MONITOR] up=638106s window=10s thermal=not_started imagery=not_started
[MONITOR] up=638116s window=10s thermal=not_started imagery=not_started
[MONITOR] up=638126s window=10s thermal=not_started imagery=not_started
[MONITOR] up=638136s window=10s thermal=not_started imagery=not_started
[MONITOR] up=638146s window=10s thermal=not_started imagery=not_started
[MONITOR] up=638156s window=10s thermal=not_started imagery=not_started
[MONITOR] up=638166s window=10s thermal=not_started imagery=not_started
[MONITOR] up=638176s window=10s thermal=not_started imagery=not_started
[MONITOR] up=638186s window=10s thermal=not_started imagery=not_started
[MONITOR] up=638196s window=10s thermal=not_started imagery=not_started
[MONITOR] up=638206s window=10s thermal=not_started imagery=not_started
[MONITOR] up=638216s window=10s thermal=not_started imagery=not_started
[MONITOR] up=638226s window=10s thermal=not_started imagery=not_started
[MONITOR] up=638236s window=10s thermal=not_started imagery=not_started
[MONITOR] up=638246s window=10s thermal=not_started imagery=not_started
[MONITOR] up=638256s window=10s thermal=not_started imagery=not_started
[MONITOR] up=638266s window=10s thermal=not_started imagery=not_started
[MONITOR] up=638276s window=10s thermal=not_started imagery=not_started
[MONITOR] up=638286s window=10s thermal=not_started imagery=not_started
[MONITOR] up=638296s window=10s thermal=not_started imagery=not_started
[MONITOR] up=638306s window=10s thermal=not_started imagery=not_started
[MONITOR] up=638316s window=10s thermal=not_started imagery=not_started
[MONITOR] up=638326s window=10s thermal=not_started imagery=not_started
[MONITOR] up=638336s window=10s thermal=not_started imagery=not_started
[MONITOR] up=638346s window=10s thermal=not_started imagery=not_started
[MONITOR] up=638356s window=10s thermal=not_started imagery=not_started
[MONITOR] up=638366s window=10s thermal=not_started imagery=not_started
[MONITOR] up=638376s window=10s thermal=not_started imagery=not_started
[MONITOR] up=638386s window=10s thermal=not_started imagery=not_started
[MONITOR] up=638396s window=10s thermal=not_started imagery=not_started
[MONITOR] up=638406s window=10s thermal=not_started imagery=not_started
[MONITOR] up=638416s window=10s thermal=not_started imagery=not_started
[MONITOR] up=638426s window=10s thermal=not_started imagery=not_started
[MONITOR] up=638436s window=10s thermal=not_started imagery=not_started
[MONITOR] up=638446s window=10s thermal=not_started imagery=not_started
[MONITOR] up=638456s window=10s thermal=not_started imagery=not_started
[MONITOR] up=638466s window=10s thermal=not_started imagery=not_started
[MONITOR] up=638476s window=10s thermal=not_started imagery=not_started
[MONITOR] up=638486s window=10s thermal=not_started imagery=not_started
[MONITOR] up=638496s window=10s thermal=not_started imagery=not_started
[MONITOR] up=638506s window=10s thermal=not_started imagery=not_started
[MONITOR] up=638516s window=10s thermal=not_started imagery=not_started
[MONITOR] up=638526s window=10s thermal=not_started imagery=not_started
[MONITOR] up=638536s window=10s thermal=not_started imagery=not_started
[MONITOR] up=638546s window=10s thermal=not_started imagery=not_started
[MONITOR] up=638556s window=10s thermal=not_started imagery=not_started
[MONITOR] up=638566s window=10s thermal=not_started imagery=not_started
[MONITOR] up=638576s window=10s thermal=not_started imagery=not_started
[MONITOR] up=638586s window=10s thermal=not_started imagery=not_started
[MONITOR] up=638596s window=10s thermal=not_started imagery=not_started
[MONITOR] up=638606s window=10s thermal=not_started imagery=not_started
[MONITOR] up=638616s window=10s thermal=not_started imagery=not_started
[MONITOR] up=638626s window=10s thermal=not_started imagery=not_started
[MONITOR] up=638636s window=10s thermal=not_started imagery=not_started
[MONITOR] up=638646s window=10s thermal=not_started imagery=not_started
[MONITOR] up=638656s window=10s thermal=not_started imagery=not_started
[MONITOR] up=638666s window=10s thermal=not_started imagery=not_started
[MONITOR] up=638676s window=10s thermal=not_started imagery=not_started
[MONITOR] up=638686s window=10s thermal=not_started imagery=not_started
[MONITOR] up=638696s window=10s thermal=not_started imagery=not_started
[MONITOR] up=638706s window=10s thermal=not_started imagery=not_started
[MONITOR] up=638716s window=10s thermal=not_started imagery=not_started
[MONITOR] up=638726s window=10s thermal=not_started imagery=not_started
[MONITOR] up=638736s window=10s thermal=not_started imagery=not_started
[MONITOR] up=638746s window=10s thermal=not_started imagery=not_started
[MONITOR] up=638756s window=10s thermal=not_started imagery=not_started
[MONITOR] up=638766s window=10s thermal=not_started imagery=not_started
[MONITOR] up=638776s window=10s thermal=not_started imagery=not_started
[MONITOR] up=638786s window=10s thermal=not_started imagery=not_started
[MONITOR] up=638796s window=10s thermal=not_started imagery=not_started
[MONITOR] up=638806s window=10s thermal=not_started imagery=not_started
[MONITOR] up=638816s window=10s thermal=not_started imagery=not_started
[MONITOR] up=638826s window=10s thermal=not_started imagery=not_started
[MONITOR] up=638836s window=10s thermal=not_started imagery=not_started
[MONITOR] up=638846s window=10s thermal=not_started imagery=not_started
[MONITOR] up=638857s window=10s thermal=not_started imagery=not_started
[MONITOR] up=638867s window=10s thermal=not_started imagery=not_started
[MONITOR] up=638877s window=10s thermal=not_started imagery=not_started
[MONITOR] up=638887s window=10s thermal=not_started imagery=not_started
[MONITOR] up=638897s window=10s thermal=not_started imagery=not_started
[MONITOR] up=638907s window=10s thermal=not_started imagery=not_started
[MONITOR] up=638917s window=10s thermal=not_started imagery=not_started
[MONITOR] up=638927s window=10s thermal=not_started imagery=not_started
[MONITOR] up=638937s window=10s thermal=not_started imagery=not_started
[MONITOR] up=638947s window=10s thermal=not_started imagery=not_started
[MONITOR] up=638957s window=10s thermal=not_started imagery=not_started
[MONITOR] up=638967s window=10s thermal=not_started imagery=not_started
[MONITOR] up=638977s window=10s thermal=not_started imagery=not_started
[MONITOR] up=638987s window=10s thermal=not_started imagery=not_started
[MONITOR] up=638997s window=10s thermal=not_started imagery=not_started
[MONITOR] up=639007s window=10s thermal=not_started imagery=not_started
[MONITOR] up=639017s window=10s thermal=not_started imagery=not_started
[MONITOR] up=639027s window=10s thermal=not_started imagery=not_started
[MONITOR] up=639037s window=10s thermal=not_started imagery=not_started
[MONITOR] up=639047s window=10s thermal=not_started imagery=not_started
[MONITOR] up=639057s window=10s thermal=not_started imagery=not_started
[MONITOR] up=639067s window=10s thermal=not_started imagery=not_started
[MONITOR] up=639077s window=10s thermal=not_started imagery=not_started
[MONITOR] up=639087s window=10s thermal=not_started imagery=not_started
[MONITOR] up=639097s window=10s thermal=not_started imagery=not_started
[MONITOR] up=639107s window=10s thermal=not_started imagery=not_started
[MONITOR] up=639117s window=10s thermal=not_started imagery=not_started
[MONITOR] up=639127s window=10s thermal=not_started imagery=not_started
[MONITOR] up=639137s window=10s thermal=not_started imagery=not_started
[MONITOR] up=639147s window=10s thermal=not_started imagery=not_started
[MONITOR] up=639157s window=10s thermal=not_started imagery=not_started
[MONITOR] up=639167s window=10s thermal=not_started imagery=not_started
[MONITOR] up=639177s window=10s thermal=not_started imagery=not_started
[MONITOR] up=639187s window=10s thermal=not_started imagery=not_started
[MONITOR] up=639197s window=10s thermal=not_started imagery=not_started
[MONITOR] up=639207s window=10s thermal=not_started imagery=not_started
[MONITOR] up=639217s window=10s thermal=not_started imagery=not_started
[MONITOR] up=639227s window=10s thermal=not_started imagery=not_started
[MONITOR] up=639237s window=10s thermal=not_started imagery=not_started
[MONITOR] up=639247s window=10s thermal=not_started imagery=not_started
[MONITOR] up=639257s window=10s thermal=not_started imagery=not_started
[MONITOR] up=639267s window=10s thermal=not_started imagery=not_started
[MONITOR] up=639277s window=10s thermal=not_started imagery=not_started
[MONITOR] up=639287s window=10s thermal=not_started imagery=not_started
[MONITOR] up=639297s window=10s thermal=not_started imagery=not_started
[MONITOR] up=639307s window=10s thermal=not_started imagery=not_started
[MONITOR] up=639317s window=10s thermal=not_started imagery=not_started
[MONITOR] up=639327s window=10s thermal=not_started imagery=not_started
[MONITOR] up=639337s window=10s thermal=not_started imagery=not_started
[MONITOR] up=639347s window=10s thermal=not_started imagery=not_started
[MONITOR] up=639357s window=10s thermal=not_started imagery=not_started
[MONITOR] up=639367s window=10s thermal=not_started imagery=not_started
[MONITOR] up=639377s window=10s thermal=not_started imagery=not_started
[MONITOR] up=639387s window=10s thermal=not_started imagery=not_started
[MONITOR] up=639397s window=10s thermal=not_started imagery=not_started
[MONITOR] up=639407s window=10s thermal=not_started imagery=not_started
[MONITOR] up=639417s window=10s thermal=not_started imagery=not_started
[MONITOR] up=639427s window=10s thermal=not_started imagery=not_started
[MONITOR] up=639437s window=10s thermal=not_started imagery=not_started
[MONITOR] up=639447s window=10s thermal=not_started imagery=not_started
[MONITOR] up=639457s window=10s thermal=not_started imagery=not_started
[MONITOR] up=639467s window=10s thermal=not_started imagery=not_started
[MONITOR] up=639477s window=10s thermal=not_started imagery=not_started
[MONITOR] up=639487s window=10s thermal=not_started imagery=not_started
[MONITOR] up=639497s window=10s thermal=not_started imagery=not_started
[MONITOR] up=639507s window=10s thermal=not_started imagery=not_started
[MONITOR] up=639517s window=10s thermal=not_started imagery=not_started
[MONITOR] up=639527s window=10s thermal=not_started imagery=not_started
[MONITOR] up=639537s window=10s thermal=not_started imagery=not_started
[MONITOR] up=639547s window=10s thermal=not_started imagery=not_started
[MONITOR] up=639557s window=10s thermal=not_started imagery=not_started
[MONITOR] up=639567s window=10s thermal=not_started imagery=not_started
[MONITOR] up=639577s window=10s thermal=not_started imagery=not_started
[MONITOR] up=639587s window=10s thermal=not_started imagery=not_started
[MONITOR] up=639597s window=10s thermal=not_started imagery=not_started
[MONITOR] up=639607s window=10s thermal=not_started imagery=not_started
[MONITOR] up=639617s window=10s thermal=not_started imagery=not_started
[MONITOR] up=639627s window=10s thermal=not_started imagery=not_started
[MONITOR] up=639637s window=10s thermal=not_started imagery=not_started
[MONITOR] up=639647s window=10s thermal=not_started imagery=not_started
[MONITOR] up=639657s window=10s thermal=not_started imagery=not_started
[MONITOR] up=639667s window=10s thermal=not_started imagery=not_started
[MONITOR] up=639677s window=10s thermal=not_started imagery=not_started
[MONITOR] up=639687s window=10s thermal=not_started imagery=not_started
[MONITOR] up=639697s window=10s thermal=not_started imagery=not_started
[MONITOR] up=639707s window=10s thermal=not_started imagery=not_started
[MONITOR] up=639717s window=10s thermal=not_started imagery=not_started
[MONITOR] up=639727s window=10s thermal=not_started imagery=not_started
[MONITOR] up=639737s window=10s thermal=not_started imagery=not_started
[MONITOR] up=639747s window=10s thermal=not_started imagery=not_started
[MONITOR] up=639757s window=10s thermal=not_started imagery=not_started
[MONITOR] up=639767s window=10s thermal=not_started imagery=not_started
[MONITOR] up=639777s window=10s thermal=not_started imagery=not_started
[MONITOR] up=639787s window=10s thermal=not_started imagery=not_started
[MONITOR] up=639797s window=10s thermal=not_started imagery=not_started
[MONITOR] up=639807s window=10s thermal=not_started imagery=not_started
[MONITOR] up=639817s window=10s thermal=not_started imagery=not_started
[MONITOR] up=639827s window=10s thermal=not_started imagery=not_started
[MONITOR] up=639837s window=10s thermal=not_started imagery=not_started
[MONITOR] up=639847s window=10s thermal=not_started imagery=not_started
[MONITOR] up=639857s window=10s thermal=not_started imagery=not_started
[MONITOR] up=639867s window=10s thermal=not_started imagery=not_started
[MONITOR] up=639877s window=10s thermal=not_started imagery=not_started
[MONITOR] up=639887s window=10s thermal=not_started imagery=not_started
[MONITOR] up=639897s window=10s thermal=not_started imagery=not_started
[MONITOR] up=639907s window=10s thermal=not_started imagery=not_started
[MONITOR] up=639917s window=10s thermal=not_started imagery=not_started
[MONITOR] up=639927s window=10s thermal=not_started imagery=not_started
[MONITOR] up=639937s window=10s thermal=not_started imagery=not_started
[MONITOR] up=639947s window=10s thermal=not_started imagery=not_started
[MONITOR] up=639957s window=10s thermal=not_started imagery=not_started
[MONITOR] up=639967s window=10s thermal=not_started imagery=not_started
[MONITOR] up=639977s window=10s thermal=not_started imagery=not_started
[MONITOR] up=639987s window=10s thermal=not_started imagery=not_started
[MONITOR] up=639997s window=10s thermal=not_started imagery=not_started
[MONITOR] up=640007s window=10s thermal=not_started imagery=not_started
[MONITOR] up=640017s window=10s thermal=not_started imagery=not_started
[MONITOR] up=640027s window=10s thermal=not_started imagery=not_started
[MONITOR] up=640037s window=10s thermal=not_started imagery=not_started
[MONITOR] up=640047s window=10s thermal=not_started imagery=not_started
[MONITOR] up=640057s window=10s thermal=not_started imagery=not_started
[MONITOR] up=640067s window=10s thermal=not_started imagery=not_started
[MONITOR] up=640077s window=10s thermal=not_started imagery=not_started
[MONITOR] up=640087s window=10s thermal=not_started imagery=not_started
[MONITOR] up=640097s window=10s thermal=not_started imagery=not_started
[MONITOR] up=640107s window=10s thermal=not_started imagery=not_started
[MONITOR] up=640117s window=10s thermal=not_started imagery=not_started
[MONITOR] up=640127s window=10s thermal=not_started imagery=not_started
[MONITOR] up=640137s window=10s thermal=not_started imagery=not_started
[MONITOR] up=640147s window=10s thermal=not_started imagery=not_started
[MONITOR] up=640157s window=10s thermal=not_started imagery=not_started
[MONITOR] up=640167s window=10s thermal=not_started imagery=not_started
[MONITOR] up=640177s window=10s thermal=not_started imagery=not_started
[MONITOR] up=640187s window=10s thermal=not_started imagery=not_started
[MONITOR] up=640197s window=10s thermal=not_started imagery=not_started
[MONITOR] up=640207s window=10s thermal=not_started imagery=not_started
[MONITOR] up=640217s window=10s thermal=not_started imagery=not_started
[MONITOR] up=640227s window=10s thermal=not_started imagery=not_started
[MONITOR] up=640237s window=10s thermal=not_started imagery=not_started
[MONITOR] up=640247s window=10s thermal=not_started imagery=not_started
[MONITOR] up=640257s window=10s thermal=not_started imagery=not_started
[MONITOR] up=640267s window=10s thermal=not_started imagery=not_started
[MONITOR] up=640277s window=10s thermal=not_started imagery=not_started
[MONITOR] up=640287s window=10s thermal=not_started imagery=not_started
[MONITOR] up=640297s window=10s thermal=not_started imagery=not_started
[MONITOR] up=640307s window=10s thermal=not_started imagery=not_started
[MONITOR] up=640317s window=10s thermal=not_started imagery=not_started
[MONITOR] up=640327s window=10s thermal=not_started imagery=not_started
[MONITOR] up=640337s window=10s thermal=not_started imagery=not_started
[MONITOR] up=640347s window=10s thermal=not_started imagery=not_started
[MONITOR] up=640357s window=10s thermal=not_started imagery=not_started
[MONITOR] up=640367s window=10s thermal=not_started imagery=not_started
[MONITOR] up=640377s window=10s thermal=not_started imagery=not_started
[MONITOR] up=640387s window=10s thermal=not_started imagery=not_started
[MONITOR] up=640397s window=10s thermal=not_started imagery=not_started
[MONITOR] up=640407s window=10s thermal=not_started imagery=not_started
[MONITOR] up=640417s window=10s thermal=not_started imagery=not_started
[MONITOR] up=640427s window=10s thermal=not_started imagery=not_started
[MONITOR] up=640437s window=10s thermal=not_started imagery=not_started
[MONITOR] up=640447s window=10s thermal=not_started imagery=not_started
[MONITOR] up=640457s window=10s thermal=not_started imagery=not_started
[MONITOR] up=640467s window=10s thermal=not_started imagery=not_started
[MONITOR] up=640477s window=10s thermal=not_started imagery=not_started
[MONITOR] up=640487s window=10s thermal=not_started imagery=not_started
[MONITOR] up=640497s window=10s thermal=not_started imagery=not_started
[MONITOR] up=640507s window=10s thermal=not_started imagery=not_started
[MONITOR] up=640517s window=10s thermal=not_started imagery=not_started
[MONITOR] up=640527s window=10s thermal=not_started imagery=not_started
[MONITOR] up=640537s window=10s thermal=not_started imagery=not_started
[MONITOR] up=640547s window=10s thermal=not_started imagery=not_started
[MONITOR] up=640557s window=10s thermal=not_started imagery=not_started
[MONITOR] up=640567s window=10s thermal=not_started imagery=not_started
[MONITOR] up=640577s window=10s thermal=not_started imagery=not_started
[MONITOR] up=640587s window=10s thermal=not_started imagery=not_started
[MONITOR] up=640597s window=10s thermal=not_started imagery=not_started
[MONITOR] up=640607s window=10s thermal=not_started imagery=not_started
[MONITOR] up=640617s window=10s thermal=not_started imagery=not_started
[MONITOR] up=640627s window=10s thermal=not_started imagery=not_started
[MONITOR] up=640637s window=10s thermal=not_started imagery=not_started
[MONITOR] up=640647s window=10s thermal=not_started imagery=not_started
[MONITOR] up=640657s window=10s thermal=not_started imagery=not_started
[MONITOR] up=640667s window=10s thermal=not_started imagery=not_started
[MONITOR] up=640677s window=10s thermal=not_started imagery=not_started
[MONITOR] up=640687s window=10s thermal=not_started imagery=not_started
[MONITOR] up=640697s window=10s thermal=not_started imagery=not_started
[MONITOR] up=640707s window=10s thermal=not_started imagery=not_started
[MONITOR] up=640717s window=10s thermal=not_started imagery=not_started
[MONITOR] up=640727s window=10s thermal=not_started imagery=not_started
[MONITOR] up=640737s window=10s thermal=not_started imagery=not_started
[MONITOR] up=640747s window=10s thermal=not_started imagery=not_started
[MONITOR] up=640757s window=10s thermal=not_started imagery=not_started
[MONITOR] up=640767s window=10s thermal=not_started imagery=not_started
[MONITOR] up=640777s window=10s thermal=not_started imagery=not_started
[MONITOR] up=640787s window=10s thermal=not_started imagery=not_started
[MONITOR] up=640797s window=10s thermal=not_started imagery=not_started
[MONITOR] up=640807s window=10s thermal=not_started imagery=not_started
[MONITOR] up=640817s window=10s thermal=not_started imagery=not_started
[MONITOR] up=640827s window=10s thermal=not_started imagery=not_started
[MONITOR] up=640837s window=10s thermal=not_started imagery=not_started
[MONITOR] up=640847s window=10s thermal=not_started imagery=not_started
[MONITOR] up=640857s window=10s thermal=not_started imagery=not_started
[MONITOR] up=640867s window=10s thermal=not_started imagery=not_started
[MONITOR] up=640877s window=10s thermal=not_started imagery=not_started
[MONITOR] up=640887s window=10s thermal=not_started imagery=not_started
[MONITOR] up=640897s window=10s thermal=not_started imagery=not_started
[MONITOR] up=640907s window=10s thermal=not_started imagery=not_started
[MONITOR] up=640917s window=10s thermal=not_started imagery=not_started
[MONITOR] up=640927s window=10s thermal=not_started imagery=not_started
[MONITOR] up=640937s window=10s thermal=not_started imagery=not_started
[MONITOR] up=640947s window=10s thermal=not_started imagery=not_started
[MONITOR] up=640957s window=10s thermal=not_started imagery=not_started
[MONITOR] up=640967s window=10s thermal=not_started imagery=not_started
[MONITOR] up=640977s window=10s thermal=not_started imagery=not_started
[MONITOR] up=640987s window=10s thermal=not_started imagery=not_started
[MONITOR] up=640997s window=10s thermal=not_started imagery=not_started
[MONITOR] up=641007s window=10s thermal=not_started imagery=not_started
[MONITOR] up=641017s window=10s thermal=not_started imagery=not_started
[MONITOR] up=641027s window=10s thermal=not_started imagery=not_started
[MONITOR] up=641037s window=10s thermal=not_started imagery=not_started
[MONITOR] up=641047s window=10s thermal=not_started imagery=not_started
[MONITOR] up=641057s window=10s thermal=not_started imagery=not_started
[MONITOR] up=641067s window=10s thermal=not_started imagery=not_started
[MONITOR] up=641077s window=10s thermal=not_started imagery=not_started
[MONITOR] up=641087s window=10s thermal=not_started imagery=not_started
[MONITOR] up=641097s window=10s thermal=not_started imagery=not_started
[MONITOR] up=641107s window=10s thermal=not_started imagery=not_started
[MONITOR] up=641117s window=10s thermal=not_started imagery=not_started
[MONITOR] up=641127s window=10s thermal=not_started imagery=not_started
[MONITOR] up=641137s window=10s thermal=not_started imagery=not_started
[MONITOR] up=641147s window=10s thermal=not_started imagery=not_started
[MONITOR] up=641157s window=10s thermal=not_started imagery=not_started
[MONITOR] up=641167s window=10s thermal=not_started imagery=not_started
[MONITOR] up=641177s window=10s thermal=not_started imagery=not_started
[MONITOR] up=641187s window=10s thermal=not_started imagery=not_started
[MONITOR] up=641197s window=10s thermal=not_started imagery=not_started
[MONITOR] up=641207s window=10s thermal=not_started imagery=not_started
[MONITOR] up=641217s window=10s thermal=not_started imagery=not_started
[MONITOR] up=641227s window=10s thermal=not_started imagery=not_started
[MONITOR] up=641237s window=10s thermal=not_started imagery=not_started
[MONITOR] up=641247s window=10s thermal=not_started imagery=not_started
[MONITOR] up=641257s window=10s thermal=not_started imagery=not_started
[MONITOR] up=641267s window=10s thermal=not_started imagery=not_started
[MONITOR] up=641277s window=10s thermal=not_started imagery=not_started
[MONITOR] up=641287s window=10s thermal=not_started imagery=not_started
[MONITOR] up=641297s window=10s thermal=not_started imagery=not_started
[MONITOR] up=641307s window=10s thermal=not_started imagery=not_started
[MONITOR] up=641317s window=10s thermal=not_started imagery=not_started
[MONITOR] up=641327s window=10s thermal=not_started imagery=not_started
[MONITOR] up=641337s window=10s thermal=not_started imagery=not_started
[MONITOR] up=641347s window=10s thermal=not_started imagery=not_started
[MONITOR] up=641357s window=10s thermal=not_started imagery=not_started
[MONITOR] up=641367s window=10s thermal=not_started imagery=not_started
[MONITOR] up=641377s window=10s thermal=not_started imagery=not_started
[MONITOR] up=641387s window=10s thermal=not_started imagery=not_started
[MONITOR] up=641397s window=10s thermal=not_started imagery=not_started
[MONITOR] up=641407s window=10s thermal=not_started imagery=not_started
[MONITOR] up=641417s window=10s thermal=not_started imagery=not_started
[MONITOR] up=641427s window=10s thermal=not_started imagery=not_started
[MONITOR] up=641437s window=10s thermal=not_started imagery=not_started
[MONITOR] up=641447s window=10s thermal=not_started imagery=not_started
[MONITOR] up=641457s window=10s thermal=not_started imagery=not_started
[MONITOR] up=641467s window=10s thermal=not_started imagery=not_started
[MONITOR] up=641477s window=10s thermal=not_started imagery=not_started
[MONITOR] up=641487s window=10s thermal=not_started imagery=not_started
[MONITOR] up=641497s window=10s thermal=not_started imagery=not_started
[MONITOR] up=641507s window=10s thermal=not_started imagery=not_started
[MONITOR] up=641517s window=10s thermal=not_started imagery=not_started
[MONITOR] up=641527s window=10s thermal=not_started imagery=not_started
[MONITOR] up=641537s window=10s thermal=not_started imagery=not_started
[MONITOR] up=641547s window=10s thermal=not_started imagery=not_started
[MONITOR] up=641557s window=10s thermal=not_started imagery=not_started
[MONITOR] up=641567s window=10s thermal=not_started imagery=not_started
[MONITOR] up=641577s window=10s thermal=not_started imagery=not_started
[MONITOR] up=641587s window=10s thermal=not_started imagery=not_started
[MONITOR] up=641597s window=10s thermal=not_started imagery=not_started
[MONITOR] up=641607s window=10s thermal=not_started imagery=not_started
[MONITOR] up=641617s window=10s thermal=not_started imagery=not_started
[MONITOR] up=641627s window=10s thermal=not_started imagery=not_started
[MONITOR] up=641637s window=10s thermal=not_started imagery=not_started
[MONITOR] up=641647s window=10s thermal=not_started imagery=not_started
[MONITOR] up=641657s window=10s thermal=not_started imagery=not_started
[MONITOR] up=641667s window=10s thermal=not_started imagery=not_started
[MONITOR] up=641677s window=10s thermal=not_started imagery=not_started
[MONITOR] up=641687s window=10s thermal=not_started imagery=not_started
[MONITOR] up=641697s window=10s thermal=not_started imagery=not_started
[MONITOR] up=641707s window=10s thermal=not_started imagery=not_started
[MONITOR] up=641717s window=10s thermal=not_started imagery=not_started
[MONITOR] up=641727s window=10s thermal=not_started imagery=not_started
[MONITOR] up=641737s window=10s thermal=not_started imagery=not_started
[MONITOR] up=641747s window=10s thermal=not_started imagery=not_started
[MONITOR] up=641757s window=10s thermal=not_started imagery=not_started
[MONITOR] up=641767s window=10s thermal=not_started imagery=not_started
[MONITOR] up=641777s window=10s thermal=not_started imagery=not_started
[MONITOR] up=641787s window=10s thermal=not_started imagery=not_started
[MONITOR] up=641797s window=10s thermal=not_started imagery=not_started
[MONITOR] up=641807s window=10s thermal=not_started imagery=not_started
[MONITOR] up=641817s window=10s thermal=not_started imagery=not_started
[MONITOR] up=641827s window=10s thermal=not_started imagery=not_started
[MONITOR] up=641837s window=10s thermal=not_started imagery=not_started
[MONITOR] up=641847s window=10s thermal=not_started imagery=not_started
[MONITOR] up=641857s window=10s thermal=not_started imagery=not_started
[MONITOR] up=641867s window=10s thermal=not_started imagery=not_started
[MONITOR] up=641877s window=10s thermal=not_started imagery=not_started
[MONITOR] up=641887s window=10s thermal=not_started imagery=not_started
[MONITOR] up=641897s window=10s thermal=not_started imagery=not_started
[MONITOR] up=641907s window=10s thermal=not_started imagery=not_started
[MONITOR] up=641917s window=10s thermal=not_started imagery=not_started
[MONITOR] up=641927s window=10s thermal=not_started imagery=not_started
[MONITOR] up=641937s window=10s thermal=not_started imagery=not_started
[MONITOR] up=641947s window=10s thermal=not_started imagery=not_started
[MONITOR] up=641957s window=10s thermal=not_started imagery=not_started
[MONITOR] up=641967s window=10s thermal=not_started imagery=not_started
[MONITOR] up=641977s window=10s thermal=not_started imagery=not_started
[MONITOR] up=641987s window=10s thermal=not_started imagery=not_started
[MONITOR] up=641997s window=10s thermal=not_started imagery=not_started
[MONITOR] up=642007s window=10s thermal=not_started imagery=not_started
[MONITOR] up=642017s window=10s thermal=not_started imagery=not_started
[MONITOR] up=642027s window=10s thermal=not_started imagery=not_started
[MONITOR] up=642037s window=10s thermal=not_started imagery=not_started
[MONITOR] up=642047s window=10s thermal=not_started imagery=not_started
[MONITOR] up=642057s window=10s thermal=not_started imagery=not_started
[MONITOR] up=642067s window=10s thermal=not_started imagery=not_started
[MONITOR] up=642077s window=10s thermal=not_started imagery=not_started
[MONITOR] up=642087s window=10s thermal=not_started imagery=not_started
[MONITOR] up=642097s window=10s thermal=not_started imagery=not_started
[MONITOR] up=642107s window=10s thermal=not_started imagery=not_started
[MONITOR] up=642117s window=10s thermal=not_started imagery=not_started
[MONITOR] up=642127s window=10s thermal=not_started imagery=not_started
[MONITOR] up=642137s window=10s thermal=not_started imagery=not_started
[MONITOR] up=642147s window=10s thermal=not_started imagery=not_started
[MONITOR] up=642157s window=10s thermal=not_started imagery=not_started
[MONITOR] up=642167s window=10s thermal=not_started imagery=not_started
[MONITOR] up=642177s window=10s thermal=not_started imagery=not_started
[MONITOR] up=642187s window=10s thermal=not_started imagery=not_started
[MONITOR] up=642197s window=10s thermal=not_started imagery=not_started
[MONITOR] up=642207s window=10s thermal=not_started imagery=not_started
[MONITOR] up=642217s window=10s thermal=not_started imagery=not_started
[MONITOR] up=642227s window=10s thermal=not_started imagery=not_started
[MONITOR] up=642237s window=10s thermal=not_started imagery=not_started
[MONITOR] up=642247s window=10s thermal=not_started imagery=not_started
[MONITOR] up=642257s window=10s thermal=not_started imagery=not_started
[MONITOR] up=642267s window=10s thermal=not_started imagery=not_started
[MONITOR] up=642277s window=10s thermal=not_started imagery=not_started
[MONITOR] up=642287s window=10s thermal=not_started imagery=not_started
[MONITOR] up=642297s window=10s thermal=not_started imagery=not_started
[MONITOR] up=642307s window=10s thermal=not_started imagery=not_started
[MONITOR] up=642317s window=10s thermal=not_started imagery=not_started
[MONITOR] up=642327s window=10s thermal=not_started imagery=not_started
[MONITOR] up=642337s window=10s thermal=not_started imagery=not_started
[MONITOR] up=642347s window=10s thermal=not_started imagery=not_started
[MONITOR] up=642357s window=10s thermal=not_started imagery=not_started
[MONITOR] up=642367s window=10s thermal=not_started imagery=not_started
[MONITOR] up=642377s window=10s thermal=not_started imagery=not_started
[MONITOR] up=642387s window=10s thermal=not_started imagery=not_started
[MONITOR] up=642397s window=10s thermal=not_started imagery=not_started
[MONITOR] up=642407s window=10s thermal=not_started imagery=not_started
[MONITOR] up=642417s window=10s thermal=not_started imagery=not_started
[MONITOR] up=642427s window=10s thermal=not_started imagery=not_started
[MONITOR] up=642437s window=10s thermal=not_started imagery=not_started
[MONITOR] up=642447s window=10s thermal=not_started imagery=not_started
[MONITOR] up=642457s window=10s thermal=not_started imagery=not_started
[MONITOR] up=642467s window=10s thermal=not_started imagery=not_started
[MONITOR] up=642477s window=10s thermal=not_started imagery=not_started
[MONITOR] up=642487s window=10s thermal=not_started imagery=not_started
[MONITOR] up=642498s window=10s thermal=not_started imagery=not_started
[MONITOR] up=642508s window=10s thermal=not_started imagery=not_started
[MONITOR] up=642518s window=10s thermal=not_started imagery=not_started
[MONITOR] up=642528s window=10s thermal=not_started imagery=not_started
[MONITOR] up=642538s window=10s thermal=not_started imagery=not_started
[MONITOR] up=642548s window=10s thermal=not_started imagery=not_started
[MONITOR] up=642558s window=10s thermal=not_started imagery=not_started
[MONITOR] up=642568s window=10s thermal=not_started imagery=not_started
[MONITOR] up=642578s window=10s thermal=not_started imagery=not_started
[MONITOR] up=642588s window=10s thermal=not_started imagery=not_started
[MONITOR] up=642598s window=10s thermal=not_started imagery=not_started
[MONITOR] up=642608s window=10s thermal=not_started imagery=not_started
[MONITOR] up=642618s window=10s thermal=not_started imagery=not_started
[MONITOR] up=642628s window=10s thermal=not_started imagery=not_started
[MONITOR] up=642638s window=10s thermal=not_started imagery=not_started
[MONITOR] up=642648s window=10s thermal=not_started imagery=not_started
[MONITOR] up=642658s window=10s thermal=not_started imagery=not_started
[MONITOR] up=642668s window=10s thermal=not_started imagery=not_started
[MONITOR] up=642678s window=10s thermal=not_started imagery=not_started
[MONITOR] up=642688s window=10s thermal=not_started imagery=not_started
[MONITOR] up=642698s window=10s thermal=not_started imagery=not_started
[MONITOR] up=642708s window=10s thermal=not_started imagery=not_started
[MONITOR] up=642718s window=10s thermal=not_started imagery=not_started
[MONITOR] up=642728s window=10s thermal=not_started imagery=not_started
[MONITOR] up=642738s window=10s thermal=not_started imagery=not_started
[MONITOR] up=642748s window=10s thermal=not_started imagery=not_started
[MONITOR] up=642758s window=10s thermal=not_started imagery=not_started
[MONITOR] up=642768s window=10s thermal=not_started imagery=not_started
[MONITOR] up=642778s window=10s thermal=not_started imagery=not_started
[MONITOR] up=642788s window=10s thermal=not_started imagery=not_started
[MONITOR] up=642798s window=10s thermal=not_started imagery=not_started
[MONITOR] up=642808s window=10s thermal=not_started imagery=not_started
[MONITOR] up=642818s window=10s thermal=not_started imagery=not_started
[MONITOR] up=642828s window=10s thermal=not_started imagery=not_started
[MONITOR] up=642838s window=10s thermal=not_started imagery=not_started
[MONITOR] up=642848s window=10s thermal=not_started imagery=not_started
[MONITOR] up=642858s window=10s thermal=not_started imagery=not_started
[MONITOR] up=642868s window=10s thermal=not_started imagery=not_started
[MONITOR] up=642878s window=10s thermal=not_started imagery=not_started
[MONITOR] up=642888s window=10s thermal=not_started imagery=not_started
[MONITOR] up=642898s window=10s thermal=not_started imagery=not_started
[MONITOR] up=642908s window=10s thermal=not_started imagery=not_started
[MONITOR] up=642918s window=10s thermal=not_started imagery=not_started
[MONITOR] up=642928s window=10s thermal=not_started imagery=not_started
[MONITOR] up=642938s window=10s thermal=not_started imagery=not_started
[MONITOR] up=642948s window=10s thermal=not_started imagery=not_started
[MONITOR] up=642958s window=10s thermal=not_started imagery=not_started
[MONITOR] up=642968s window=10s thermal=not_started imagery=not_started
[MONITOR] up=642978s window=10s thermal=not_started imagery=not_started
[MONITOR] up=642988s window=10s thermal=not_started imagery=not_started
[MONITOR] up=642998s window=10s thermal=not_started imagery=not_started
[MONITOR] up=643008s window=10s thermal=not_started imagery=not_started
[MONITOR] up=643018s window=10s thermal=not_started imagery=not_started
[MONITOR] up=643028s window=10s thermal=not_started imagery=not_started
[MONITOR] up=643038s window=10s thermal=not_started imagery=not_started
[MONITOR] up=643048s window=10s thermal=not_started imagery=not_started
[MONITOR] up=643058s window=10s thermal=not_started imagery=not_started
[MONITOR] up=643068s window=10s thermal=not_started imagery=not_started
[MONITOR] up=643078s window=10s thermal=not_started imagery=not_started
[MONITOR] up=643088s window=10s thermal=not_started imagery=not_started
[MONITOR] up=643098s window=10s thermal=not_started imagery=not_started
[MONITOR] up=643108s window=10s thermal=not_started imagery=not_started
[MONITOR] up=643118s window=10s thermal=not_started imagery=not_started
[MONITOR] up=643128s window=10s thermal=not_started imagery=not_started
[MONITOR] up=643138s window=10s thermal=not_started imagery=not_started
[MONITOR] up=643148s window=10s thermal=not_started imagery=not_started
[MONITOR] up=643158s window=10s thermal=not_started imagery=not_started
[MONITOR] up=643168s window=10s thermal=not_started imagery=not_started
[MONITOR] up=643178s window=10s thermal=not_started imagery=not_started
[MONITOR] up=643188s window=10s thermal=not_started imagery=not_started
[MONITOR] up=643198s window=10s thermal=not_started imagery=not_started
[MONITOR] up=643208s window=10s thermal=not_started imagery=not_started
[MONITOR] up=643218s window=10s thermal=not_started imagery=not_started
[MONITOR] up=643228s window=10s thermal=not_started imagery=not_started
[MONITOR] up=643238s window=10s thermal=not_started imagery=not_started
[MONITOR] up=643248s window=10s thermal=not_started imagery=not_started
[MONITOR] up=643258s window=10s thermal=not_started imagery=not_started
[MONITOR] up=643268s window=10s thermal=not_started imagery=not_started
[MONITOR] up=643278s window=10s thermal=not_started imagery=not_started
[MONITOR] up=643288s window=10s thermal=not_started imagery=not_started
[MONITOR] up=643298s window=10s thermal=not_started imagery=not_started
[MONITOR] up=643308s window=10s thermal=not_started imagery=not_started
[MONITOR] up=643318s window=10s thermal=not_started imagery=not_started
[MONITOR] up=643328s window=10s thermal=not_started imagery=not_started
[MONITOR] up=643338s window=10s thermal=not_started imagery=not_started
[MONITOR] up=643348s window=10s thermal=not_started imagery=not_started
[MONITOR] up=643358s window=10s thermal=not_started imagery=not_started
[MONITOR] up=643368s window=10s thermal=not_started imagery=not_started
[MONITOR] up=643378s window=10s thermal=not_started imagery=not_started
[MONITOR] up=643388s window=10s thermal=not_started imagery=not_started
[MONITOR] up=643398s window=10s thermal=not_started imagery=not_started
[MONITOR] up=643408s window=10s thermal=not_started imagery=not_started
[MONITOR] up=643418s window=10s thermal=not_started imagery=not_started
[MONITOR] up=643428s window=10s thermal=not_started imagery=not_started
[MONITOR] up=643438s window=10s thermal=not_started imagery=not_started
[MONITOR] up=643448s window=10s thermal=not_started imagery=not_started
[MONITOR] up=643458s window=10s thermal=not_started imagery=not_started
[MONITOR] up=643468s window=10s thermal=not_started imagery=not_started
[MONITOR] up=643478s window=10s thermal=not_started imagery=not_started
[MONITOR] up=643488s window=10s thermal=not_started imagery=not_started
[MONITOR] up=643498s window=10s thermal=not_started imagery=not_started
[MONITOR] up=643508s window=10s thermal=not_started imagery=not_started
[MONITOR] up=643518s window=10s thermal=not_started imagery=not_started
[MONITOR] up=643528s window=10s thermal=not_started imagery=not_started
[MONITOR] up=643538s window=10s thermal=not_started imagery=not_started
[MONITOR] up=643548s window=10s thermal=not_started imagery=not_started
[MONITOR] up=643558s window=10s thermal=not_started imagery=not_started
[MONITOR] up=643568s window=10s thermal=not_started imagery=not_started
[MONITOR] up=643578s window=10s thermal=not_started imagery=not_started
[MONITOR] up=643588s window=10s thermal=not_started imagery=not_started
[MONITOR] up=643598s window=10s thermal=not_started imagery=not_started
[MONITOR] up=643608s window=10s thermal=not_started imagery=not_started
[MONITOR] up=643618s window=10s thermal=not_started imagery=not_started
[MONITOR] up=643628s window=10s thermal=not_started imagery=not_started
[MONITOR] up=643638s window=10s thermal=not_started imagery=not_started
[MONITOR] up=643648s window=10s thermal=not_started imagery=not_started
[MONITOR] up=643658s window=10s thermal=not_started imagery=not_started
[MONITOR] up=643668s window=10s thermal=not_started imagery=not_started
[MONITOR] up=643678s window=10s thermal=not_started imagery=not_started
[MONITOR] up=643688s window=10s thermal=not_started imagery=not_started
[MONITOR] up=643698s window=10s thermal=not_started imagery=not_started
[MONITOR] up=643708s window=10s thermal=not_started imagery=not_started
[MONITOR] up=643718s window=10s thermal=not_started imagery=not_started
[MONITOR] up=643728s window=10s thermal=not_started imagery=not_started
[MONITOR] up=643738s window=10s thermal=not_started imagery=not_started
[MONITOR] up=643748s window=10s thermal=not_started imagery=not_started
[MONITOR] up=643758s window=10s thermal=not_started imagery=not_started
[MONITOR] up=643768s window=10s thermal=not_started imagery=not_started
[MONITOR] up=643778s window=10s thermal=not_started imagery=not_started
[MONITOR] up=643788s window=10s thermal=not_started imagery=not_started
[MONITOR] up=643798s window=10s thermal=not_started imagery=not_started
[MONITOR] up=643808s window=10s thermal=not_started imagery=not_started
[MONITOR] up=643818s window=10s thermal=not_started imagery=not_started
[MONITOR] up=643828s window=10s thermal=not_started imagery=not_started
[MONITOR] up=643838s window=10s thermal=not_started imagery=not_started
[MONITOR] up=643848s window=10s thermal=not_started imagery=not_started
[MONITOR] up=643858s window=10s thermal=not_started imagery=not_started
[MONITOR] up=643868s window=10s thermal=not_started imagery=not_started
[MONITOR] up=643878s window=10s thermal=not_started imagery=not_started
[MONITOR] up=643888s window=10s thermal=not_started imagery=not_started
[MONITOR] up=643898s window=10s thermal=not_started imagery=not_started
[MONITOR] up=643908s window=10s thermal=not_started imagery=not_started
[MONITOR] up=643918s window=10s thermal=not_started imagery=not_started
[MONITOR] up=643928s window=10s thermal=not_started imagery=not_started
[MONITOR] up=643938s window=10s thermal=not_started imagery=not_started
[MONITOR] up=643948s window=10s thermal=not_started imagery=not_started
[MONITOR] up=643958s window=10s thermal=not_started imagery=not_started
[MONITOR] up=643968s window=10s thermal=not_started imagery=not_started
[MONITOR] up=643978s window=10s thermal=not_started imagery=not_started
[MONITOR] up=643988s window=10s thermal=not_started imagery=not_started
[MONITOR] up=643998s window=10s thermal=not_started imagery=not_started
[MONITOR] up=644008s window=10s thermal=not_started imagery=not_started
[MONITOR] up=644018s window=10s thermal=not_started imagery=not_started
[MONITOR] up=644028s window=10s thermal=not_started imagery=not_started
[MONITOR] up=644038s window=10s thermal=not_started imagery=not_started
[MONITOR] up=644048s window=10s thermal=not_started imagery=not_started
[MONITOR] up=644058s window=10s thermal=not_started imagery=not_started
[MONITOR] up=644068s window=10s thermal=not_started imagery=not_started
[MONITOR] up=644078s window=10s thermal=not_started imagery=not_started
[MONITOR] up=644088s window=10s thermal=not_started imagery=not_started
[MONITOR] up=644098s window=10s thermal=not_started imagery=not_started
[MONITOR] up=644108s window=10s thermal=not_started imagery=not_started
[MONITOR] up=644118s window=10s thermal=not_started imagery=not_started
[MONITOR] up=644128s window=10s thermal=not_started imagery=not_started
[MONITOR] up=644138s window=10s thermal=not_started imagery=not_started
[MONITOR] up=644148s window=10s thermal=not_started imagery=not_started
[MONITOR] up=644158s window=10s thermal=not_started imagery=not_started
[MONITOR] up=644168s window=10s thermal=not_started imagery=not_started
[MONITOR] up=644178s window=10s thermal=not_started imagery=not_started
[MONITOR] up=644188s window=10s thermal=not_started imagery=not_started
[MONITOR] up=644198s window=10s thermal=not_started imagery=not_started
[MONITOR] up=644208s window=10s thermal=not_started imagery=not_started
[MONITOR] up=644218s window=10s thermal=not_started imagery=not_started
[MONITOR] up=644228s window=10s thermal=not_started imagery=not_started
[MONITOR] up=644238s window=10s thermal=not_started imagery=not_started
[MONITOR] up=644248s window=10s thermal=not_started imagery=not_started
[MONITOR] up=644258s window=10s thermal=not_started imagery=not_started
[MONITOR] up=644268s window=10s thermal=not_started imagery=not_started
[MONITOR] up=644278s window=10s thermal=not_started imagery=not_started
[MONITOR] up=644288s window=10s thermal=not_started imagery=not_started
[MONITOR] up=644298s window=10s thermal=not_started imagery=not_started
[MONITOR] up=644308s window=10s thermal=not_started imagery=not_started
[MONITOR] up=644318s window=10s thermal=not_started imagery=not_started
[MONITOR] up=644328s window=10s thermal=not_started imagery=not_started
[MONITOR] up=644338s window=10s thermal=not_started imagery=not_started
[MONITOR] up=644348s window=10s thermal=not_started imagery=not_started
[MONITOR] up=644358s window=10s thermal=not_started imagery=not_started
[MONITOR] up=644368s window=10s thermal=not_started imagery=not_started
[MONITOR] up=644378s window=10s thermal=not_started imagery=not_started
[MONITOR] up=644388s window=10s thermal=not_started imagery=not_started
[MONITOR] up=644398s window=10s thermal=not_started imagery=not_started
[MONITOR] up=644408s window=10s thermal=not_started imagery=not_started
[MONITOR] up=644418s window=10s thermal=not_started imagery=not_started
[MONITOR] up=644428s window=10s thermal=not_started imagery=not_started
[MONITOR] up=644438s window=10s thermal=not_started imagery=not_started
[MONITOR] up=644448s window=10s thermal=not_started imagery=not_started
[MONITOR] up=644458s window=10s thermal=not_started imagery=not_started
[MONITOR] up=644468s window=10s thermal=not_started imagery=not_started
[MONITOR] up=644478s window=10s thermal=not_started imagery=not_started
[MONITOR] up=644488s window=10s thermal=not_started imagery=not_started
[MONITOR] up=644498s window=10s thermal=not_started imagery=not_started
[MONITOR] up=644508s window=10s thermal=not_started imagery=not_started
[MONITOR] up=644518s window=10s thermal=not_started imagery=not_started
[MONITOR] up=644528s window=10s thermal=not_started imagery=not_started
[MONITOR] up=644538s window=10s thermal=not_started imagery=not_started
[MONITOR] up=644548s window=10s thermal=not_started imagery=not_started
[MONITOR] up=644558s window=10s thermal=not_started imagery=not_started
[MONITOR] up=644568s window=10s thermal=not_started imagery=not_started
[MONITOR] up=644578s window=10s thermal=not_started imagery=not_started
[MONITOR] up=644588s window=10s thermal=not_started imagery=not_started
[MONITOR] up=644598s window=10s thermal=not_started imagery=not_started
[MONITOR] up=644608s window=10s thermal=not_started imagery=not_started
[MONITOR] up=644618s window=10s thermal=not_started imagery=not_started
[MONITOR] up=644628s window=10s thermal=not_started imagery=not_started
[MONITOR] up=644638s window=10s thermal=not_started imagery=not_started
[MONITOR] up=644648s window=10s thermal=not_started imagery=not_started
[MONITOR] up=644658s window=10s thermal=not_started imagery=not_started
[MONITOR] up=644668s window=10s thermal=not_started imagery=not_started
[MONITOR] up=644678s window=10s thermal=not_started imagery=not_started
[MONITOR] up=644688s window=10s thermal=not_started imagery=not_started
[MONITOR] up=644698s window=10s thermal=not_started imagery=not_started
[MONITOR] up=644708s window=10s thermal=not_started imagery=not_started
[MONITOR] up=644718s window=10s thermal=not_started imagery=not_started
[MONITOR] up=644728s window=10s thermal=not_started imagery=not_started
[MONITOR] up=644738s window=10s thermal=not_started imagery=not_started
[MONITOR] up=644748s window=10s thermal=not_started imagery=not_started
[MONITOR] up=644758s window=10s thermal=not_started imagery=not_started
[MONITOR] up=644768s window=10s thermal=not_started imagery=not_started
[MONITOR] up=644778s window=10s thermal=not_started imagery=not_started
[MONITOR] up=644788s window=10s thermal=not_started imagery=not_started
[MONITOR] up=644798s window=10s thermal=not_started imagery=not_started
[MONITOR] up=644808s window=10s thermal=not_started imagery=not_started
[MONITOR] up=644818s window=10s thermal=not_started imagery=not_started
[MONITOR] up=644828s window=10s thermal=not_started imagery=not_started
[MONITOR] up=644838s window=10s thermal=not_started imagery=not_started
[MONITOR] up=644848s window=10s thermal=not_started imagery=not_started
[MONITOR] up=644858s window=10s thermal=not_started imagery=not_started
[MONITOR] up=644868s window=10s thermal=not_started imagery=not_started
[MONITOR] up=644878s window=10s thermal=not_started imagery=not_started
[MONITOR] up=644888s window=10s thermal=not_started imagery=not_started
[MONITOR] up=644898s window=10s thermal=not_started imagery=not_started
[MONITOR] up=644908s window=10s thermal=not_started imagery=not_started
[MONITOR] up=644918s window=10s thermal=not_started imagery=not_started
[MONITOR] up=644928s window=10s thermal=not_started imagery=not_started
[MONITOR] up=644938s window=10s thermal=not_started imagery=not_started
[MONITOR] up=644948s window=10s thermal=not_started imagery=not_started
[MONITOR] up=644958s window=10s thermal=not_started imagery=not_started
[MONITOR] up=644968s window=10s thermal=not_started imagery=not_started
[MONITOR] up=644978s window=10s thermal=not_started imagery=not_started
[MONITOR] up=644988s window=10s thermal=not_started imagery=not_started
[MONITOR] up=644998s window=10s thermal=not_started imagery=not_started
[MONITOR] up=645008s window=10s thermal=not_started imagery=not_started
[MONITOR] up=645018s window=10s thermal=not_started imagery=not_started
[MONITOR] up=645028s window=10s thermal=not_started imagery=not_started
[MONITOR] up=645038s window=10s thermal=not_started imagery=not_started
[MONITOR] up=645048s window=10s thermal=not_started imagery=not_started
[MONITOR] up=645058s window=10s thermal=not_started imagery=not_started
[MONITOR] up=645068s window=10s thermal=not_started imagery=not_started
[MONITOR] up=645078s window=10s thermal=not_started imagery=not_started
[MONITOR] up=645088s window=10s thermal=not_started imagery=not_started
[MONITOR] up=645098s window=10s thermal=not_started imagery=not_started
[MONITOR] up=645108s window=10s thermal=not_started imagery=not_started
[MONITOR] up=645118s window=10s thermal=not_started imagery=not_started
[MONITOR] up=645128s window=10s thermal=not_started imagery=not_started
[MONITOR] up=645138s window=10s thermal=not_started imagery=not_started
[MONITOR] up=645148s window=10s thermal=not_started imagery=not_started
[MONITOR] up=645158s window=10s thermal=not_started imagery=not_started
[MONITOR] up=645168s window=10s thermal=not_started imagery=not_started
[MONITOR] up=645178s window=10s thermal=not_started imagery=not_started
[MONITOR] up=645188s window=10s thermal=not_started imagery=not_started
[MONITOR] up=645198s window=10s thermal=not_started imagery=not_started
[MONITOR] up=645208s window=10s thermal=not_started imagery=not_started
[MONITOR] up=645218s window=10s thermal=not_started imagery=not_started
[MONITOR] up=645228s window=10s thermal=not_started imagery=not_started
[MONITOR] up=645238s window=10s thermal=not_started imagery=not_started
[MONITOR] up=645248s window=10s thermal=not_started imagery=not_started
[MONITOR] up=645258s window=10s thermal=not_started imagery=not_started
[MONITOR] up=645268s window=10s thermal=not_started imagery=not_started
[MONITOR] up=645278s window=10s thermal=not_started imagery=not_started
[MONITOR] up=645289s window=10s thermal=not_started imagery=not_started
[MONITOR] up=645299s window=10s thermal=not_started imagery=not_started
[MONITOR] up=645309s window=10s thermal=not_started imagery=not_started
[MONITOR] up=645319s window=10s thermal=not_started imagery=not_started
[MONITOR] up=645329s window=10s thermal=not_started imagery=not_started
[MONITOR] up=645339s window=10s thermal=not_started imagery=not_started
[MONITOR] up=645349s window=10s thermal=not_started imagery=not_started
[MONITOR] up=645359s window=10s thermal=not_started imagery=not_started
[MONITOR] up=645369s window=10s thermal=not_started imagery=not_started
[MONITOR] up=645379s window=10s thermal=not_started imagery=not_started
[MONITOR] up=645389s window=10s thermal=not_started imagery=not_started
[MONITOR] up=645399s window=10s thermal=not_started imagery=not_started
[MONITOR] up=645409s window=10s thermal=not_started imagery=not_started
[MONITOR] up=645419s window=10s thermal=not_started imagery=not_started
[MONITOR] up=645429s window=10s thermal=not_started imagery=not_started
[MONITOR] up=645439s window=10s thermal=not_started imagery=not_started
[MONITOR] up=645449s window=10s thermal=not_started imagery=not_started
[MONITOR] up=645459s window=10s thermal=not_started imagery=not_started
[MONITOR] up=645469s window=10s thermal=not_started imagery=not_started
[MONITOR] up=645479s window=10s thermal=not_started imagery=not_started
[MONITOR] up=645489s window=10s thermal=not_started imagery=not_started
[MONITOR] up=645499s window=10s thermal=not_started imagery=not_started
[MONITOR] up=645509s window=10s thermal=not_started imagery=not_started
[MONITOR] up=645519s window=10s thermal=not_started imagery=not_started
[MONITOR] up=645529s window=10s thermal=not_started imagery=not_started
[MONITOR] up=645539s window=10s thermal=not_started imagery=not_started
[MONITOR] up=645549s window=10s thermal=not_started imagery=not_started
[MONITOR] up=645559s window=10s thermal=not_started imagery=not_started
[MONITOR] up=645569s window=10s thermal=not_started imagery=not_started
[MONITOR] up=645579s window=10s thermal=not_started imagery=not_started
[MONITOR] up=645589s window=10s thermal=not_started imagery=not_started
[MONITOR] up=645599s window=10s thermal=not_started imagery=not_started
[MONITOR] up=645609s window=10s thermal=not_started imagery=not_started
[MONITOR] up=645619s window=10s thermal=not_started imagery=not_started
[MONITOR] up=645629s window=10s thermal=not_started imagery=not_started
[MONITOR] up=645639s window=10s thermal=not_started imagery=not_started
[MONITOR] up=645649s window=10s thermal=not_started imagery=not_started
[MONITOR] up=645659s window=10s thermal=not_started imagery=not_started
[MONITOR] up=645669s window=10s thermal=not_started imagery=not_started
[MONITOR] up=645679s window=10s thermal=not_started imagery=not_started
[MONITOR] up=645689s window=10s thermal=not_started imagery=not_started
[MONITOR] up=645699s window=10s thermal=not_started imagery=not_started
[MONITOR] up=645709s window=10s thermal=not_started imagery=not_started
[MONITOR] up=645719s window=10s thermal=not_started imagery=not_started
[MONITOR] up=645729s window=10s thermal=not_started imagery=not_started
[MONITOR] up=645739s window=10s thermal=not_started imagery=not_started
[MONITOR] up=645749s window=10s thermal=not_started imagery=not_started
[MONITOR] up=645759s window=10s thermal=not_started imagery=not_started
[MONITOR] up=645769s window=10s thermal=not_started imagery=not_started
[MONITOR] up=645779s window=10s thermal=not_started imagery=not_started
[MONITOR] up=645789s window=10s thermal=not_started imagery=not_started
[MONITOR] up=645799s window=10s thermal=not_started imagery=not_started
[MONITOR] up=645809s window=10s thermal=not_started imagery=not_started
[MONITOR] up=645819s window=10s thermal=not_started imagery=not_started
[MONITOR] up=645829s window=10s thermal=not_started imagery=not_started
[MONITOR] up=645839s window=10s thermal=not_started imagery=not_started
[MONITOR] up=645849s window=10s thermal=not_started imagery=not_started
[MONITOR] up=645859s window=10s thermal=not_started imagery=not_started
[MONITOR] up=645869s window=10s thermal=not_started imagery=not_started
[MONITOR] up=645879s window=10s thermal=not_started imagery=not_started
[MONITOR] up=645889s window=10s thermal=not_started imagery=not_started
[MONITOR] up=645899s window=10s thermal=not_started imagery=not_started
[MONITOR] up=645909s window=10s thermal=not_started imagery=not_started
[MONITOR] up=645919s window=10s thermal=not_started imagery=not_started
[MONITOR] up=645929s window=10s thermal=not_started imagery=not_started
[MONITOR] up=645939s window=10s thermal=not_started imagery=not_started
[MONITOR] up=645949s window=10s thermal=not_started imagery=not_started
[MONITOR] up=645959s window=10s thermal=not_started imagery=not_started
[MONITOR] up=645969s window=10s thermal=not_started imagery=not_started
[MONITOR] up=645979s window=10s thermal=not_started imagery=not_started
[MONITOR] up=645989s window=10s thermal=not_started imagery=not_started
[MONITOR] up=645999s window=10s thermal=not_started imagery=not_started
[MONITOR] up=646009s window=10s thermal=not_started imagery=not_started
[MONITOR] up=646019s window=10s thermal=not_started imagery=not_started
[MONITOR] up=646029s window=10s thermal=not_started imagery=not_started
[MONITOR] up=646039s window=10s thermal=not_started imagery=not_started
[MONITOR] up=646049s window=10s thermal=not_started imagery=not_started
[MONITOR] up=646059s window=10s thermal=not_started imagery=not_started
[MONITOR] up=646069s window=10s thermal=not_started imagery=not_started
[MONITOR] up=646079s window=10s thermal=not_started imagery=not_started
[MONITOR] up=646089s window=10s thermal=not_started imagery=not_started
[MONITOR] up=646099s window=10s thermal=not_started imagery=not_started
[MONITOR] up=646109s window=10s thermal=not_started imagery=not_started
[MONITOR] up=646119s window=10s thermal=not_started imagery=not_started
[MONITOR] up=646129s window=10s thermal=not_started imagery=not_started
[MONITOR] up=646139s window=10s thermal=not_started imagery=not_started
[MONITOR] up=646149s window=10s thermal=not_started imagery=not_started
[MONITOR] up=646159s window=10s thermal=not_started imagery=not_started
[MONITOR] up=646169s window=10s thermal=not_started imagery=not_started
[MONITOR] up=646179s window=10s thermal=not_started imagery=not_started
[MONITOR] up=646189s window=10s thermal=not_started imagery=not_started
[MONITOR] up=646199s window=10s thermal=not_started imagery=not_started
[MONITOR] up=646209s window=10s thermal=not_started imagery=not_started
[MONITOR] up=646219s window=10s thermal=not_started imagery=not_started
[MONITOR] up=646229s window=10s thermal=not_started imagery=not_started
[MONITOR] up=646239s window=10s thermal=not_started imagery=not_started
[MONITOR] up=646249s window=10s thermal=not_started imagery=not_started
[MONITOR] up=646259s window=10s thermal=not_started imagery=not_started
[MONITOR] up=646269s window=10s thermal=not_started imagery=not_started
[MONITOR] up=646279s window=10s thermal=not_started imagery=not_started
[MONITOR] up=646289s window=10s thermal=not_started imagery=not_started
[MONITOR] up=646299s window=10s thermal=not_started imagery=not_started
[MONITOR] up=646309s window=10s thermal=not_started imagery=not_started
[MONITOR] up=646319s window=10s thermal=not_started imagery=not_started
[MONITOR] up=646329s window=10s thermal=not_started imagery=not_started
[MONITOR] up=646339s window=10s thermal=not_started imagery=not_started
[MONITOR] up=646349s window=10s thermal=not_started imagery=not_started
[MONITOR] up=646359s window=10s thermal=not_started imagery=not_started
[MONITOR] up=646369s window=10s thermal=not_started imagery=not_started
[MONITOR] up=646379s window=10s thermal=not_started imagery=not_started
[MONITOR] up=646389s window=10s thermal=not_started imagery=not_started
[MONITOR] up=646399s window=10s thermal=not_started imagery=not_started
[MONITOR] up=646409s window=10s thermal=not_started imagery=not_started
[MONITOR] up=646419s window=10s thermal=not_started imagery=not_started
[MONITOR] up=646429s window=10s thermal=not_started imagery=not_started
[MONITOR] up=646439s window=10s thermal=not_started imagery=not_started
[MONITOR] up=646449s window=10s thermal=not_started imagery=not_started
[MONITOR] up=646459s window=10s thermal=not_started imagery=not_started
[MONITOR] up=646469s window=10s thermal=not_started imagery=not_started
[MONITOR] up=646479s window=10s thermal=not_started imagery=not_started
[MONITOR] up=646489s window=10s thermal=not_started imagery=not_started
[MONITOR] up=646499s window=10s thermal=not_started imagery=not_started
[MONITOR] up=646509s window=10s thermal=not_started imagery=not_started
[MONITOR] up=646519s window=10s thermal=not_started imagery=not_started
[MONITOR] up=646529s window=10s thermal=not_started imagery=not_started
[MONITOR] up=646539s window=10s thermal=not_started imagery=not_started
[MONITOR] up=646549s window=10s thermal=not_started imagery=not_started
[MONITOR] up=646559s window=10s thermal=not_started imagery=not_started
[MONITOR] up=646569s window=10s thermal=not_started imagery=not_started
[MONITOR] up=646579s window=10s thermal=not_started imagery=not_started
[MONITOR] up=646589s window=10s thermal=not_started imagery=not_started
[MONITOR] up=646599s window=10s thermal=not_started imagery=not_started
[MONITOR] up=646609s window=10s thermal=not_started imagery=not_started
[MONITOR] up=646619s window=10s thermal=not_started imagery=not_started
[MONITOR] up=646629s window=10s thermal=not_started imagery=not_started
[MONITOR] up=646639s window=10s thermal=not_started imagery=not_started
[MONITOR] up=646649s window=10s thermal=not_started imagery=not_started
[MONITOR] up=646659s window=10s thermal=not_started imagery=not_started
[MONITOR] up=646669s window=10s thermal=not_started imagery=not_started
[MONITOR] up=646679s window=10s thermal=not_started imagery=not_started
[MONITOR] up=646689s window=10s thermal=not_started imagery=not_started
[MONITOR] up=646699s window=10s thermal=not_started imagery=not_started
[MONITOR] up=646709s window=10s thermal=not_started imagery=not_started
[MONITOR] up=646719s window=10s thermal=not_started imagery=not_started
[MONITOR] up=646729s window=10s thermal=not_started imagery=not_started
[MONITOR] up=646739s window=10s thermal=not_started imagery=not_started
[MONITOR] up=646749s window=10s thermal=not_started imagery=not_started
[MONITOR] up=646759s window=10s thermal=not_started imagery=not_started
[MONITOR] up=646769s window=10s thermal=not_started imagery=not_started
[MONITOR] up=646779s window=10s thermal=not_started imagery=not_started
[MONITOR] up=646789s window=10s thermal=not_started imagery=not_started
[MONITOR] up=646799s window=10s thermal=not_started imagery=not_started
[MONITOR] up=646809s window=10s thermal=not_started imagery=not_started
[MONITOR] up=646819s window=10s thermal=not_started imagery=not_started
[MONITOR] up=646829s window=10s thermal=not_started imagery=not_started
[MONITOR] up=646839s window=10s thermal=not_started imagery=not_started
[MONITOR] up=646849s window=10s thermal=not_started imagery=not_started
[MONITOR] up=646859s window=10s thermal=not_started imagery=not_started
[MONITOR] up=646869s window=10s thermal=not_started imagery=not_started
[MONITOR] up=646879s window=10s thermal=not_started imagery=not_started
[MONITOR] up=646889s window=10s thermal=not_started imagery=not_started
[MONITOR] up=646899s window=10s thermal=not_started imagery=not_started
[MONITOR] up=646909s window=10s thermal=not_started imagery=not_started
[MONITOR] up=646919s window=10s thermal=not_started imagery=not_started
[MONITOR] up=646929s window=10s thermal=not_started imagery=not_started
[MONITOR] up=646939s window=10s thermal=not_started imagery=not_started
[MONITOR] up=646949s window=10s thermal=not_started imagery=not_started
[MONITOR] up=646959s window=10s thermal=not_started imagery=not_started
[MONITOR] up=646969s window=10s thermal=not_started imagery=not_started
[MONITOR] up=646979s window=10s thermal=not_started imagery=not_started
[MONITOR] up=646989s window=10s thermal=not_started imagery=not_started
[MONITOR] up=646999s window=10s thermal=not_started imagery=not_started
[MONITOR] up=647009s window=10s thermal=not_started imagery=not_started
[MONITOR] up=647019s window=10s thermal=not_started imagery=not_started
[MONITOR] up=647029s window=10s thermal=not_started imagery=not_started
[MONITOR] up=647039s window=10s thermal=not_started imagery=not_started
[MONITOR] up=647049s window=10s thermal=not_started imagery=not_started
[MONITOR] up=647059s window=10s thermal=not_started imagery=not_started
[MONITOR] up=647069s window=10s thermal=not_started imagery=not_started
[MONITOR] up=647079s window=10s thermal=not_started imagery=not_started
[MONITOR] up=647089s window=10s thermal=not_started imagery=not_started
[MONITOR] up=647099s window=10s thermal=not_started imagery=not_started
[MONITOR] up=647109s window=10s thermal=not_started imagery=not_started
[MONITOR] up=647119s window=10s thermal=not_started imagery=not_started
[MONITOR] up=647129s window=10s thermal=not_started imagery=not_started
[MONITOR] up=647139s window=10s thermal=not_started imagery=not_started
[MONITOR] up=647149s window=10s thermal=not_started imagery=not_started
[MONITOR] up=647159s window=10s thermal=not_started imagery=not_started
[MONITOR] up=647169s window=10s thermal=not_started imagery=not_started
[MONITOR] up=647179s window=10s thermal=not_started imagery=not_started
[MONITOR] up=647189s window=10s thermal=not_started imagery=not_started
[MONITOR] up=647199s window=10s thermal=not_started imagery=not_started
[MONITOR] up=647209s window=10s thermal=not_started imagery=not_started
[MONITOR] up=647219s window=10s thermal=not_started imagery=not_started
[MONITOR] up=647229s window=10s thermal=not_started imagery=not_started
[MONITOR] up=647239s window=10s thermal=not_started imagery=not_started
[MONITOR] up=647249s window=10s thermal=not_started imagery=not_started
[MONITOR] up=647259s window=10s thermal=not_started imagery=not_started
[MONITOR] up=647269s window=10s thermal=not_started imagery=not_started
[MONITOR] up=647279s window=10s thermal=not_started imagery=not_started
[MONITOR] up=647289s window=10s thermal=not_started imagery=not_started
[MONITOR] up=647299s window=10s thermal=not_started imagery=not_started
[MONITOR] up=647309s window=10s thermal=not_started imagery=not_started
[MONITOR] up=647319s window=10s thermal=not_started imagery=not_started
[MONITOR] up=647329s window=10s thermal=not_started imagery=not_started
[MONITOR] up=647339s window=10s thermal=not_started imagery=not_started
[MONITOR] up=647349s window=10s thermal=not_started imagery=not_started
[MONITOR] up=647359s window=10s thermal=not_started imagery=not_started
[MONITOR] up=647369s window=10s thermal=not_started imagery=not_started
[MONITOR] up=647379s window=10s thermal=not_started imagery=not_started
[MONITOR] up=647389s window=10s thermal=not_started imagery=not_started
[MONITOR] up=647399s window=10s thermal=not_started imagery=not_started
[MONITOR] up=647409s window=10s thermal=not_started imagery=not_started
[MONITOR] up=647419s window=10s thermal=not_started imagery=not_started
[MONITOR] up=647429s window=10s thermal=not_started imagery=not_started
[MONITOR] up=647439s window=10s thermal=not_started imagery=not_started
[MONITOR] up=647449s window=10s thermal=not_started imagery=not_started
[MONITOR] up=647459s window=10s thermal=not_started imagery=not_started
[MONITOR] up=647469s window=10s thermal=not_started imagery=not_started
[MONITOR] up=647479s window=10s thermal=not_started imagery=not_started
[MONITOR] up=647489s window=10s thermal=not_started imagery=not_started
[MONITOR] up=647499s window=10s thermal=not_started imagery=not_started
[MONITOR] up=647509s window=10s thermal=not_started imagery=not_started
[MONITOR] up=647519s window=10s thermal=not_started imagery=not_started
[MONITOR] up=647529s window=10s thermal=not_started imagery=not_started
[MONITOR] up=647539s window=10s thermal=not_started imagery=not_started
[MONITOR] up=647549s window=10s thermal=not_started imagery=not_started
[MONITOR] up=647559s window=10s thermal=not_started imagery=not_started
[MONITOR] up=647569s window=10s thermal=not_started imagery=not_started
[MONITOR] up=647579s window=10s thermal=not_started imagery=not_started
[MONITOR] up=647589s window=10s thermal=not_started imagery=not_started
[MONITOR] up=647599s window=10s thermal=not_started imagery=not_started
[MONITOR] up=647609s window=10s thermal=not_started imagery=not_started
[MONITOR] up=647619s window=10s thermal=not_started imagery=not_started
[MONITOR] up=647629s window=10s thermal=not_started imagery=not_started
[MONITOR] up=647639s window=10s thermal=not_started imagery=not_started
[MONITOR] up=647649s window=10s thermal=not_started imagery=not_started
[MONITOR] up=647659s window=10s thermal=not_started imagery=not_started
[MONITOR] up=647669s window=10s thermal=not_started imagery=not_started
[MONITOR] up=647679s window=10s thermal=not_started imagery=not_started
[MONITOR] up=647689s window=10s thermal=not_started imagery=not_started
[MONITOR] up=647699s window=10s thermal=not_started imagery=not_started
[MONITOR] up=647709s window=10s thermal=not_started imagery=not_started
[MONITOR] up=647719s window=10s thermal=not_started imagery=not_started
[MONITOR] up=647729s window=10s thermal=not_started imagery=not_started
[MONITOR] up=647739s window=10s thermal=not_started imagery=not_started
[MONITOR] up=647749s window=10s thermal=not_started imagery=not_started
[MONITOR] up=647759s window=10s thermal=not_started imagery=not_started
[MONITOR] up=647769s window=10s thermal=not_started imagery=not_started
[MONITOR] up=647779s window=10s thermal=not_started imagery=not_started
[MONITOR] up=647789s window=10s thermal=not_started imagery=not_started
[MONITOR] up=647799s window=10s thermal=not_started imagery=not_started
[MONITOR] up=647809s window=10s thermal=not_started imagery=not_started
[MONITOR] up=647819s window=10s thermal=not_started imagery=not_started
[MONITOR] up=647829s window=10s thermal=not_started imagery=not_started
[MONITOR] up=647839s window=10s thermal=not_started imagery=not_started
[MONITOR] up=647849s window=10s thermal=not_started imagery=not_started
[MONITOR] up=647859s window=10s thermal=not_started imagery=not_started
[MONITOR] up=647869s window=10s thermal=not_started imagery=not_started
[MONITOR] up=647879s window=10s thermal=not_started imagery=not_started
[MONITOR] up=647889s window=10s thermal=not_started imagery=not_started
[MONITOR] up=647899s window=10s thermal=not_started imagery=not_started
[MONITOR] up=647909s window=10s thermal=not_started imagery=not_started
[MONITOR] up=647919s window=10s thermal=not_started imagery=not_started
[MONITOR] up=647929s window=10s thermal=not_started imagery=not_started
[MONITOR] up=647939s window=10s thermal=not_started imagery=not_started
[MONITOR] up=647949s window=10s thermal=not_started imagery=not_started
[MONITOR] up=647959s window=10s thermal=not_started imagery=not_started
[MONITOR] up=647969s window=10s thermal=not_started imagery=not_started
[MONITOR] up=647979s window=10s thermal=not_started imagery=not_started
[MONITOR] up=647989s window=10s thermal=not_started imagery=not_started
[MONITOR] up=647999s window=10s thermal=not_started imagery=not_started
[MONITOR] up=648009s window=10s thermal=not_started imagery=not_started
[MONITOR] up=648019s window=10s thermal=not_started imagery=not_started
[MONITOR] up=648029s window=10s thermal=not_started imagery=not_started
[MONITOR] up=648039s window=10s thermal=not_started imagery=not_started
[MONITOR] up=648049s window=10s thermal=not_started imagery=not_started
[MONITOR] up=648059s window=10s thermal=not_started imagery=not_started
[MONITOR] up=648069s window=10s thermal=not_started imagery=not_started
[MONITOR] up=648079s window=10s thermal=not_started imagery=not_started
[MONITOR] up=648089s window=10s thermal=not_started imagery=not_started
[MONITOR] up=648099s window=10s thermal=not_started imagery=not_started
[MONITOR] up=648109s window=10s thermal=not_started imagery=not_started
[MONITOR] up=648119s window=10s thermal=not_started imagery=not_started
[MONITOR] up=648129s window=10s thermal=not_started imagery=not_started
[MONITOR] up=648139s window=10s thermal=not_started imagery=not_started
[MONITOR] up=648149s window=10s thermal=not_started imagery=not_started
[MONITOR] up=648159s window=10s thermal=not_started imagery=not_started
[MONITOR] up=648169s window=10s thermal=not_started imagery=not_started
[MONITOR] up=648179s window=10s thermal=not_started imagery=not_started
[MONITOR] up=648189s window=10s thermal=not_started imagery=not_started
[MONITOR] up=648199s window=10s thermal=not_started imagery=not_started
[MONITOR] up=648209s window=10s thermal=not_started imagery=not_started
[MONITOR] up=648219s window=10s thermal=not_started imagery=not_started
[MONITOR] up=648229s window=10s thermal=not_started imagery=not_started
[MONITOR] up=648239s window=10s thermal=not_started imagery=not_started
[MONITOR] up=648249s window=10s thermal=not_started imagery=not_started
[MONITOR] up=648259s window=10s thermal=not_started imagery=not_started
[MONITOR] up=648269s window=10s thermal=not_started imagery=not_started
[MONITOR] up=648279s window=10s thermal=not_started imagery=not_started
[MONITOR] up=648289s window=10s thermal=not_started imagery=not_started
[MONITOR] up=648299s window=10s thermal=not_started imagery=not_started
[MONITOR] up=648309s window=10s thermal=not_started imagery=not_started
[MONITOR] up=648319s window=10s thermal=not_started imagery=not_started
[MONITOR] up=648329s window=10s thermal=not_started imagery=not_started
[MONITOR] up=648339s window=10s thermal=not_started imagery=not_started
[MONITOR] up=648349s window=10s thermal=not_started imagery=not_started
[MONITOR] up=648359s window=10s thermal=not_started imagery=not_started
[MONITOR] up=648369s window=10s thermal=not_started imagery=not_started
[MONITOR] up=648379s window=10s thermal=not_started imagery=not_started
[MONITOR] up=648389s window=10s thermal=not_started imagery=not_started
[MONITOR] up=648399s window=10s thermal=not_started imagery=not_started
[MONITOR] up=648409s window=10s thermal=not_started imagery=not_started
[MONITOR] up=648419s window=10s thermal=not_started imagery=not_started
[MONITOR] up=648429s window=10s thermal=not_started imagery=not_started
[MONITOR] up=648439s window=10s thermal=not_started imagery=not_started
[MONITOR] up=648449s window=10s thermal=not_started imagery=not_started
[MONITOR] up=648459s window=10s thermal=not_started imagery=not_started
[MONITOR] up=648469s window=10s thermal=not_started imagery=not_started
[MONITOR] up=648479s window=10s thermal=not_started imagery=not_started
[MONITOR] up=648489s window=10s thermal=not_started imagery=not_started
[MONITOR] up=648499s window=10s thermal=not_started imagery=not_started
[MONITOR] up=648509s window=10s thermal=not_started imagery=not_started
[MONITOR] up=648519s window=10s thermal=not_started imagery=not_started
[MONITOR] up=648529s window=10s thermal=not_started imagery=not_started
[MONITOR] up=648539s window=10s thermal=not_started imagery=not_started
[MONITOR] up=648549s window=10s thermal=not_started imagery=not_started
[MONITOR] up=648559s window=10s thermal=not_started imagery=not_started
[MONITOR] up=648569s window=10s thermal=not_started imagery=not_started
[MONITOR] up=648579s window=10s thermal=not_started imagery=not_started
[MONITOR] up=648589s window=10s thermal=not_started imagery=not_started
[MONITOR] up=648599s window=10s thermal=not_started imagery=not_started
[MONITOR] up=648609s window=10s thermal=not_started imagery=not_started
[MONITOR] up=648619s window=10s thermal=not_started imagery=not_started
[MONITOR] up=648629s window=10s thermal=not_started imagery=not_started
[MONITOR] up=648639s window=10s thermal=not_started imagery=not_started
[MONITOR] up=648649s window=10s thermal=not_started imagery=not_started
[MONITOR] up=648659s window=10s thermal=not_started imagery=not_started
[MONITOR] up=648669s window=10s thermal=not_started imagery=not_started
[MONITOR] up=648679s window=10s thermal=not_started imagery=not_started
[MONITOR] up=648689s window=10s thermal=not_started imagery=not_started
[MONITOR] up=648699s window=10s thermal=not_started imagery=not_started
[MONITOR] up=648709s window=10s thermal=not_started imagery=not_started
[MONITOR] up=648719s window=10s thermal=not_started imagery=not_started
[MONITOR] up=648729s window=10s thermal=not_started imagery=not_started
[MONITOR] up=648739s window=10s thermal=not_started imagery=not_started
[MONITOR] up=648749s window=10s thermal=not_started imagery=not_started
[MONITOR] up=648759s window=10s thermal=not_started imagery=not_started
[MONITOR] up=648769s window=10s thermal=not_started imagery=not_started
[MONITOR] up=648779s window=10s thermal=not_started imagery=not_started
[MONITOR] up=648789s window=10s thermal=not_started imagery=not_started
[MONITOR] up=648799s window=10s thermal=not_started imagery=not_started
[MONITOR] up=648809s window=10s thermal=not_started imagery=not_started
[MONITOR] up=648819s window=10s thermal=not_started imagery=not_started
[MONITOR] up=648829s window=10s thermal=not_started imagery=not_started
[MONITOR] up=648839s window=10s thermal=not_started imagery=not_started
[MONITOR] up=648849s window=10s thermal=not_started imagery=not_started
[MONITOR] up=648859s window=10s thermal=not_started imagery=not_started
[MONITOR] up=648869s window=10s thermal=not_started imagery=not_started
[MONITOR] up=648879s window=10s thermal=not_started imagery=not_started
[MONITOR] up=648889s window=10s thermal=not_started imagery=not_started
[MONITOR] up=648899s window=10s thermal=not_started imagery=not_started
[MONITOR] up=648910s window=10s thermal=not_started imagery=not_started
[MONITOR] up=648920s window=10s thermal=not_started imagery=not_started
[MONITOR] up=648930s window=10s thermal=not_started imagery=not_started
[MONITOR] up=648940s window=10s thermal=not_started imagery=not_started
[MONITOR] up=648950s window=10s thermal=not_started imagery=not_started
[MONITOR] up=648960s window=10s thermal=not_started imagery=not_started
[MONITOR] up=648970s window=10s thermal=not_started imagery=not_started
[MONITOR] up=648980s window=10s thermal=not_started imagery=not_started
[MONITOR] up=648990s window=10s thermal=not_started imagery=not_started
[MONITOR] up=649000s window=10s thermal=not_started imagery=not_started
[MONITOR] up=649010s window=10s thermal=not_started imagery=not_started
[MONITOR] up=649020s window=10s thermal=not_started imagery=not_started
[MONITOR] up=649030s window=10s thermal=not_started imagery=not_started
[MONITOR] up=649040s window=10s thermal=not_started imagery=not_started
[MONITOR] up=649050s window=10s thermal=not_started imagery=not_started
[MONITOR] up=649060s window=10s thermal=not_started imagery=not_started
[MONITOR] up=649070s window=10s thermal=not_started imagery=not_started
[MONITOR] up=649080s window=10s thermal=not_started imagery=not_started
[MONITOR] up=649090s window=10s thermal=not_started imagery=not_started
[MONITOR] up=649100s window=10s thermal=not_started imagery=not_started
[MONITOR] up=649110s window=10s thermal=not_started imagery=not_started
[MONITOR] up=649120s window=10s thermal=not_started imagery=not_started
[MONITOR] up=649130s window=10s thermal=not_started imagery=not_started
[MONITOR] up=649140s window=10s thermal=not_started imagery=not_started
[MONITOR] up=649150s window=10s thermal=not_started imagery=not_started
[MONITOR] up=649160s window=10s thermal=not_started imagery=not_started
[MONITOR] up=649170s window=10s thermal=not_started imagery=not_started
[MONITOR] up=649180s window=10s thermal=not_started imagery=not_started
[MONITOR] up=649190s window=10s thermal=not_started imagery=not_started
[MONITOR] up=649200s window=10s thermal=not_started imagery=not_started
[MONITOR] up=649210s window=10s thermal=not_started imagery=not_started
[MONITOR] up=649220s window=10s thermal=not_started imagery=not_started
[MONITOR] up=649230s window=10s thermal=not_started imagery=not_started
[MONITOR] up=649240s window=10s thermal=not_started imagery=not_started
[MONITOR] up=649250s window=10s thermal=not_started imagery=not_started
[MONITOR] up=649260s window=10s thermal=not_started imagery=not_started
[MONITOR] up=649270s window=10s thermal=not_started imagery=not_started
[MONITOR] up=649280s window=10s thermal=not_started imagery=not_started
[MONITOR] up=649290s window=10s thermal=not_started imagery=not_started
[MONITOR] up=649300s window=10s thermal=not_started imagery=not_started
[MONITOR] up=649310s window=10s thermal=not_started imagery=not_started
[MONITOR] up=649320s window=10s thermal=not_started imagery=not_started
[MONITOR] up=649330s window=10s thermal=not_started imagery=not_started
[MONITOR] up=649340s window=10s thermal=not_started imagery=not_started
[MONITOR] up=649350s window=10s thermal=not_started imagery=not_started
[MONITOR] up=649360s window=10s thermal=not_started imagery=not_started
[MONITOR] up=649370s window=10s thermal=not_started imagery=not_started
[MONITOR] up=649380s window=10s thermal=not_started imagery=not_started
[MONITOR] up=649390s window=10s thermal=not_started imagery=not_started
[MONITOR] up=649400s window=10s thermal=not_started imagery=not_started
[MONITOR] up=649410s window=10s thermal=not_started imagery=not_started
[MONITOR] up=649420s window=10s thermal=not_started imagery=not_started
[MONITOR] up=649430s window=10s thermal=not_started imagery=not_started
[MONITOR] up=649440s window=10s thermal=not_started imagery=not_started
[MONITOR] up=649450s window=10s thermal=not_started imagery=not_started
[MONITOR] up=649460s window=10s thermal=not_started imagery=not_started
[MONITOR] up=649470s window=10s thermal=not_started imagery=not_started
[MONITOR] up=649480s window=10s thermal=not_started imagery=not_started
[MONITOR] up=649490s window=10s thermal=not_started imagery=not_started
[MONITOR] up=649500s window=10s thermal=not_started imagery=not_started
[MONITOR] up=649510s window=10s thermal=not_started imagery=not_started
[MONITOR] up=649520s window=10s thermal=not_started imagery=not_started
[MONITOR] up=649530s window=10s thermal=not_started imagery=not_started
[MONITOR] up=649540s window=10s thermal=not_started imagery=not_started
[MONITOR] up=649550s window=10s thermal=not_started imagery=not_started
[MONITOR] up=649560s window=10s thermal=not_started imagery=not_started
[MONITOR] up=649570s window=10s thermal=not_started imagery=not_started
[MONITOR] up=649580s window=10s thermal=not_started imagery=not_started
[MONITOR] up=649590s window=10s thermal=not_started imagery=not_started
[MONITOR] up=649600s window=10s thermal=not_started imagery=not_started
[MONITOR] up=649610s window=10s thermal=not_started imagery=not_started
[MONITOR] up=649620s window=10s thermal=not_started imagery=not_started
[MONITOR] up=649630s window=10s thermal=not_started imagery=not_started
[MONITOR] up=649640s window=10s thermal=not_started imagery=not_started
[MONITOR] up=649650s window=10s thermal=not_started imagery=not_started
[MONITOR] up=649660s window=10s thermal=not_started imagery=not_started
[MONITOR] up=649670s window=10s thermal=not_started imagery=not_started
[MONITOR] up=649680s window=10s thermal=not_started imagery=not_started
[MONITOR] up=649690s window=10s thermal=not_started imagery=not_started
[MONITOR] up=649700s window=10s thermal=not_started imagery=not_started
[MONITOR] up=649710s window=10s thermal=not_started imagery=not_started
[MONITOR] up=649720s window=10s thermal=not_started imagery=not_started
[MONITOR] up=649730s window=10s thermal=not_started imagery=not_started
[MONITOR] up=649740s window=10s thermal=not_started imagery=not_started
[MONITOR] up=649750s window=10s thermal=not_started imagery=not_started
[MONITOR] up=649760s window=10s thermal=not_started imagery=not_started
[MONITOR] up=649770s window=10s thermal=not_started imagery=not_started
[MONITOR] up=649780s window=10s thermal=not_started imagery=not_started
[MONITOR] up=649790s window=10s thermal=not_started imagery=not_started
[MONITOR] up=649800s window=10s thermal=not_started imagery=not_started
[MONITOR] up=649810s window=10s thermal=not_started imagery=not_started
[MONITOR] up=649820s window=10s thermal=not_started imagery=not_started
[MONITOR] up=649830s window=10s thermal=not_started imagery=not_started
[MONITOR] up=649840s window=10s thermal=not_started imagery=not_started
[MONITOR] up=649850s window=10s thermal=not_started imagery=not_started
[MONITOR] up=649860s window=10s thermal=not_started imagery=not_started
[MONITOR] up=649870s window=10s thermal=not_started imagery=not_started
[MONITOR] up=649880s window=10s thermal=not_started imagery=not_started
[MONITOR] up=649890s window=10s thermal=not_started imagery=not_started
[MONITOR] up=649900s window=10s thermal=not_started imagery=not_started
[MONITOR] up=649910s window=10s thermal=not_started imagery=not_started
[MONITOR] up=649920s window=10s thermal=not_started imagery=not_started
[MONITOR] up=649930s window=10s thermal=not_started imagery=not_started
[MONITOR] up=649940s window=10s thermal=not_started imagery=not_started
[MONITOR] up=649950s window=10s thermal=not_started imagery=not_started
[MONITOR] up=649960s window=10s thermal=not_started imagery=not_started
[MONITOR] up=649970s window=10s thermal=not_started imagery=not_started
[MONITOR] up=649980s window=10s thermal=not_started imagery=not_started
[MONITOR] up=649990s window=10s thermal=not_started imagery=not_started
[MONITOR] up=650000s window=10s thermal=not_started imagery=not_started
[MONITOR] up=650010s window=10s thermal=not_started imagery=not_started
[MONITOR] up=650020s window=10s thermal=not_started imagery=not_started
[MONITOR] up=650030s window=10s thermal=not_started imagery=not_started
[MONITOR] up=650040s window=10s thermal=not_started imagery=not_started
[MONITOR] up=650050s window=10s thermal=not_started imagery=not_started
[MONITOR] up=650060s window=10s thermal=not_started imagery=not_started
[MONITOR] up=650070s window=10s thermal=not_started imagery=not_started
[MONITOR] up=650080s window=10s thermal=not_started imagery=not_started
[MONITOR] up=650090s window=10s thermal=not_started imagery=not_started
[MONITOR] up=650100s window=10s thermal=not_started imagery=not_started
[MONITOR] up=650110s window=10s thermal=not_started imagery=not_started
[MONITOR] up=650120s window=10s thermal=not_started imagery=not_started
[MONITOR] up=650130s window=10s thermal=not_started imagery=not_started
[MONITOR] up=650140s window=10s thermal=not_started imagery=not_started
[MONITOR] up=650150s window=10s thermal=not_started imagery=not_started
[MONITOR] up=650160s window=10s thermal=not_started imagery=not_started
[MONITOR] up=650170s window=10s thermal=not_started imagery=not_started
[MONITOR] up=650180s window=10s thermal=not_started imagery=not_started
[MONITOR] up=650190s window=10s thermal=not_started imagery=not_started
[MONITOR] up=650200s window=10s thermal=not_started imagery=not_started
[MONITOR] up=650210s window=10s thermal=not_started imagery=not_started
[MONITOR] up=650220s window=10s thermal=not_started imagery=not_started
[MONITOR] up=650230s window=10s thermal=not_started imagery=not_started
[MONITOR] up=650240s window=10s thermal=not_started imagery=not_started
[MONITOR] up=650250s window=10s thermal=not_started imagery=not_started
[MONITOR] up=650260s window=10s thermal=not_started imagery=not_started
[MONITOR] up=650270s window=10s thermal=not_started imagery=not_started
[MONITOR] up=650280s window=10s thermal=not_started imagery=not_started
[MONITOR] up=650290s window=10s thermal=not_started imagery=not_started
[MONITOR] up=650300s window=10s thermal=not_started imagery=not_started
[MONITOR] up=650310s window=10s thermal=not_started imagery=not_started
[MONITOR] up=650320s window=10s thermal=not_started imagery=not_started
[MONITOR] up=650330s window=10s thermal=not_started imagery=not_started
[MONITOR] up=650340s window=10s thermal=not_started imagery=not_started
[MONITOR] up=650350s window=10s thermal=not_started imagery=not_started
[MONITOR] up=650360s window=10s thermal=not_started imagery=not_started
[MONITOR] up=650370s window=10s thermal=not_started imagery=not_started
[MONITOR] up=650380s window=10s thermal=not_started imagery=not_started
[MONITOR] up=650390s window=10s thermal=not_started imagery=not_started
[MONITOR] up=650400s window=10s thermal=not_started imagery=not_started
[MONITOR] up=650410s window=10s thermal=not_started imagery=not_started
[MONITOR] up=650420s window=10s thermal=not_started imagery=not_started
[MONITOR] up=650430s window=10s thermal=not_started imagery=not_started
[MONITOR] up=650440s window=10s thermal=not_started imagery=not_started
[MONITOR] up=650450s window=10s thermal=not_started imagery=not_started
[MONITOR] up=650460s window=10s thermal=not_started imagery=not_started
[MONITOR] up=650470s window=10s thermal=not_started imagery=not_started
[MONITOR] up=650480s window=10s thermal=not_started imagery=not_started
[MONITOR] up=650490s window=10s thermal=not_started imagery=not_started
[MONITOR] up=650500s window=10s thermal=not_started imagery=not_started
[MONITOR] up=650510s window=10s thermal=not_started imagery=not_started
[MONITOR] up=650520s window=10s thermal=not_started imagery=not_started
[MONITOR] up=650530s window=10s thermal=not_started imagery=not_started
[MONITOR] up=650540s window=10s thermal=not_started imagery=not_started
[MONITOR] up=650550s window=10s thermal=not_started imagery=not_started
[MONITOR] up=650560s window=10s thermal=not_started imagery=not_started
[MONITOR] up=650570s window=10s thermal=not_started imagery=not_started
[MONITOR] up=650580s window=10s thermal=not_started imagery=not_started
[MONITOR] up=650590s window=10s thermal=not_started imagery=not_started
[MONITOR] up=650600s window=10s thermal=not_started imagery=not_started
[MONITOR] up=650610s window=10s thermal=not_started imagery=not_started
[MONITOR] up=650620s window=10s thermal=not_started imagery=not_started
[MONITOR] up=650630s window=10s thermal=not_started imagery=not_started
[MONITOR] up=650640s window=10s thermal=not_started imagery=not_started
[MONITOR] up=650650s window=10s thermal=not_started imagery=not_started
[MONITOR] up=650660s window=10s thermal=not_started imagery=not_started
[MONITOR] up=650670s window=10s thermal=not_started imagery=not_started
[MONITOR] up=650680s window=10s thermal=not_started imagery=not_started
[MONITOR] up=650690s window=10s thermal=not_started imagery=not_started
[MONITOR] up=650700s window=10s thermal=not_started imagery=not_started
[MONITOR] up=650710s window=10s thermal=not_started imagery=not_started
[MONITOR] up=650720s window=10s thermal=not_started imagery=not_started
[MONITOR] up=650730s window=10s thermal=not_started imagery=not_started
[MONITOR] up=650740s window=10s thermal=not_started imagery=not_started
[MONITOR] up=650750s window=10s thermal=not_started imagery=not_started
[MONITOR] up=650760s window=10s thermal=not_started imagery=not_started
[MONITOR] up=650770s window=10s thermal=not_started imagery=not_started
[MONITOR] up=650780s window=10s thermal=not_started imagery=not_started
[MONITOR] up=650790s window=10s thermal=not_started imagery=not_started
[MONITOR] up=650800s window=10s thermal=not_started imagery=not_started
[MONITOR] up=650810s window=10s thermal=not_started imagery=not_started
[MONITOR] up=650820s window=10s thermal=not_started imagery=not_started
[MONITOR] up=650830s window=10s thermal=not_started imagery=not_started
[MONITOR] up=650840s window=10s thermal=not_started imagery=not_started
[MONITOR] up=650850s window=10s thermal=not_started imagery=not_started
[MONITOR] up=650860s window=10s thermal=not_started imagery=not_started
[MONITOR] up=650870s window=10s thermal=not_started imagery=not_started
[MONITOR] up=650880s window=10s thermal=not_started imagery=not_started
[MONITOR] up=650890s window=10s thermal=not_started imagery=not_started
[MONITOR] up=650900s window=10s thermal=not_started imagery=not_started
[MONITOR] up=650910s window=10s thermal=not_started imagery=not_started
[MONITOR] up=650920s window=10s thermal=not_started imagery=not_started
[MONITOR] up=650930s window=10s thermal=not_started imagery=not_started
[MONITOR] up=650940s window=10s thermal=not_started imagery=not_started
[MONITOR] up=650950s window=10s thermal=not_started imagery=not_started
[MONITOR] up=650960s window=10s thermal=not_started imagery=not_started
[MONITOR] up=650970s window=10s thermal=not_started imagery=not_started
[MONITOR] up=650980s window=10s thermal=not_started imagery=not_started
[MONITOR] up=650990s window=10s thermal=not_started imagery=not_started
[MONITOR] up=651000s window=10s thermal=not_started imagery=not_started
[MONITOR] up=651010s window=10s thermal=not_started imagery=not_started
[MONITOR] up=651020s window=10s thermal=not_started imagery=not_started
[MONITOR] up=651030s window=10s thermal=not_started imagery=not_started
[MONITOR] up=651040s window=10s thermal=not_started imagery=not_started
[MONITOR] up=651050s window=10s thermal=not_started imagery=not_started
[MONITOR] up=651060s window=10s thermal=not_started imagery=not_started
[MONITOR] up=651070s window=10s thermal=not_started imagery=not_started
[MONITOR] up=651080s window=10s thermal=not_started imagery=not_started
[MONITOR] up=651090s window=10s thermal=not_started imagery=not_started
[MONITOR] up=651100s window=10s thermal=not_started imagery=not_started
[MONITOR] up=651110s window=10s thermal=not_started imagery=not_started
[MONITOR] up=651120s window=10s thermal=not_started imagery=not_started
[MONITOR] up=651130s window=10s thermal=not_started imagery=not_started
[MONITOR] up=651140s window=10s thermal=not_started imagery=not_started
[MONITOR] up=651150s window=10s thermal=not_started imagery=not_started
[MONITOR] up=651160s window=10s thermal=not_started imagery=not_started
[MONITOR] up=651170s window=10s thermal=not_started imagery=not_started
[MONITOR] up=651180s window=10s thermal=not_started imagery=not_started
[MONITOR] up=651190s window=10s thermal=not_started imagery=not_started
[MONITOR] up=651200s window=10s thermal=not_started imagery=not_started
[MONITOR] up=651210s window=10s thermal=not_started imagery=not_started
[MONITOR] up=651220s window=10s thermal=not_started imagery=not_started
[MONITOR] up=651230s window=10s thermal=not_started imagery=not_started
[MONITOR] up=651240s window=10s thermal=not_started imagery=not_started
[MONITOR] up=651250s window=10s thermal=not_started imagery=not_started
[MONITOR] up=651260s window=10s thermal=not_started imagery=not_started
[MONITOR] up=651270s window=10s thermal=not_started imagery=not_started
[MONITOR] up=651280s window=10s thermal=not_started imagery=not_started
[MONITOR] up=651290s window=10s thermal=not_started imagery=not_started
[MONITOR] up=651300s window=10s thermal=not_started imagery=not_started
[MONITOR] up=651310s window=10s thermal=not_started imagery=not_started
[MONITOR] up=651320s window=10s thermal=not_started imagery=not_started
[MONITOR] up=651330s window=10s thermal=not_started imagery=not_started
[MONITOR] up=651340s window=10s thermal=not_started imagery=not_started
[MONITOR] up=651350s window=10s thermal=not_started imagery=not_started
[MONITOR] up=651360s window=10s thermal=not_started imagery=not_started
[MONITOR] up=651370s window=10s thermal=not_started imagery=not_started
[MONITOR] up=651380s window=10s thermal=not_started imagery=not_started
[MONITOR] up=651390s window=10s thermal=not_started imagery=not_started
[MONITOR] up=651400s window=10s thermal=not_started imagery=not_started
[MONITOR] up=651410s window=10s thermal=not_started imagery=not_started
[MONITOR] up=651420s window=10s thermal=not_started imagery=not_started
[MONITOR] up=651430s window=10s thermal=not_started imagery=not_started
[MONITOR] up=651440s window=10s thermal=not_started imagery=not_started
[MONITOR] up=651450s window=10s thermal=not_started imagery=not_started
[MONITOR] up=651460s window=10s thermal=not_started imagery=not_started
[MONITOR] up=651470s window=10s thermal=not_started imagery=not_started
[MONITOR] up=651480s window=10s thermal=not_started imagery=not_started
[MONITOR] up=651490s window=10s thermal=not_started imagery=not_started
[MONITOR] up=651500s window=10s thermal=not_started imagery=not_started
[MONITOR] up=651510s window=10s thermal=not_started imagery=not_started
[MONITOR] up=651520s window=10s thermal=not_started imagery=not_started
[MONITOR] up=651530s window=10s thermal=not_started imagery=not_started
[MONITOR] up=651540s window=10s thermal=not_started imagery=not_started
[MONITOR] up=651550s window=10s thermal=not_started imagery=not_started
[MONITOR] up=651560s window=10s thermal=not_started imagery=not_started
[MONITOR] up=651570s window=10s thermal=not_started imagery=not_started
[MONITOR] up=651580s window=10s thermal=not_started imagery=not_started
[MONITOR] up=651590s window=10s thermal=not_started imagery=not_started
[MONITOR] up=651600s window=10s thermal=not_started imagery=not_started
[MONITOR] up=651610s window=10s thermal=not_started imagery=not_started
[MONITOR] up=651620s window=10s thermal=not_started imagery=not_started
[MONITOR] up=651630s window=10s thermal=not_started imagery=not_started
[MONITOR] up=651640s window=10s thermal=not_started imagery=not_started
[MONITOR] up=651650s window=10s thermal=not_started imagery=not_started
[MONITOR] up=651660s window=10s thermal=not_started imagery=not_started
[MONITOR] up=651670s window=10s thermal=not_started imagery=not_started
[MONITOR] up=651680s window=10s thermal=not_started imagery=not_started
[MONITOR] up=651690s window=10s thermal=not_started imagery=not_started
[MONITOR] up=651700s window=10s thermal=not_started imagery=not_started
[MONITOR] up=651710s window=10s thermal=not_started imagery=not_started
[MONITOR] up=651720s window=10s thermal=not_started imagery=not_started
[MONITOR] up=651730s window=10s thermal=not_started imagery=not_started
[MONITOR] up=651740s window=10s thermal=not_started imagery=not_started
[MONITOR] up=651750s window=10s thermal=not_started imagery=not_started
[MONITOR] up=651760s window=10s thermal=not_started imagery=not_started
[MONITOR] up=651770s window=10s thermal=not_started imagery=not_started
[MONITOR] up=651780s window=10s thermal=not_started imagery=not_started
[MONITOR] up=651790s window=10s thermal=not_started imagery=not_started
[MONITOR] up=651800s window=10s thermal=not_started imagery=not_started
[MONITOR] up=651810s window=10s thermal=not_started imagery=not_started
[MONITOR] up=651820s window=10s thermal=not_started imagery=not_started
[MONITOR] up=651830s window=10s thermal=not_started imagery=not_started
[MONITOR] up=651840s window=10s thermal=not_started imagery=not_started
[MONITOR] up=651850s window=10s thermal=not_started imagery=not_started
[MONITOR] up=651860s window=10s thermal=not_started imagery=not_started
[MONITOR] up=651870s window=10s thermal=not_started imagery=not_started
[MONITOR] up=651880s window=10s thermal=not_started imagery=not_started
[MONITOR] up=651890s window=10s thermal=not_started imagery=not_started
[MONITOR] up=651900s window=10s thermal=not_started imagery=not_started
[MONITOR] up=651910s window=10s thermal=not_started imagery=not_started
[MONITOR] up=651920s window=10s thermal=not_started imagery=not_started
[MONITOR] up=651930s window=10s thermal=not_started imagery=not_started
[MONITOR] up=651940s window=10s thermal=not_started imagery=not_started
[MONITOR] up=651950s window=10s thermal=not_started imagery=not_started
[MONITOR] up=651960s window=10s thermal=not_started imagery=not_started
[MONITOR] up=651970s window=10s thermal=not_started imagery=not_started
[MONITOR] up=651980s window=10s thermal=not_started imagery=not_started
[MONITOR] up=651990s window=10s thermal=not_started imagery=not_started
[MONITOR] up=652000s window=10s thermal=not_started imagery=not_started
[MONITOR] up=652010s window=10s thermal=not_started imagery=not_started
[MONITOR] up=652020s window=10s thermal=not_started imagery=not_started
[MONITOR] up=652030s window=10s thermal=not_started imagery=not_started
[MONITOR] up=652040s window=10s thermal=not_started imagery=not_started
[MONITOR] up=652050s window=10s thermal=not_started imagery=not_started
[MONITOR] up=652060s window=10s thermal=not_started imagery=not_started
[MONITOR] up=652070s window=10s thermal=not_started imagery=not_started
[MONITOR] up=652080s window=10s thermal=not_started imagery=not_started
[MONITOR] up=652090s window=10s thermal=not_started imagery=not_started
[MONITOR] up=652100s window=10s thermal=not_started imagery=not_started
[MONITOR] up=652110s window=10s thermal=not_started imagery=not_started
[MONITOR] up=652120s window=10s thermal=not_started imagery=not_started
[MONITOR] up=652130s window=10s thermal=not_started imagery=not_started
[MONITOR] up=652140s window=10s thermal=not_started imagery=not_started
[MONITOR] up=652150s window=10s thermal=not_started imagery=not_started
[MONITOR] up=652160s window=10s thermal=not_started imagery=not_started
[MONITOR] up=652170s window=10s thermal=not_started imagery=not_started
[MONITOR] up=652180s window=10s thermal=not_started imagery=not_started
[MONITOR] up=652190s window=10s thermal=not_started imagery=not_started
[MONITOR] up=652200s window=10s thermal=not_started imagery=not_started
[MONITOR] up=652210s window=10s thermal=not_started imagery=not_started
[MONITOR] up=652220s window=10s thermal=not_started imagery=not_started
[MONITOR] up=652230s window=10s thermal=not_started imagery=not_started
[MONITOR] up=652240s window=10s thermal=not_started imagery=not_started
[MONITOR] up=652250s window=10s thermal=not_started imagery=not_started
[MONITOR] up=652260s window=10s thermal=not_started imagery=not_started
[MONITOR] up=652270s window=10s thermal=not_started imagery=not_started
[MONITOR] up=652280s window=10s thermal=not_started imagery=not_started
[MONITOR] up=652290s window=10s thermal=not_started imagery=not_started
[MONITOR] up=652300s window=10s thermal=not_started imagery=not_started
[MONITOR] up=652310s window=10s thermal=not_started imagery=not_started
[MONITOR] up=652320s window=10s thermal=not_started imagery=not_started
[MONITOR] up=652330s window=10s thermal=not_started imagery=not_started
[MONITOR] up=652340s window=10s thermal=not_started imagery=not_started
[MONITOR] up=652350s window=10s thermal=not_started imagery=not_started
[MONITOR] up=652360s window=10s thermal=not_started imagery=not_started
[MONITOR] up=652370s window=10s thermal=not_started imagery=not_started
[MONITOR] up=652380s window=10s thermal=not_started imagery=not_started
[MONITOR] up=652390s window=10s thermal=not_started imagery=not_started
[MONITOR] up=652400s window=10s thermal=not_started imagery=not_started
[MONITOR] up=652410s window=10s thermal=not_started imagery=not_started
[MONITOR] up=652420s window=10s thermal=not_started imagery=not_started
[MONITOR] up=652430s window=10s thermal=not_started imagery=not_started
[MONITOR] up=652440s window=10s thermal=not_started imagery=not_started
[MONITOR] up=652450s window=10s thermal=not_started imagery=not_started
[MONITOR] up=652460s window=10s thermal=not_started imagery=not_started
[MONITOR] up=652470s window=10s thermal=not_started imagery=not_started
[MONITOR] up=652480s window=10s thermal=not_started imagery=not_started
[MONITOR] up=652490s window=10s thermal=not_started imagery=not_started
[MONITOR] up=652500s window=10s thermal=not_started imagery=not_started
[MONITOR] up=652510s window=10s thermal=not_started imagery=not_started
[MONITOR] up=652520s window=10s thermal=not_started imagery=not_started
[MONITOR] up=652530s window=10s thermal=not_started imagery=not_started
[MONITOR] up=652540s window=10s thermal=not_started imagery=not_started
[MONITOR] up=652550s window=10s thermal=not_started imagery=not_started
[MONITOR] up=652560s window=10s thermal=not_started imagery=not_started
[MONITOR] up=652570s window=10s thermal=not_started imagery=not_started
[MONITOR] up=652580s window=10s thermal=not_started imagery=not_started
[MONITOR] up=652590s window=10s thermal=not_started imagery=not_started
[MONITOR] up=652600s window=10s thermal=not_started imagery=not_started
[MONITOR] up=652610s window=10s thermal=not_started imagery=not_started
[MONITOR] up=652620s window=10s thermal=not_started imagery=not_started
[MONITOR] up=652630s window=10s thermal=not_started imagery=not_started
[MONITOR] up=652640s window=10s thermal=not_started imagery=not_started
[MONITOR] up=652650s window=10s thermal=not_started imagery=not_started
[MONITOR] up=652660s window=10s thermal=not_started imagery=not_started
[MONITOR] up=652670s window=10s thermal=not_started imagery=not_started
[MONITOR] up=652680s window=10s thermal=not_started imagery=not_started
[MONITOR] up=652690s window=10s thermal=not_started imagery=not_started
[MONITOR] up=652700s window=10s thermal=not_started imagery=not_started
[MONITOR] up=652710s window=10s thermal=not_started imagery=not_started
[MONITOR] up=652720s window=10s thermal=not_started imagery=not_started
[MONITOR] up=652730s window=10s thermal=not_started imagery=not_started
[MONITOR] up=652740s window=10s thermal=not_started imagery=not_started
[MONITOR] up=652750s window=10s thermal=not_started imagery=not_started
[MONITOR] up=652760s window=10s thermal=not_started imagery=not_started
[MONITOR] up=652770s window=10s thermal=not_started imagery=not_started
[MONITOR] up=652780s window=10s thermal=not_started imagery=not_started
[MONITOR] up=652790s window=10s thermal=not_started imagery=not_started
[MONITOR] up=652800s window=10s thermal=not_started imagery=not_started
[MONITOR] up=652810s window=10s thermal=not_started imagery=not_started
[MONITOR] up=652820s window=10s thermal=not_started imagery=not_started
[MONITOR] up=652830s window=10s thermal=not_started imagery=not_started
[MONITOR] up=652840s window=10s thermal=not_started imagery=not_started
[MONITOR] up=652850s window=10s thermal=not_started imagery=not_started
[MONITOR] up=652860s window=10s thermal=not_started imagery=not_started
[MONITOR] up=652870s window=10s thermal=not_started imagery=not_started
[MONITOR] up=652880s window=10s thermal=not_started imagery=not_started
[MONITOR] up=652890s window=10s thermal=not_started imagery=not_started
[MONITOR] up=652900s window=10s thermal=not_started imagery=not_started
[MONITOR] up=652910s window=10s thermal=not_started imagery=not_started
[MONITOR] up=652920s window=10s thermal=not_started imagery=not_started
[MONITOR] up=652930s window=10s thermal=not_started imagery=not_started
[MONITOR] up=652940s window=10s thermal=not_started imagery=not_started
[MONITOR] up=652950s window=10s thermal=not_started imagery=not_started
[MONITOR] up=652960s window=10s thermal=not_started imagery=not_started
[MONITOR] up=652970s window=10s thermal=not_started imagery=not_started
[MONITOR] up=652980s window=10s thermal=not_started imagery=not_started
[MONITOR] up=652990s window=10s thermal=not_started imagery=not_started
[MONITOR] up=653000s window=10s thermal=not_started imagery=not_started
[MONITOR] up=653010s window=10s thermal=not_started imagery=not_started
[MONITOR] up=653020s window=10s thermal=not_started imagery=not_started
[MONITOR] up=653030s window=10s thermal=not_started imagery=not_started
[MONITOR] up=653040s window=10s thermal=not_started imagery=not_started
[MONITOR] up=653050s window=10s thermal=not_started imagery=not_started
[MONITOR] up=653060s window=10s thermal=not_started imagery=not_started
[MONITOR] up=653070s window=10s thermal=not_started imagery=not_started
[MONITOR] up=653080s window=10s thermal=not_started imagery=not_started
[MONITOR] up=653090s window=10s thermal=not_started imagery=not_started
[MONITOR] up=653100s window=10s thermal=not_started imagery=not_started
[MONITOR] up=653110s window=10s thermal=not_started imagery=not_started
[MONITOR] up=653120s window=10s thermal=not_started imagery=not_started
[MONITOR] up=653130s window=10s thermal=not_started imagery=not_started
[MONITOR] up=653140s window=10s thermal=not_started imagery=not_started
[MONITOR] up=653150s window=10s thermal=not_started imagery=not_started
[MONITOR] up=653160s window=10s thermal=not_started imagery=not_started
[MONITOR] up=653170s window=10s thermal=not_started imagery=not_started
[MONITOR] up=653180s window=10s thermal=not_started imagery=not_started
[MONITOR] up=653190s window=10s thermal=not_started imagery=not_started
[MONITOR] up=653200s window=10s thermal=not_started imagery=not_started
[MONITOR] up=653210s window=10s thermal=not_started imagery=not_started
[MONITOR] up=653220s window=10s thermal=not_started imagery=not_started
[MONITOR] up=653230s window=10s thermal=not_started imagery=not_started
[MONITOR] up=653240s window=10s thermal=not_started imagery=not_started
[MONITOR] up=653250s window=10s thermal=not_started imagery=not_started
[MONITOR] up=653260s window=10s thermal=not_started imagery=not_started
[MONITOR] up=653270s window=10s thermal=not_started imagery=not_started
[MONITOR] up=653280s window=10s thermal=not_started imagery=not_started
[MONITOR] up=653290s window=10s thermal=not_started imagery=not_started
[MONITOR] up=653300s window=10s thermal=not_started imagery=not_started
[MONITOR] up=653310s window=10s thermal=not_started imagery=not_started
[MONITOR] up=653320s window=10s thermal=not_started imagery=not_started
[MONITOR] up=653330s window=10s thermal=not_started imagery=not_started
[MONITOR] up=653340s window=10s thermal=not_started imagery=not_started
[MONITOR] up=653350s window=10s thermal=not_started imagery=not_started
[MONITOR] up=653360s window=10s thermal=not_started imagery=not_started
[MONITOR] up=653370s window=10s thermal=not_started imagery=not_started
[MONITOR] up=653380s window=10s thermal=not_started imagery=not_started
[MONITOR] up=653390s window=10s thermal=not_started imagery=not_started
[MONITOR] up=653400s window=10s thermal=not_started imagery=not_started
[MONITOR] up=653410s window=10s thermal=not_started imagery=not_started
[MONITOR] up=653420s window=10s thermal=not_started imagery=not_started
[MONITOR] up=653430s window=10s thermal=not_started imagery=not_started
[MONITOR] up=653440s window=10s thermal=not_started imagery=not_started
[MONITOR] up=653450s window=10s thermal=not_started imagery=not_started
[MONITOR] up=653460s window=10s thermal=not_started imagery=not_started
[MONITOR] up=653470s window=10s thermal=not_started imagery=not_started
[MONITOR] up=653480s window=10s thermal=not_started imagery=not_started
[MONITOR] up=653490s window=10s thermal=not_started imagery=not_started
[MONITOR] up=653500s window=10s thermal=not_started imagery=not_started
[MONITOR] up=653510s window=10s thermal=not_started imagery=not_started
[MONITOR] up=653520s window=10s thermal=not_started imagery=not_started
[MONITOR] up=653530s window=10s thermal=not_started imagery=not_started
[MONITOR] up=653540s window=10s thermal=not_started imagery=not_started
[MONITOR] up=653550s window=10s thermal=not_started imagery=not_started
[MONITOR] up=653560s window=10s thermal=not_started imagery=not_started
[MONITOR] up=653570s window=10s thermal=not_started imagery=not_started
[MONITOR] up=653580s window=10s thermal=not_started imagery=not_started
[MONITOR] up=653590s window=10s thermal=not_started imagery=not_started
[MONITOR] up=653601s window=10s thermal=not_started imagery=not_started
[MONITOR] up=653611s window=10s thermal=not_started imagery=not_started
[MONITOR] up=653621s window=10s thermal=not_started imagery=not_started
[MONITOR] up=653631s window=10s thermal=not_started imagery=not_started
[MONITOR] up=653641s window=10s thermal=not_started imagery=not_started
[MONITOR] up=653651s window=10s thermal=not_started imagery=not_started
[MONITOR] up=653661s window=10s thermal=not_started imagery=not_started
[MONITOR] up=653671s window=10s thermal=not_started imagery=not_started
[MONITOR] up=653681s window=10s thermal=not_started imagery=not_started
[MONITOR] up=653691s window=10s thermal=not_started imagery=not_started
[MONITOR] up=653701s window=10s thermal=not_started imagery=not_started
[MONITOR] up=653711s window=10s thermal=not_started imagery=not_started
[MONITOR] up=653721s window=10s thermal=not_started imagery=not_started
[MONITOR] up=653731s window=10s thermal=not_started imagery=not_started
[MONITOR] up=653741s window=10s thermal=not_started imagery=not_started
[MONITOR] up=653751s window=10s thermal=not_started imagery=not_started
[MONITOR] up=653761s window=10s thermal=not_started imagery=not_started
[MONITOR] up=653771s window=10s thermal=not_started imagery=not_started
[MONITOR] up=653781s window=10s thermal=not_started imagery=not_started
[MONITOR] up=653791s window=10s thermal=not_started imagery=not_started
[MONITOR] up=653801s window=10s thermal=not_started imagery=not_started
[MONITOR] up=653811s window=10s thermal=not_started imagery=not_started
[MONITOR] up=653821s window=10s thermal=not_started imagery=not_started
[MONITOR] up=653831s window=10s thermal=not_started imagery=not_started
[MONITOR] up=653841s window=10s thermal=not_started imagery=not_started
[MONITOR] up=653851s window=10s thermal=not_started imagery=not_started
[MONITOR] up=653861s window=10s thermal=not_started imagery=not_started
[MONITOR] up=653871s window=10s thermal=not_started imagery=not_started
[MONITOR] up=653881s window=10s thermal=not_started imagery=not_started
[MONITOR] up=653891s window=10s thermal=not_started imagery=not_started
[MONITOR] up=653901s window=10s thermal=not_started imagery=not_started
[MONITOR] up=653911s window=10s thermal=not_started imagery=not_started
[MONITOR] up=653921s window=10s thermal=not_started imagery=not_started
[MONITOR] up=653931s window=10s thermal=not_started imagery=not_started
[MONITOR] up=653941s window=10s thermal=not_started imagery=not_started
[MONITOR] up=653951s window=10s thermal=not_started imagery=not_started
[MONITOR] up=653961s window=10s thermal=not_started imagery=not_started
[MONITOR] up=653971s window=10s thermal=not_started imagery=not_started
[MONITOR] up=653981s window=10s thermal=not_started imagery=not_started
[MONITOR] up=653991s window=10s thermal=not_started imagery=not_started
[MONITOR] up=654001s window=10s thermal=not_started imagery=not_started
[MONITOR] up=654011s window=10s thermal=not_started imagery=not_started
[MONITOR] up=654021s window=10s thermal=not_started imagery=not_started
[MONITOR] up=654031s window=10s thermal=not_started imagery=not_started
[MONITOR] up=654041s window=10s thermal=not_started imagery=not_started
[MONITOR] up=654051s window=10s thermal=not_started imagery=not_started
[MONITOR] up=654061s window=10s thermal=not_started imagery=not_started
[MONITOR] up=654071s window=10s thermal=not_started imagery=not_started
[MONITOR] up=654081s window=10s thermal=not_started imagery=not_started
[MONITOR] up=654091s window=10s thermal=not_started imagery=not_started
[MONITOR] up=654101s window=10s thermal=not_started imagery=not_started
[MONITOR] up=654111s window=10s thermal=not_started imagery=not_started
[MONITOR] up=654121s window=10s thermal=not_started imagery=not_started
[MONITOR] up=654131s window=10s thermal=not_started imagery=not_started
[MONITOR] up=654141s window=10s thermal=not_started imagery=not_started
[MONITOR] up=654151s window=10s thermal=not_started imagery=not_started
[MONITOR] up=654161s window=10s thermal=not_started imagery=not_started
[MONITOR] up=654171s window=10s thermal=not_started imagery=not_started
[MONITOR] up=654181s window=10s thermal=not_started imagery=not_started
[MONITOR] up=654191s window=10s thermal=not_started imagery=not_started
[MONITOR] up=654201s window=10s thermal=not_started imagery=not_started
[MONITOR] up=654211s window=10s thermal=not_started imagery=not_started
[MONITOR] up=654221s window=10s thermal=not_started imagery=not_started
[MONITOR] up=654231s window=10s thermal=not_started imagery=not_started
[MONITOR] up=654241s window=10s thermal=not_started imagery=not_started
[MONITOR] up=654251s window=10s thermal=not_started imagery=not_started
[MONITOR] up=654261s window=10s thermal=not_started imagery=not_started
[MONITOR] up=654271s window=10s thermal=not_started imagery=not_started
[MONITOR] up=654281s window=10s thermal=not_started imagery=not_started
[MONITOR] up=654291s window=10s thermal=not_started imagery=not_started
[MONITOR] up=654301s window=10s thermal=not_started imagery=not_started
[MONITOR] up=654311s window=10s thermal=not_started imagery=not_started
[MONITOR] up=654321s window=10s thermal=not_started imagery=not_started
[MONITOR] up=654331s window=10s thermal=not_started imagery=not_started
[MONITOR] up=654341s window=10s thermal=not_started imagery=not_started
[MONITOR] up=654351s window=10s thermal=not_started imagery=not_started
[MONITOR] up=654361s window=10s thermal=not_started imagery=not_started
[MONITOR] up=654371s window=10s thermal=not_started imagery=not_started
[MONITOR] up=654381s window=10s thermal=not_started imagery=not_started
[MONITOR] up=654391s window=10s thermal=not_started imagery=not_started
[MONITOR] up=654401s window=10s thermal=not_started imagery=not_started
[MONITOR] up=654411s window=10s thermal=not_started imagery=not_started
[MONITOR] up=654421s window=10s thermal=not_started imagery=not_started
[MONITOR] up=654431s window=10s thermal=not_started imagery=not_started
[MONITOR] up=654441s window=10s thermal=not_started imagery=not_started
[MONITOR] up=654451s window=10s thermal=not_started imagery=not_started
[MONITOR] up=654461s window=10s thermal=not_started imagery=not_started
[MONITOR] up=654471s window=10s thermal=not_started imagery=not_started
[MONITOR] up=654481s window=10s thermal=not_started imagery=not_started
[MONITOR] up=654491s window=10s thermal=not_started imagery=not_started
[MONITOR] up=654501s window=10s thermal=not_started imagery=not_started
[MONITOR] up=654511s window=10s thermal=not_started imagery=not_started
[MONITOR] up=654521s window=10s thermal=not_started imagery=not_started
[MONITOR] up=654531s window=10s thermal=not_started imagery=not_started
[MONITOR] up=654541s window=10s thermal=not_started imagery=not_started
[MONITOR] up=654551s window=10s thermal=not_started imagery=not_started
[MONITOR] up=654561s window=10s thermal=not_started imagery=not_started
[MONITOR] up=654571s window=10s thermal=not_started imagery=not_started
[MONITOR] up=654581s window=10s thermal=not_started imagery=not_started
[MONITOR] up=654591s window=10s thermal=not_started imagery=not_started
[MONITOR] up=654601s window=10s thermal=not_started imagery=not_started
[MONITOR] up=654611s window=10s thermal=not_started imagery=not_started
[MONITOR] up=654621s window=10s thermal=not_started imagery=not_started
[MONITOR] up=654631s window=10s thermal=not_started imagery=not_started
[MONITOR] up=654641s window=10s thermal=not_started imagery=not_started
[MONITOR] up=654651s window=10s thermal=not_started imagery=not_started
[MONITOR] up=654661s window=10s thermal=not_started imagery=not_started
[MONITOR] up=654671s window=10s thermal=not_started imagery=not_started
[MONITOR] up=654681s window=10s thermal=not_started imagery=not_started
[MONITOR] up=654691s window=10s thermal=not_started imagery=not_started
[MONITOR] up=654701s window=10s thermal=not_started imagery=not_started
[MONITOR] up=654711s window=10s thermal=not_started imagery=not_started
[MONITOR] up=654721s window=10s thermal=not_started imagery=not_started
[MONITOR] up=654731s window=10s thermal=not_started imagery=not_started
[MONITOR] up=654741s window=10s thermal=not_started imagery=not_started
[MONITOR] up=654751s window=10s thermal=not_started imagery=not_started
[MONITOR] up=654761s window=10s thermal=not_started imagery=not_started
[MONITOR] up=654771s window=10s thermal=not_started imagery=not_started
[MONITOR] up=654781s window=10s thermal=not_started imagery=not_started
[MONITOR] up=654791s window=10s thermal=not_started imagery=not_started
[MONITOR] up=654801s window=10s thermal=not_started imagery=not_started
[MONITOR] up=654811s window=10s thermal=not_started imagery=not_started
[MONITOR] up=654821s window=10s thermal=not_started imagery=not_started
[MONITOR] up=654831s window=10s thermal=not_started imagery=not_started
[MONITOR] up=654841s window=10s thermal=not_started imagery=not_started
[MONITOR] up=654851s window=10s thermal=not_started imagery=not_started
[MONITOR] up=654861s window=10s thermal=not_started imagery=not_started
[MONITOR] up=654871s window=10s thermal=not_started imagery=not_started
[MONITOR] up=654881s window=10s thermal=not_started imagery=not_started
[MONITOR] up=654891s window=10s thermal=not_started imagery=not_started
[MONITOR] up=654901s window=10s thermal=not_started imagery=not_started
[MONITOR] up=654911s window=10s thermal=not_started imagery=not_started
[MONITOR] up=654921s window=10s thermal=not_started imagery=not_started
[MONITOR] up=654931s window=10s thermal=not_started imagery=not_started
[MONITOR] up=654941s window=10s thermal=not_started imagery=not_started
[MONITOR] up=654951s window=10s thermal=not_started imagery=not_started
[MONITOR] up=654961s window=10s thermal=not_started imagery=not_started
[MONITOR] up=654971s window=10s thermal=not_started imagery=not_started
[MONITOR] up=654981s window=10s thermal=not_started imagery=not_started
[MONITOR] up=654991s window=10s thermal=not_started imagery=not_started
[MONITOR] up=655001s window=10s thermal=not_started imagery=not_started
[MONITOR] up=655011s window=10s thermal=not_started imagery=not_started
[MONITOR] up=655021s window=10s thermal=not_started imagery=not_started
[MONITOR] up=655031s window=10s thermal=not_started imagery=not_started
[MONITOR] up=655041s window=10s thermal=not_started imagery=not_started
[MONITOR] up=655051s window=10s thermal=not_started imagery=not_started
[MONITOR] up=655061s window=10s thermal=not_started imagery=not_started
[MONITOR] up=655071s window=10s thermal=not_started imagery=not_started
[MONITOR] up=655081s window=10s thermal=not_started imagery=not_started
[MONITOR] up=655091s window=10s thermal=not_started imagery=not_started
[MONITOR] up=655101s window=10s thermal=not_started imagery=not_started
[MONITOR] up=655111s window=10s thermal=not_started imagery=not_started
[MONITOR] up=655121s window=10s thermal=not_started imagery=not_started
[MONITOR] up=655131s window=10s thermal=not_started imagery=not_started
[MONITOR] up=655141s window=10s thermal=not_started imagery=not_started
[MONITOR] up=655151s window=10s thermal=not_started imagery=not_started
[MONITOR] up=655161s window=10s thermal=not_started imagery=not_started
[MONITOR] up=655171s window=10s thermal=not_started imagery=not_started
[MONITOR] up=655181s window=10s thermal=not_started imagery=not_started
[MONITOR] up=655191s window=10s thermal=not_started imagery=not_started
[MONITOR] up=655201s window=10s thermal=not_started imagery=not_started
[MONITOR] up=655211s window=10s thermal=not_started imagery=not_started
[MONITOR] up=655221s window=10s thermal=not_started imagery=not_started
[MONITOR] up=655231s window=10s thermal=not_started imagery=not_started
[MONITOR] up=655241s window=10s thermal=not_started imagery=not_started
[MONITOR] up=655251s window=10s thermal=not_started imagery=not_started
[MONITOR] up=655261s window=10s thermal=not_started imagery=not_started
[MONITOR] up=655271s window=10s thermal=not_started imagery=not_started
[MONITOR] up=655281s window=10s thermal=not_started imagery=not_started
[MONITOR] up=655291s window=10s thermal=not_started imagery=not_started
[MONITOR] up=655301s window=10s thermal=not_started imagery=not_started
[MONITOR] up=655311s window=10s thermal=not_started imagery=not_started
[MONITOR] up=655321s window=10s thermal=not_started imagery=not_started
[MONITOR] up=655331s window=10s thermal=not_started imagery=not_started
[MONITOR] up=655341s window=10s thermal=not_started imagery=not_started
[MONITOR] up=655351s window=10s thermal=not_started imagery=not_started
[MONITOR] up=655361s window=10s thermal=not_started imagery=not_started
[MONITOR] up=655371s window=10s thermal=not_started imagery=not_started
[MONITOR] up=655381s window=10s thermal=not_started imagery=not_started
[MONITOR] up=655391s window=10s thermal=not_started imagery=not_started
[MONITOR] up=655401s window=10s thermal=not_started imagery=not_started
[MONITOR] up=655411s window=10s thermal=not_started imagery=not_started
[MONITOR] up=655421s window=10s thermal=not_started imagery=not_started
[MONITOR] up=655431s window=10s thermal=not_started imagery=not_started
[MONITOR] up=655441s window=10s thermal=not_started imagery=not_started
[MONITOR] up=655451s window=10s thermal=not_started imagery=not_started
[MONITOR] up=655461s window=10s thermal=not_started imagery=not_started
[MONITOR] up=655471s window=10s thermal=not_started imagery=not_started
[MONITOR] up=655481s window=10s thermal=not_started imagery=not_started
[MONITOR] up=655491s window=10s thermal=not_started imagery=not_started
[MONITOR] up=655501s window=10s thermal=not_started imagery=not_started
[MONITOR] up=655511s window=10s thermal=not_started imagery=not_started
[MONITOR] up=655521s window=10s thermal=not_started imagery=not_started
[MONITOR] up=655531s window=10s thermal=not_started imagery=not_started
[MONITOR] up=655541s window=10s thermal=not_started imagery=not_started
[MONITOR] up=655551s window=10s thermal=not_started imagery=not_started
[MONITOR] up=655561s window=10s thermal=not_started imagery=not_started
[MONITOR] up=655571s window=10s thermal=not_started imagery=not_started
[MONITOR] up=655581s window=10s thermal=not_started imagery=not_started
[MONITOR] up=655591s window=10s thermal=not_started imagery=not_started
[MONITOR] up=655601s window=10s thermal=not_started imagery=not_started
[MONITOR] up=655611s window=10s thermal=not_started imagery=not_started
[MONITOR] up=655621s window=10s thermal=not_started imagery=not_started
[MONITOR] up=655631s window=10s thermal=not_started imagery=not_started
[MONITOR] up=655641s window=10s thermal=not_started imagery=not_started
[MONITOR] up=655651s window=10s thermal=not_started imagery=not_started
[MONITOR] up=655661s window=10s thermal=not_started imagery=not_started
[MONITOR] up=655671s window=10s thermal=not_started imagery=not_started
[MONITOR] up=655681s window=10s thermal=not_started imagery=not_started
[MONITOR] up=655691s window=10s thermal=not_started imagery=not_started
[MONITOR] up=655701s window=10s thermal=not_started imagery=not_started
[MONITOR] up=655711s window=10s thermal=not_started imagery=not_started
[MONITOR] up=655721s window=10s thermal=not_started imagery=not_started
[MONITOR] up=655731s window=10s thermal=not_started imagery=not_started
[MONITOR] up=655741s window=10s thermal=not_started imagery=not_started
[MONITOR] up=655751s window=10s thermal=not_started imagery=not_started
[MONITOR] up=655761s window=10s thermal=not_started imagery=not_started
[MONITOR] up=655771s window=10s thermal=not_started imagery=not_started
[MONITOR] up=655781s window=10s thermal=not_started imagery=not_started
[MONITOR] up=655791s window=10s thermal=not_started imagery=not_started
[MONITOR] up=655801s window=10s thermal=not_started imagery=not_started
[MONITOR] up=655811s window=10s thermal=not_started imagery=not_started
[MONITOR] up=655821s window=10s thermal=not_started imagery=not_started
[MONITOR] up=655831s window=10s thermal=not_started imagery=not_started
[MONITOR] up=655841s window=10s thermal=not_started imagery=not_started
[MONITOR] up=655851s window=10s thermal=not_started imagery=not_started
[MONITOR] up=655861s window=10s thermal=not_started imagery=not_started
[MONITOR] up=655871s window=10s thermal=not_started imagery=not_started
[MONITOR] up=655881s window=10s thermal=not_started imagery=not_started
[MONITOR] up=655891s window=10s thermal=not_started imagery=not_started
[MONITOR] up=655901s window=10s thermal=not_started imagery=not_started
[MONITOR] up=655911s window=10s thermal=not_started imagery=not_started
[MONITOR] up=655921s window=10s thermal=not_started imagery=not_started
[MONITOR] up=655931s window=10s thermal=not_started imagery=not_started
[MONITOR] up=655941s window=10s thermal=not_started imagery=not_started
[MONITOR] up=655951s window=10s thermal=not_started imagery=not_started
[MONITOR] up=655961s window=10s thermal=not_started imagery=not_started
[MONITOR] up=655971s window=10s thermal=not_started imagery=not_started
[MONITOR] up=655981s window=10s thermal=not_started imagery=not_started
[MONITOR] up=655991s window=10s thermal=not_started imagery=not_started
[MONITOR] up=656001s window=10s thermal=not_started imagery=not_started
[MONITOR] up=656011s window=10s thermal=not_started imagery=not_started
[MONITOR] up=656021s window=10s thermal=not_started imagery=not_started
[MONITOR] up=656031s window=10s thermal=not_started imagery=not_started
[MONITOR] up=656041s window=10s thermal=not_started imagery=not_started
[MONITOR] up=656051s window=10s thermal=not_started imagery=not_started
[MONITOR] up=656061s window=10s thermal=not_started imagery=not_started
[MONITOR] up=656071s window=10s thermal=not_started imagery=not_started
[MONITOR] up=656081s window=10s thermal=not_started imagery=not_started
[MONITOR] up=656091s window=10s thermal=not_started imagery=not_started
[MONITOR] up=656101s window=10s thermal=not_started imagery=not_started
[MONITOR] up=656111s window=10s thermal=not_started imagery=not_started
[MONITOR] up=656121s window=10s thermal=not_started imagery=not_started
[MONITOR] up=656131s window=10s thermal=not_started imagery=not_started
[MONITOR] up=656141s window=10s thermal=not_started imagery=not_started
[MONITOR] up=656151s window=10s thermal=not_started imagery=not_started
[MONITOR] up=656161s window=10s thermal=not_started imagery=not_started
[MONITOR] up=656171s window=10s thermal=not_started imagery=not_started
[MONITOR] up=656181s window=10s thermal=not_started imagery=not_started
[MONITOR] up=656191s window=10s thermal=not_started imagery=not_started
[MONITOR] up=656201s window=10s thermal=not_started imagery=not_started
[MONITOR] up=656211s window=10s thermal=not_started imagery=not_started
[MONITOR] up=656221s window=10s thermal=not_started imagery=not_started
[MONITOR] up=656231s window=10s thermal=not_started imagery=not_started
[MONITOR] up=656241s window=10s thermal=not_started imagery=not_started
[MONITOR] up=656251s window=10s thermal=not_started imagery=not_started
[MONITOR] up=656261s window=10s thermal=not_started imagery=not_started
[MONITOR] up=656271s window=10s thermal=not_started imagery=not_started
[MONITOR] up=656281s window=10s thermal=not_started imagery=not_started
[MONITOR] up=656291s window=10s thermal=not_started imagery=not_started
[MONITOR] up=656301s window=10s thermal=not_started imagery=not_started
[MONITOR] up=656311s window=10s thermal=not_started imagery=not_started
[MONITOR] up=656321s window=10s thermal=not_started imagery=not_started
[MONITOR] up=656331s window=10s thermal=not_started imagery=not_started
[MONITOR] up=656341s window=10s thermal=not_started imagery=not_started
[MONITOR] up=656351s window=10s thermal=not_started imagery=not_started
[MONITOR] up=656361s window=10s thermal=not_started imagery=not_started
[MONITOR] up=656371s window=10s thermal=not_started imagery=not_started
[MONITOR] up=656381s window=10s thermal=not_started imagery=not_started
[MONITOR] up=656391s window=10s thermal=not_started imagery=not_started
[MONITOR] up=656401s window=10s thermal=not_started imagery=not_started
[MONITOR] up=656411s window=10s thermal=not_started imagery=not_started
[MONITOR] up=656421s window=10s thermal=not_started imagery=not_started
[MONITOR] up=656431s window=10s thermal=not_started imagery=not_started
[MONITOR] up=656441s window=10s thermal=not_started imagery=not_started
[MONITOR] up=656451s window=10s thermal=not_started imagery=not_started
[MONITOR] up=656461s window=10s thermal=not_started imagery=not_started
[MONITOR] up=656471s window=10s thermal=not_started imagery=not_started
[MONITOR] up=656481s window=10s thermal=not_started imagery=not_started
[MONITOR] up=656491s window=10s thermal=not_started imagery=not_started
[MONITOR] up=656501s window=10s thermal=not_started imagery=not_started
[MONITOR] up=656511s window=10s thermal=not_started imagery=not_started
[MONITOR] up=656521s window=10s thermal=not_started imagery=not_started
[MONITOR] up=656531s window=10s thermal=not_started imagery=not_started
[MONITOR] up=656541s window=10s thermal=not_started imagery=not_started
[MONITOR] up=656551s window=10s thermal=not_started imagery=not_started
[MONITOR] up=656561s window=10s thermal=not_started imagery=not_started
[MONITOR] up=656571s window=10s thermal=not_started imagery=not_started
[MONITOR] up=656581s window=10s thermal=not_started imagery=not_started
[MONITOR] up=656591s window=10s thermal=not_started imagery=not_started
[MONITOR] up=656601s window=10s thermal=not_started imagery=not_started
[MONITOR] up=656611s window=10s thermal=not_started imagery=not_started
[MONITOR] up=656621s window=10s thermal=not_started imagery=not_started
[MONITOR] up=656631s window=10s thermal=not_started imagery=not_started
[MONITOR] up=656641s window=10s thermal=not_started imagery=not_started
[MONITOR] up=656651s window=10s thermal=not_started imagery=not_started
[MONITOR] up=656661s window=10s thermal=not_started imagery=not_started
[MONITOR] up=656671s window=10s thermal=not_started imagery=not_started
[MONITOR] up=656681s window=10s thermal=not_started imagery=not_started
[MONITOR] up=656691s window=10s thermal=not_started imagery=not_started
[MONITOR] up=656701s window=10s thermal=not_started imagery=not_started
[MONITOR] up=656711s window=10s thermal=not_started imagery=not_started
[MONITOR] up=656721s window=10s thermal=not_started imagery=not_started
[MONITOR] up=656731s window=10s thermal=not_started imagery=not_started
[MONITOR] up=656741s window=10s thermal=not_started imagery=not_started
[MONITOR] up=656751s window=10s thermal=not_started imagery=not_started
[MONITOR] up=656761s window=10s thermal=not_started imagery=not_started
[MONITOR] up=656771s window=10s thermal=not_started imagery=not_started
[MONITOR] up=656781s window=10s thermal=not_started imagery=not_started
[MONITOR] up=656791s window=10s thermal=not_started imagery=not_started
[MONITOR] up=656801s window=10s thermal=not_started imagery=not_started
[MONITOR] up=656811s window=10s thermal=not_started imagery=not_started
[MONITOR] up=656821s window=10s thermal=not_started imagery=not_started
[MONITOR] up=656831s window=10s thermal=not_started imagery=not_started
[MONITOR] up=656841s window=10s thermal=not_started imagery=not_started
[MONITOR] up=656851s window=10s thermal=not_started imagery=not_started
[MONITOR] up=656861s window=10s thermal=not_started imagery=not_started
[MONITOR] up=656871s window=10s thermal=not_started imagery=not_started
[MONITOR] up=656881s window=10s thermal=not_started imagery=not_started
[MONITOR] up=656891s window=10s thermal=not_started imagery=not_started
[MONITOR] up=656901s window=10s thermal=not_started imagery=not_started
[MONITOR] up=656911s window=10s thermal=not_started imagery=not_started
[MONITOR] up=656921s window=10s thermal=not_started imagery=not_started
[MONITOR] up=656931s window=10s thermal=not_started imagery=not_started
[MONITOR] up=656941s window=10s thermal=not_started imagery=not_started
[MONITOR] up=656951s window=10s thermal=not_started imagery=not_started
[MONITOR] up=656961s window=10s thermal=not_started imagery=not_started
[MONITOR] up=656971s window=10s thermal=not_started imagery=not_started
[MONITOR] up=656981s window=10s thermal=not_started imagery=not_started
[MONITOR] up=656991s window=10s thermal=not_started imagery=not_started
[MONITOR] up=657001s window=10s thermal=not_started imagery=not_started
[MONITOR] up=657011s window=10s thermal=not_started imagery=not_started
[MONITOR] up=657021s window=10s thermal=not_started imagery=not_started
[MONITOR] up=657031s window=10s thermal=not_started imagery=not_started
[MONITOR] up=657041s window=10s thermal=not_started imagery=not_started
[MONITOR] up=657051s window=10s thermal=not_started imagery=not_started
[MONITOR] up=657061s window=10s thermal=not_started imagery=not_started
[MONITOR] up=657071s window=10s thermal=not_started imagery=not_started
[MONITOR] up=657081s window=10s thermal=not_started imagery=not_started
[MONITOR] up=657091s window=10s thermal=not_started imagery=not_started
[MONITOR] up=657101s window=10s thermal=not_started imagery=not_started
[MONITOR] up=657111s window=10s thermal=not_started imagery=not_started
[MONITOR] up=657121s window=10s thermal=not_started imagery=not_started
[MONITOR] up=657131s window=10s thermal=not_started imagery=not_started
[MONITOR] up=657141s window=10s thermal=not_started imagery=not_started
[MONITOR] up=657151s window=10s thermal=not_started imagery=not_started
[MONITOR] up=657161s window=10s thermal=not_started imagery=not_started
[MONITOR] up=657171s window=10s thermal=not_started imagery=not_started
[MONITOR] up=657181s window=10s thermal=not_started imagery=not_started
[MONITOR] up=657191s window=10s thermal=not_started imagery=not_started
[MONITOR] up=657201s window=10s thermal=not_started imagery=not_started
[MONITOR] up=657211s window=10s thermal=not_started imagery=not_started
[MONITOR] up=657221s window=10s thermal=not_started imagery=not_started
[MONITOR] up=657231s window=10s thermal=not_started imagery=not_started
[MONITOR] up=657241s window=10s thermal=not_started imagery=not_started
[MONITOR] up=657251s window=10s thermal=not_started imagery=not_started
[MONITOR] up=657261s window=10s thermal=not_started imagery=not_started
[MONITOR] up=657271s window=10s thermal=not_started imagery=not_started
[MONITOR] up=657281s window=10s thermal=not_started imagery=not_started
[MONITOR] up=657291s window=10s thermal=not_started imagery=not_started
[MONITOR] up=657301s window=10s thermal=not_started imagery=not_started
[MONITOR] up=657311s window=10s thermal=not_started imagery=not_started
[MONITOR] up=657321s window=10s thermal=not_started imagery=not_started
[MONITOR] up=657331s window=10s thermal=not_started imagery=not_started
[MONITOR] up=657341s window=10s thermal=not_started imagery=not_started
[MONITOR] up=657351s window=10s thermal=not_started imagery=not_started
[MONITOR] up=657361s window=10s thermal=not_started imagery=not_started
[MONITOR] up=657371s window=10s thermal=not_started imagery=not_started
[MONITOR] up=657381s window=10s thermal=not_started imagery=not_started
[MONITOR] up=657391s window=10s thermal=not_started imagery=not_started
[MONITOR] up=657401s window=10s thermal=not_started imagery=not_started
[MONITOR] up=657411s window=10s thermal=not_started imagery=not_started
[MONITOR] up=657421s window=10s thermal=not_started imagery=not_started
[MONITOR] up=657431s window=10s thermal=not_started imagery=not_started
[MONITOR] up=657441s window=10s thermal=not_started imagery=not_started
[MONITOR] up=657451s window=10s thermal=not_started imagery=not_started
[MONITOR] up=657461s window=10s thermal=not_started imagery=not_started
[MONITOR] up=657471s window=10s thermal=not_started imagery=not_started
[MONITOR] up=657481s window=10s thermal=not_started imagery=not_started
[MONITOR] up=657491s window=10s thermal=not_started imagery=not_started
[MONITOR] up=657501s window=10s thermal=not_started imagery=not_started
[MONITOR] up=657511s window=10s thermal=not_started imagery=not_started
[MONITOR] up=657521s window=10s thermal=not_started imagery=not_started
[MONITOR] up=657531s window=10s thermal=not_started imagery=not_started
[MONITOR] up=657541s window=10s thermal=not_started imagery=not_started
[MONITOR] up=657551s window=10s thermal=not_started imagery=not_started
[MONITOR] up=657561s window=10s thermal=not_started imagery=not_started
[MONITOR] up=657571s window=10s thermal=not_started imagery=not_started
[MONITOR] up=657581s window=10s thermal=not_started imagery=not_started
[MONITOR] up=657591s window=10s thermal=not_started imagery=not_started
[MONITOR] up=657601s window=10s thermal=not_started imagery=not_started
[MONITOR] up=657611s window=10s thermal=not_started imagery=not_started
[MONITOR] up=657621s window=10s thermal=not_started imagery=not_started
[MONITOR] up=657631s window=10s thermal=not_started imagery=not_started
[MONITOR] up=657641s window=10s thermal=not_started imagery=not_started
[MONITOR] up=657651s window=10s thermal=not_started imagery=not_started
[MONITOR] up=657661s window=10s thermal=not_started imagery=not_started
[MONITOR] up=657671s window=10s thermal=not_started imagery=not_started
[MONITOR] up=657681s window=10s thermal=not_started imagery=not_started
[MONITOR] up=657691s window=10s thermal=not_started imagery=not_started
[MONITOR] up=657701s window=10s thermal=not_started imagery=not_started
[MONITOR] up=657711s window=10s thermal=not_started imagery=not_started
[MONITOR] up=657721s window=10s thermal=not_started imagery=not_started
[MONITOR] up=657731s window=10s thermal=not_started imagery=not_started
[MONITOR] up=657741s window=10s thermal=not_started imagery=not_started
[MONITOR] up=657751s window=10s thermal=not_started imagery=not_started
[MONITOR] up=657761s window=10s thermal=not_started imagery=not_started
[MONITOR] up=657771s window=10s thermal=not_started imagery=not_started
[MONITOR] up=657781s window=10s thermal=not_started imagery=not_started
[MONITOR] up=657791s window=10s thermal=not_started imagery=not_started
[MONITOR] up=657801s window=10s thermal=not_started imagery=not_started
[MONITOR] up=657811s window=10s thermal=not_started imagery=not_started
[MONITOR] up=657821s window=10s thermal=not_started imagery=not_started
[MONITOR] up=657831s window=10s thermal=not_started imagery=not_started
[MONITOR] up=657841s window=10s thermal=not_started imagery=not_started
[MONITOR] up=657851s window=10s thermal=not_started imagery=not_started
[MONITOR] up=657861s window=10s thermal=not_started imagery=not_started
[MONITOR] up=657871s window=10s thermal=not_started imagery=not_started
[MONITOR] up=657881s window=10s thermal=not_started imagery=not_started
[MONITOR] up=657891s window=10s thermal=not_started imagery=not_started
[MONITOR] up=657901s window=10s thermal=not_started imagery=not_started
[MONITOR] up=657911s window=10s thermal=not_started imagery=not_started
[MONITOR] up=657921s window=10s thermal=not_started imagery=not_started
[MONITOR] up=657931s window=10s thermal=not_started imagery=not_started
[MONITOR] up=657941s window=10s thermal=not_started imagery=not_started
[MONITOR] up=657951s window=10s thermal=not_started imagery=not_started
[MONITOR] up=657961s window=10s thermal=not_started imagery=not_started
[MONITOR] up=657971s window=10s thermal=not_started imagery=not_started
[MONITOR] up=657981s window=10s thermal=not_started imagery=not_started
[MONITOR] up=657991s window=10s thermal=not_started imagery=not_started
[MONITOR] up=658001s window=10s thermal=not_started imagery=not_started
[MONITOR] up=658011s window=10s thermal=not_started imagery=not_started
[MONITOR] up=658021s window=10s thermal=not_started imagery=not_started
[MONITOR] up=658031s window=10s thermal=not_started imagery=not_started
[MONITOR] up=658041s window=10s thermal=not_started imagery=not_started
[MONITOR] up=658051s window=10s thermal=not_started imagery=not_started
[MONITOR] up=658061s window=10s thermal=not_started imagery=not_started
[MONITOR] up=658071s window=10s thermal=not_started imagery=not_started
[MONITOR] up=658081s window=10s thermal=not_started imagery=not_started
[MONITOR] up=658091s window=10s thermal=not_started imagery=not_started
[MONITOR] up=658101s window=10s thermal=not_started imagery=not_started
[MONITOR] up=658111s window=10s thermal=not_started imagery=not_started
[MONITOR] up=658121s window=10s thermal=not_started imagery=not_started
[MONITOR] up=658131s window=10s thermal=not_started imagery=not_started
[MONITOR] up=658141s window=10s thermal=not_started imagery=not_started
[MONITOR] up=658151s window=10s thermal=not_started imagery=not_started
[MONITOR] up=658161s window=10s thermal=not_started imagery=not_started
[MONITOR] up=658171s window=10s thermal=not_started imagery=not_started
[MONITOR] up=658181s window=10s thermal=not_started imagery=not_started
[MONITOR] up=658191s window=10s thermal=not_started imagery=not_started
[MONITOR] up=658201s window=10s thermal=not_started imagery=not_started
[MONITOR] up=658211s window=10s thermal=not_started imagery=not_started
[MONITOR] up=658221s window=10s thermal=not_started imagery=not_started
[MONITOR] up=658231s window=10s thermal=not_started imagery=not_started
[MONITOR] up=658241s window=10s thermal=not_started imagery=not_started
[MONITOR] up=658251s window=10s thermal=not_started imagery=not_started
[MONITOR] up=658261s window=10s thermal=not_started imagery=not_started
[MONITOR] up=658271s window=10s thermal=not_started imagery=not_started
[MONITOR] up=658281s window=10s thermal=not_started imagery=not_started
[MONITOR] up=658291s window=10s thermal=not_started imagery=not_started
[MONITOR] up=658301s window=10s thermal=not_started imagery=not_started
[MONITOR] up=658311s window=10s thermal=not_started imagery=not_started
[MONITOR] up=658321s window=10s thermal=not_started imagery=not_started
[MONITOR] up=658331s window=10s thermal=not_started imagery=not_started
[MONITOR] up=658341s window=10s thermal=not_started imagery=not_started
[MONITOR] up=658351s window=10s thermal=not_started imagery=not_started
[MONITOR] up=658361s window=10s thermal=not_started imagery=not_started
[MONITOR] up=658371s window=10s thermal=not_started imagery=not_started
[MONITOR] up=658381s window=10s thermal=not_started imagery=not_started
[MONITOR] up=658391s window=10s thermal=not_started imagery=not_started
[MONITOR] up=658401s window=10s thermal=not_started imagery=not_started
[MONITOR] up=658411s window=10s thermal=not_started imagery=not_started
[MONITOR] up=658421s window=10s thermal=not_started imagery=not_started
[MONITOR] up=658431s window=10s thermal=not_started imagery=not_started
[MONITOR] up=658441s window=10s thermal=not_started imagery=not_started
[MONITOR] up=658451s window=10s thermal=not_started imagery=not_started
[MONITOR] up=658461s window=10s thermal=not_started imagery=not_started
[MONITOR] up=658471s window=10s thermal=not_started imagery=not_started
[MONITOR] up=658481s window=10s thermal=not_started imagery=not_started
[MONITOR] up=658491s window=10s thermal=not_started imagery=not_started
[MONITOR] up=658501s window=10s thermal=not_started imagery=not_started
[MONITOR] up=658511s window=10s thermal=not_started imagery=not_started
[MONITOR] up=658521s window=10s thermal=not_started imagery=not_started
[MONITOR] up=658531s window=10s thermal=not_started imagery=not_started
[MONITOR] up=658541s window=10s thermal=not_started imagery=not_started
[MONITOR] up=658551s window=10s thermal=not_started imagery=not_started
[MONITOR] up=658561s window=10s thermal=not_started imagery=not_started
[MONITOR] up=658571s window=10s thermal=not_started imagery=not_started
[MONITOR] up=658581s window=10s thermal=not_started imagery=not_started
[MONITOR] up=658591s window=10s thermal=not_started imagery=not_started
[MONITOR] up=658601s window=10s thermal=not_started imagery=not_started
[MONITOR] up=658611s window=10s thermal=not_started imagery=not_started
[MONITOR] up=658621s window=10s thermal=not_started imagery=not_started
[MONITOR] up=658631s window=10s thermal=not_started imagery=not_started
[MONITOR] up=658641s window=10s thermal=not_started imagery=not_started
[MONITOR] up=658651s window=10s thermal=not_started imagery=not_started
[MONITOR] up=658661s window=10s thermal=not_started imagery=not_started
[MONITOR] up=658671s window=10s thermal=not_started imagery=not_started
[MONITOR] up=658681s window=10s thermal=not_started imagery=not_started
[MONITOR] up=658691s window=10s thermal=not_started imagery=not_started
[MONITOR] up=658701s window=10s thermal=not_started imagery=not_started
[MONITOR] up=658711s window=10s thermal=not_started imagery=not_started
[MONITOR] up=658721s window=10s thermal=not_started imagery=not_started
[MONITOR] up=658731s window=10s thermal=not_started imagery=not_started
[MONITOR] up=658741s window=10s thermal=not_started imagery=not_started
[MONITOR] up=658751s window=10s thermal=not_started imagery=not_started
[MONITOR] up=658761s window=10s thermal=not_started imagery=not_started
[MONITOR] up=658771s window=10s thermal=not_started imagery=not_started
[MONITOR] up=658781s window=10s thermal=not_started imagery=not_started
[MONITOR] up=658791s window=10s thermal=not_started imagery=not_started
[MONITOR] up=658801s window=10s thermal=not_started imagery=not_started
[MONITOR] up=658811s window=10s thermal=not_started imagery=not_started
[MONITOR] up=658821s window=10s thermal=not_started imagery=not_started
[MONITOR] up=658831s window=10s thermal=not_started imagery=not_started
[MONITOR] up=658841s window=10s thermal=not_started imagery=not_started
[MONITOR] up=658851s window=10s thermal=not_started imagery=not_started
[MONITOR] up=658861s window=10s thermal=not_started imagery=not_started
[MONITOR] up=658871s window=10s thermal=not_started imagery=not_started
[MONITOR] up=658881s window=10s thermal=not_started imagery=not_started
[MONITOR] up=658891s window=10s thermal=not_started imagery=not_started
[MONITOR] up=658901s window=10s thermal=not_started imagery=not_started
[MONITOR] up=658911s window=10s thermal=not_started imagery=not_started
[MONITOR] up=658921s window=10s thermal=not_started imagery=not_started
[MONITOR] up=658931s window=10s thermal=not_started imagery=not_started
[MONITOR] up=658941s window=10s thermal=not_started imagery=not_started
[MONITOR] up=658951s window=10s thermal=not_started imagery=not_started
[MONITOR] up=658961s window=10s thermal=not_started imagery=not_started
[MONITOR] up=658971s window=10s thermal=not_started imagery=not_started
[MONITOR] up=658981s window=10s thermal=not_started imagery=not_started
[MONITOR] up=658991s window=10s thermal=not_started imagery=not_started
[MONITOR] up=659001s window=10s thermal=not_started imagery=not_started
[MONITOR] up=659011s window=10s thermal=not_started imagery=not_started
[MONITOR] up=659021s window=10s thermal=not_started imagery=not_started
[MONITOR] up=659031s window=10s thermal=not_started imagery=not_started
[MONITOR] up=659041s window=10s thermal=not_started imagery=not_started
[MONITOR] up=659051s window=10s thermal=not_started imagery=not_started
[MONITOR] up=659061s window=10s thermal=not_started imagery=not_started
[MONITOR] up=659071s window=10s thermal=not_started imagery=not_started
[MONITOR] up=659081s window=10s thermal=not_started imagery=not_started
[MONITOR] up=659091s window=10s thermal=not_started imagery=not_started
[MONITOR] up=659101s window=10s thermal=not_started imagery=not_started
[MONITOR] up=659111s window=10s thermal=not_started imagery=not_started
[MONITOR] up=659121s window=10s thermal=not_started imagery=not_started
[MONITOR] up=659131s window=10s thermal=not_started imagery=not_started
[MONITOR] up=659141s window=10s thermal=not_started imagery=not_started
[MONITOR] up=659151s window=10s thermal=not_started imagery=not_started
[MONITOR] up=659161s window=10s thermal=not_started imagery=not_started
[MONITOR] up=659171s window=10s thermal=not_started imagery=not_started
[MONITOR] up=659181s window=10s thermal=not_started imagery=not_started
[MONITOR] up=659191s window=10s thermal=not_started imagery=not_started
[MONITOR] up=659201s window=10s thermal=not_started imagery=not_started
[MONITOR] up=659211s window=10s thermal=not_started imagery=not_started
[MONITOR] up=659221s window=10s thermal=not_started imagery=not_started
[MONITOR] up=659231s window=10s thermal=not_started imagery=not_started
[MONITOR] up=659241s window=10s thermal=not_started imagery=not_started
[MONITOR] up=659251s window=10s thermal=not_started imagery=not_started
[MONITOR] up=659261s window=10s thermal=not_started imagery=not_started
[MONITOR] up=659271s window=10s thermal=not_started imagery=not_started
[MONITOR] up=659281s window=10s thermal=not_started imagery=not_started
[MONITOR] up=659291s window=10s thermal=not_started imagery=not_started
[MONITOR] up=659301s window=10s thermal=not_started imagery=not_started
[MONITOR] up=659311s window=10s thermal=not_started imagery=not_started
[MONITOR] up=659321s window=10s thermal=not_started imagery=not_started
[MONITOR] up=659331s window=10s thermal=not_started imagery=not_started
[MONITOR] up=659341s window=10s thermal=not_started imagery=not_started
[MONITOR] up=659351s window=10s thermal=not_started imagery=not_started
[MONITOR] up=659361s window=10s thermal=not_started imagery=not_started
[MONITOR] up=659371s window=10s thermal=not_started imagery=not_started
[MONITOR] up=659381s window=10s thermal=not_started imagery=not_started
[MONITOR] up=659391s window=10s thermal=not_started imagery=not_started
[MONITOR] up=659401s window=10s thermal=not_started imagery=not_started
[MONITOR] up=659411s window=10s thermal=not_started imagery=not_started
[MONITOR] up=659421s window=10s thermal=not_started imagery=not_started
[MONITOR] up=659431s window=10s thermal=not_started imagery=not_started
[MONITOR] up=659441s window=10s thermal=not_started imagery=not_started
[MONITOR] up=659451s window=10s thermal=not_started imagery=not_started
[MONITOR] up=659461s window=10s thermal=not_started imagery=not_started
[MONITOR] up=659471s window=10s thermal=not_started imagery=not_started
[MONITOR] up=659481s window=10s thermal=not_started imagery=not_started
[MONITOR] up=659491s window=10s thermal=not_started imagery=not_started
[MONITOR] up=659501s window=10s thermal=not_started imagery=not_started
[MONITOR] up=659511s window=10s thermal=not_started imagery=not_started
[MONITOR] up=659521s window=10s thermal=not_started imagery=not_started
[MONITOR] up=659531s window=10s thermal=not_started imagery=not_started
[MONITOR] up=659541s window=10s thermal=not_started imagery=not_started
[MONITOR] up=659551s window=10s thermal=not_started imagery=not_started
[MONITOR] up=659561s window=10s thermal=not_started imagery=not_started
[MONITOR] up=659571s window=10s thermal=not_started imagery=not_started
[MONITOR] up=659581s window=10s thermal=not_started imagery=not_started
[MONITOR] up=659591s window=10s thermal=not_started imagery=not_started
[MONITOR] up=659601s window=10s thermal=not_started imagery=not_started
[MONITOR] up=659611s window=10s thermal=not_started imagery=not_started
[MONITOR] up=659621s window=10s thermal=not_started imagery=not_started
[MONITOR] up=659631s window=10s thermal=not_started imagery=not_started
[MONITOR] up=659641s window=10s thermal=not_started imagery=not_started
[MONITOR] up=659651s window=10s thermal=not_started imagery=not_started
[MONITOR] up=659661s window=10s thermal=not_started imagery=not_started
[MONITOR] up=659671s window=10s thermal=not_started imagery=not_started
[MONITOR] up=659681s window=10s thermal=not_started imagery=not_started
[MONITOR] up=659691s window=10s thermal=not_started imagery=not_started
[MONITOR] up=659701s window=10s thermal=not_started imagery=not_started
[MONITOR] up=659711s window=10s thermal=not_started imagery=not_started
[MONITOR] up=659721s window=10s thermal=not_started imagery=not_started
[MONITOR] up=659731s window=10s thermal=not_started imagery=not_started
[MONITOR] up=659741s window=10s thermal=not_started imagery=not_started
[MONITOR] up=659751s window=10s thermal=not_started imagery=not_started
[MONITOR] up=659761s window=10s thermal=not_started imagery=not_started
[MONITOR] up=659771s window=10s thermal=not_started imagery=not_started
[MONITOR] up=659781s window=10s thermal=not_started imagery=not_started
[MONITOR] up=659791s window=10s thermal=not_started imagery=not_started
[MONITOR] up=659801s window=10s thermal=not_started imagery=not_started
[MONITOR] up=659811s window=10s thermal=not_started imagery=not_started
[MONITOR] up=659821s window=10s thermal=not_started imagery=not_started
[MONITOR] up=659831s window=10s thermal=not_started imagery=not_started
[MONITOR] up=659841s window=10s thermal=not_started imagery=not_started
[MONITOR] up=659851s window=10s thermal=not_started imagery=not_started
[MONITOR] up=659861s window=10s thermal=not_started imagery=not_started
[MONITOR] up=659871s window=10s thermal=not_started imagery=not_started
[MONITOR] up=659881s window=10s thermal=not_started imagery=not_started
[MONITOR] up=659891s window=10s thermal=not_started imagery=not_started
[MONITOR] up=659901s window=10s thermal=not_started imagery=not_started
[MONITOR] up=659911s window=10s thermal=not_started imagery=not_started
[MONITOR] up=659921s window=10s thermal=not_started imagery=not_started
[MONITOR] up=659931s window=10s thermal=not_started imagery=not_started
[MONITOR] up=659941s window=10s thermal=not_started imagery=not_started
[MONITOR] up=659951s window=10s thermal=not_started imagery=not_started
[MONITOR] up=659961s window=10s thermal=not_started imagery=not_started
[MONITOR] up=659971s window=10s thermal=not_started imagery=not_started
[MONITOR] up=659981s window=10s thermal=not_started imagery=not_started
[MONITOR] up=659991s window=10s thermal=not_started imagery=not_started
[MONITOR] up=660001s window=10s thermal=not_started imagery=not_started
[MONITOR] up=660012s window=10s thermal=not_started imagery=not_started
[MONITOR] up=660022s window=10s thermal=not_started imagery=not_started
[MONITOR] up=660032s window=10s thermal=not_started imagery=not_started
[MONITOR] up=660042s window=10s thermal=not_started imagery=not_started
[MONITOR] up=660052s window=10s thermal=not_started imagery=not_started
[MONITOR] up=660062s window=10s thermal=not_started imagery=not_started
[MONITOR] up=660072s window=10s thermal=not_started imagery=not_started
[MONITOR] up=660082s window=10s thermal=not_started imagery=not_started
[MONITOR] up=660092s window=10s thermal=not_started imagery=not_started
[MONITOR] up=660102s window=10s thermal=not_started imagery=not_started
[MONITOR] up=660112s window=10s thermal=not_started imagery=not_started
[MONITOR] up=660122s window=10s thermal=not_started imagery=not_started
[MONITOR] up=660132s window=10s thermal=not_started imagery=not_started
[MONITOR] up=660142s window=10s thermal=not_started imagery=not_started
[MONITOR] up=660152s window=10s thermal=not_started imagery=not_started
[MONITOR] up=660162s window=10s thermal=not_started imagery=not_started
[MONITOR] up=660172s window=10s thermal=not_started imagery=not_started
[MONITOR] up=660182s window=10s thermal=not_started imagery=not_started
[MONITOR] up=660192s window=10s thermal=not_started imagery=not_started
[MONITOR] up=660202s window=10s thermal=not_started imagery=not_started
[MONITOR] up=660212s window=10s thermal=not_started imagery=not_started
[MONITOR] up=660222s window=10s thermal=not_started imagery=not_started
[MONITOR] up=660232s window=10s thermal=not_started imagery=not_started
[MONITOR] up=660242s window=10s thermal=not_started imagery=not_started
[MONITOR] up=660252s window=10s thermal=not_started imagery=not_started
[MONITOR] up=660262s window=10s thermal=not_started imagery=not_started
[MONITOR] up=660272s window=10s thermal=not_started imagery=not_started
[MONITOR] up=660282s window=10s thermal=not_started imagery=not_started
[MONITOR] up=660292s window=10s thermal=not_started imagery=not_started
[MONITOR] up=660302s window=10s thermal=not_started imagery=not_started
[MONITOR] up=660312s window=10s thermal=not_started imagery=not_started
[MONITOR] up=660322s window=10s thermal=not_started imagery=not_started
[MONITOR] up=660332s window=10s thermal=not_started imagery=not_started
[MONITOR] up=660342s window=10s thermal=not_started imagery=not_started
[MONITOR] up=660352s window=10s thermal=not_started imagery=not_started
[MONITOR] up=660362s window=10s thermal=not_started imagery=not_started
[MONITOR] up=660372s window=10s thermal=not_started imagery=not_started
[MONITOR] up=660382s window=10s thermal=not_started imagery=not_started
[MONITOR] up=660392s window=10s thermal=not_started imagery=not_started
[MONITOR] up=660402s window=10s thermal=not_started imagery=not_started
[MONITOR] up=660412s window=10s thermal=not_started imagery=not_started
[MONITOR] up=660422s window=10s thermal=not_started imagery=not_started
[MONITOR] up=660432s window=10s thermal=not_started imagery=not_started
[MONITOR] up=660442s window=10s thermal=not_started imagery=not_started
[MONITOR] up=660452s window=10s thermal=not_started imagery=not_started
[MONITOR] up=660462s window=10s thermal=not_started imagery=not_started
[MONITOR] up=660472s window=10s thermal=not_started imagery=not_started
[MONITOR] up=660482s window=10s thermal=not_started imagery=not_started
[MONITOR] up=660492s window=10s thermal=not_started imagery=not_started
[MONITOR] up=660502s window=10s thermal=not_started imagery=not_started
[MONITOR] up=660512s window=10s thermal=not_started imagery=not_started
[MONITOR] up=660522s window=10s thermal=not_started imagery=not_started
[MONITOR] up=660532s window=10s thermal=not_started imagery=not_started
[MONITOR] up=660542s window=10s thermal=not_started imagery=not_started
[MONITOR] up=660552s window=10s thermal=not_started imagery=not_started
[MONITOR] up=660562s window=10s thermal=not_started imagery=not_started
[MONITOR] up=660572s window=10s thermal=not_started imagery=not_started
[MONITOR] up=660582s window=10s thermal=not_started imagery=not_started
[MONITOR] up=660592s window=10s thermal=not_started imagery=not_started
[MONITOR] up=660602s window=10s thermal=not_started imagery=not_started
[MONITOR] up=660612s window=10s thermal=not_started imagery=not_started
[MONITOR] up=660622s window=10s thermal=not_started imagery=not_started
[MONITOR] up=660632s window=10s thermal=not_started imagery=not_started
[MONITOR] up=660642s window=10s thermal=not_started imagery=not_started
[MONITOR] up=660652s window=10s thermal=not_started imagery=not_started
[MONITOR] up=660662s window=10s thermal=not_started imagery=not_started
[MONITOR] up=660672s window=10s thermal=not_started imagery=not_started
[MONITOR] up=660682s window=10s thermal=not_started imagery=not_started
[MONITOR] up=660692s window=10s thermal=not_started imagery=not_started
[MONITOR] up=660702s window=10s thermal=not_started imagery=not_started
[MONITOR] up=660712s window=10s thermal=not_started imagery=not_started
[MONITOR] up=660722s window=10s thermal=not_started imagery=not_started
[MONITOR] up=660732s window=10s thermal=not_started imagery=not_started
[MONITOR] up=660742s window=10s thermal=not_started imagery=not_started
[MONITOR] up=660752s window=10s thermal=not_started imagery=not_started
[MONITOR] up=660762s window=10s thermal=not_started imagery=not_started
[MONITOR] up=660772s window=10s thermal=not_started imagery=not_started
[MONITOR] up=660782s window=10s thermal=not_started imagery=not_started
[MONITOR] up=660792s window=10s thermal=not_started imagery=not_started
[MONITOR] up=660802s window=10s thermal=not_started imagery=not_started
[MONITOR] up=660812s window=10s thermal=not_started imagery=not_started
[MONITOR] up=660822s window=10s thermal=not_started imagery=not_started
[MONITOR] up=660832s window=10s thermal=not_started imagery=not_started
[MONITOR] up=660842s window=10s thermal=not_started imagery=not_started
[MONITOR] up=660852s window=10s thermal=not_started imagery=not_started
[MONITOR] up=660862s window=10s thermal=not_started imagery=not_started
[MONITOR] up=660872s window=10s thermal=not_started imagery=not_started
[MONITOR] up=660882s window=10s thermal=not_started imagery=not_started
[MONITOR] up=660892s window=10s thermal=not_started imagery=not_started
[MONITOR] up=660902s window=10s thermal=not_started imagery=not_started
[MONITOR] up=660912s window=10s thermal=not_started imagery=not_started
[MONITOR] up=660922s window=10s thermal=not_started imagery=not_started
[MONITOR] up=660932s window=10s thermal=not_started imagery=not_started
[MONITOR] up=660942s window=10s thermal=not_started imagery=not_started
[MONITOR] up=660952s window=10s thermal=not_started imagery=not_started
[MONITOR] up=660962s window=10s thermal=not_started imagery=not_started
[MONITOR] up=660972s window=10s thermal=not_started imagery=not_started
[MONITOR] up=660982s window=10s thermal=not_started imagery=not_started
[MONITOR] up=660992s window=10s thermal=not_started imagery=not_started
[MONITOR] up=661002s window=10s thermal=not_started imagery=not_started
[MONITOR] up=661012s window=10s thermal=not_started imagery=not_started
[MONITOR] up=661022s window=10s thermal=not_started imagery=not_started
[MONITOR] up=661032s window=10s thermal=not_started imagery=not_started
[MONITOR] up=661042s window=10s thermal=not_started imagery=not_started
[MONITOR] up=661052s window=10s thermal=not_started imagery=not_started
[MONITOR] up=661062s window=10s thermal=not_started imagery=not_started
[MONITOR] up=661072s window=10s thermal=not_started imagery=not_started
[MONITOR] up=661082s window=10s thermal=not_started imagery=not_started
[MONITOR] up=661092s window=10s thermal=not_started imagery=not_started
[MONITOR] up=661102s window=10s thermal=not_started imagery=not_started
[MONITOR] up=661112s window=10s thermal=not_started imagery=not_started
[MONITOR] up=661122s window=10s thermal=not_started imagery=not_started
[MONITOR] up=661132s window=10s thermal=not_started imagery=not_started
[MONITOR] up=661142s window=10s thermal=not_started imagery=not_started
[MONITOR] up=661152s window=10s thermal=not_started imagery=not_started
[MONITOR] up=661162s window=10s thermal=not_started imagery=not_started
[MONITOR] up=661172s window=10s thermal=not_started imagery=not_started
[MONITOR] up=661182s window=10s thermal=not_started imagery=not_started
[MONITOR] up=661192s window=10s thermal=not_started imagery=not_started
[MONITOR] up=661202s window=10s thermal=not_started imagery=not_started
[MONITOR] up=661212s window=10s thermal=not_started imagery=not_started
[MONITOR] up=661222s window=10s thermal=not_started imagery=not_started
[MONITOR] up=661232s window=10s thermal=not_started imagery=not_started
[MONITOR] up=661242s window=10s thermal=not_started imagery=not_started
[MONITOR] up=661252s window=10s thermal=not_started imagery=not_started
[MONITOR] up=661262s window=10s thermal=not_started imagery=not_started
[MONITOR] up=661272s window=10s thermal=not_started imagery=not_started
[MONITOR] up=661282s window=10s thermal=not_started imagery=not_started
[MONITOR] up=661292s window=10s thermal=not_started imagery=not_started
[MONITOR] up=661302s window=10s thermal=not_started imagery=not_started
[MONITOR] up=661312s window=10s thermal=not_started imagery=not_started
[MONITOR] up=661322s window=10s thermal=not_started imagery=not_started
[MONITOR] up=661332s window=10s thermal=not_started imagery=not_started
[MONITOR] up=661342s window=10s thermal=not_started imagery=not_started
[MONITOR] up=661352s window=10s thermal=not_started imagery=not_started
[MONITOR] up=661362s window=10s thermal=not_started imagery=not_started
[MONITOR] up=661372s window=10s thermal=not_started imagery=not_started
[MONITOR] up=661382s window=10s thermal=not_started imagery=not_started
[MONITOR] up=661392s window=10s thermal=not_started imagery=not_started
[MONITOR] up=661402s window=10s thermal=not_started imagery=not_started
[MONITOR] up=661412s window=10s thermal=not_started imagery=not_started
[MONITOR] up=661422s window=10s thermal=not_started imagery=not_started
[MONITOR] up=661432s window=10s thermal=not_started imagery=not_started
[MONITOR] up=661442s window=10s thermal=not_started imagery=not_started
[MONITOR] up=661452s window=10s thermal=not_started imagery=not_started
[MONITOR] up=661462s window=10s thermal=not_started imagery=not_started
[MONITOR] up=661472s window=10s thermal=not_started imagery=not_started
[MONITOR] up=661482s window=10s thermal=not_started imagery=not_started
[MONITOR] up=661492s window=10s thermal=not_started imagery=not_started
